"UniqueID","POSIX.time","t_s","CO2dry_ppm","CH4dry_ppb","H2O_ppm","flag"
"emission_stem_semirigid","2000-01-01 00:55:00.000",-300,575.693,2063.52,9804.7,0
"emission_stem_semirigid","2000-01-01 00:55:01.000",-299,576.069,2063.29,10111.8,0
"emission_stem_semirigid","2000-01-01 00:55:02.000",-298,578.469,2069.89,10214.4,0
"emission_stem_semirigid","2000-01-01 00:55:03.000",-297,577.265,2066.43,10277.2,0
"emission_stem_semirigid","2000-01-01 00:55:04.000",-296,578.275,2062.53,10037.3,0
"emission_stem_semirigid","2000-01-01 00:55:05.000",-295,579.933,2062.29,10232.6,0
"emission_stem_semirigid","2000-01-01 00:55:06.000",-294,580.744,2064.9,9926.6,0
"emission_stem_semirigid","2000-01-01 00:55:07.000",-293,581.997,2065.97,9954,0
"emission_stem_semirigid","2000-01-01 00:55:08.000",-292,583.333,2063.05,10064.3,0
"emission_stem_semirigid","2000-01-01 00:55:09.000",-291,583.337,2064.15,9893.1,0
"emission_stem_semirigid","2000-01-01 00:55:10.000",-290,586.902,2066.37,9985.1,0
"emission_stem_semirigid","2000-01-01 00:55:11.000",-289,587.198,2067.16,10022.6,0
"emission_stem_semirigid","2000-01-01 00:55:12.000",-288,588.378,2066.59,9882.6,0
"emission_stem_semirigid","2000-01-01 00:55:13.000",-287,590.529,2063.59,10059.3,0
"emission_stem_semirigid","2000-01-01 00:55:14.000",-286,590.31,2065.75,9937.1,0
"emission_stem_semirigid","2000-01-01 00:55:15.000",-285,590.333,2066.09,9798.2,0
"emission_stem_semirigid","2000-01-01 00:55:16.000",-284,592.545,2063.15,9773.5,0
"emission_stem_semirigid","2000-01-01 00:55:17.000",-283,594.101,2068.49,9936.1,0
"emission_stem_semirigid","2000-01-01 00:55:18.000",-282,594.069,2066.2,9934.2,0
"emission_stem_semirigid","2000-01-01 00:55:19.000",-281,593.485,2063.11,9991.5,0
"emission_stem_semirigid","2000-01-01 00:55:20.000",-280,597.144,2063.42,9870.9,0
"emission_stem_semirigid","2000-01-01 00:55:21.000",-279,599.033,2061.91,9792,0
"emission_stem_semirigid","2000-01-01 00:55:22.000",-278,598.674,2067.32,9711.7,0
"emission_stem_semirigid","2000-01-01 00:55:23.000",-277,599.064,2066.31,9962.7,0
"emission_stem_semirigid","2000-01-01 00:55:24.000",-276,600.35,2067.15,9936.1,0
"emission_stem_semirigid","2000-01-01 00:55:25.000",-275,602.145,2066.53,9719.1,0
"emission_stem_semirigid","2000-01-01 00:55:26.000",-274,602.723,2066.94,9784.3,0
"emission_stem_semirigid","2000-01-01 00:55:27.000",-273,603.095,2069.55,9775.1,0
"emission_stem_semirigid","2000-01-01 00:55:28.000",-272,603.625,2067.49,9977.3,0
"emission_stem_semirigid","2000-01-01 00:55:29.000",-271,604.045,2068.8,9956.1,0
"emission_stem_semirigid","2000-01-01 00:55:30.000",-270,605.434,2064.93,9802.8,0
"emission_stem_semirigid","2000-01-01 00:55:31.000",-269,606.919,2061.78,9879.4,0
"emission_stem_semirigid","2000-01-01 00:55:32.000",-268,607.917,2065.87,9926.7,0
"emission_stem_semirigid","2000-01-01 00:55:33.000",-267,609.074,2069.67,10122,0
"emission_stem_semirigid","2000-01-01 00:55:34.000",-266,607.71,2068.89,9934.3,0
"emission_stem_semirigid","2000-01-01 00:55:35.000",-265,609.863,2070.21,9946,0
"emission_stem_semirigid","2000-01-01 00:55:36.000",-264,609.605,2066.73,9725,0
"emission_stem_semirigid","2000-01-01 00:55:37.000",-263,611.848,2066.98,9929.7,0
"emission_stem_semirigid","2000-01-01 00:55:38.000",-262,611.613,2070.6,9891.9,0
"emission_stem_semirigid","2000-01-01 00:55:39.000",-261,613.58,2066.87,10111,0
"emission_stem_semirigid","2000-01-01 00:55:40.000",-260,616.067,2066.63,10084.5,0
"emission_stem_semirigid","2000-01-01 00:55:41.000",-259,614.821,2072.14,10067.2,0
"emission_stem_semirigid","2000-01-01 00:55:42.000",-258,616.643,2069.62,10257,0
"emission_stem_semirigid","2000-01-01 00:55:43.000",-257,616.287,2064.67,10097.8,0
"emission_stem_semirigid","2000-01-01 00:55:44.000",-256,617.407,2068.17,10170.6,0
"emission_stem_semirigid","2000-01-01 00:55:45.000",-255,617.883,2063.94,10098.7,0
"emission_stem_semirigid","2000-01-01 00:55:46.000",-254,618.729,2064.09,10125.3,0
"emission_stem_semirigid","2000-01-01 00:55:47.000",-253,620.621,2060.79,10004,0
"emission_stem_semirigid","2000-01-01 00:55:48.000",-252,621.281,2067.38,9955.7,0
"emission_stem_semirigid","2000-01-01 00:55:49.000",-251,622.901,2066.41,10136,0
"emission_stem_semirigid","2000-01-01 00:55:50.000",-250,622.751,2070.66,10074.6,0
"emission_stem_semirigid","2000-01-01 00:55:51.000",-249,623.467,2064.2,10151.4,0
"emission_stem_semirigid","2000-01-01 00:55:52.000",-248,623.648,2066.64,10142.6,0
"emission_stem_semirigid","2000-01-01 00:55:53.000",-247,625.655,2071.26,10199.6,0
"emission_stem_semirigid","2000-01-01 00:55:54.000",-246,626.422,2063.48,10263.4,0
"emission_stem_semirigid","2000-01-01 00:55:55.000",-245,627.711,2066.01,10244.5,0
"emission_stem_semirigid","2000-01-01 00:55:56.000",-244,628.154,2068.46,10191.7,0
"emission_stem_semirigid","2000-01-01 00:55:57.000",-243,628.793,2067.21,10150.5,0
"emission_stem_semirigid","2000-01-01 00:55:58.000",-242,630.581,2069.6,10236.2,0
"emission_stem_semirigid","2000-01-01 00:55:59.000",-241,630.652,2067.69,10239.4,0
"emission_stem_semirigid","2000-01-01 00:56:00.000",-240,631.841,2065.73,10162.2,0
"emission_stem_semirigid","2000-01-01 00:56:01.000",-239,634.117,2068.14,10174,0
"emission_stem_semirigid","2000-01-01 00:56:02.000",-238,633.827,2065.21,10058.9,0
"emission_stem_semirigid","2000-01-01 00:56:03.000",-237,637.098,2069.47,10149.4,0
"emission_stem_semirigid","2000-01-01 00:56:04.000",-236,637.324,2068.49,10212.1,0
"emission_stem_semirigid","2000-01-01 00:56:05.000",-235,638.012,2067.38,10155.6,0
"emission_stem_semirigid","2000-01-01 00:56:06.000",-234,638.3,2069.22,10051,0
"emission_stem_semirigid","2000-01-01 00:56:07.000",-233,641.072,2062.92,10054.5,0
"emission_stem_semirigid","2000-01-01 00:56:08.000",-232,641.564,2070.26,10144.8,0
"emission_stem_semirigid","2000-01-01 00:56:09.000",-231,643.924,2070.25,10148.8,0
"emission_stem_semirigid","2000-01-01 00:56:10.000",-230,644.86,2071.6,10188,0
"emission_stem_semirigid","2000-01-01 00:56:11.000",-229,646.207,2068.81,10045.6,0
"emission_stem_semirigid","2000-01-01 00:56:12.000",-228,645.946,2066.37,9947.4,0
"emission_stem_semirigid","2000-01-01 00:56:13.000",-227,648.81,2069.27,10009.1,0
"emission_stem_semirigid","2000-01-01 00:56:14.000",-226,651.479,2066.84,9954.2,0
"emission_stem_semirigid","2000-01-01 00:56:15.000",-225,651.269,2066.58,9769.2,0
"emission_stem_semirigid","2000-01-01 00:56:16.000",-224,652.787,2065.23,9938.3,0
"emission_stem_semirigid","2000-01-01 00:56:17.000",-223,653.011,2066.86,10000.9,0
"emission_stem_semirigid","2000-01-01 00:56:18.000",-222,655.511,2064.8,10129.3,0
"emission_stem_semirigid","2000-01-01 00:56:19.000",-221,655.32,2067.58,10048.7,0
"emission_stem_semirigid","2000-01-01 00:56:20.000",-220,655.435,2066.43,9942.8,0
"emission_stem_semirigid","2000-01-01 00:56:21.000",-219,654.855,2069.62,10077.5,0
"emission_stem_semirigid","2000-01-01 00:56:22.000",-218,653.277,2069.99,9845.2,0
"emission_stem_semirigid","2000-01-01 00:56:23.000",-217,652.869,2066.51,9741.4,0
"emission_stem_semirigid","2000-01-01 00:56:24.000",-216,650.133,2068.14,9773.3,0
"emission_stem_semirigid","2000-01-01 00:56:25.000",-215,650.255,2067.97,9922.8,0
"emission_stem_semirigid","2000-01-01 00:56:26.000",-214,647.583,2064.42,9890.9,0
"emission_stem_semirigid","2000-01-01 00:56:27.000",-213,645.833,2066.93,9934.1,0
"emission_stem_semirigid","2000-01-01 00:56:28.000",-212,642.334,2067.79,9844.4,0
"emission_stem_semirigid","2000-01-01 00:56:29.000",-211,642.782,2068.72,10001.8,0
"emission_stem_semirigid","2000-01-01 00:56:30.000",-210,642.893,2068.63,9977.1,0
"emission_stem_semirigid","2000-01-01 00:56:31.000",-209,641.807,2069.23,9926.9,0
"emission_stem_semirigid","2000-01-01 00:56:32.000",-208,641.315,2069.21,9913.7,0
"emission_stem_semirigid","2000-01-01 00:56:33.000",-207,642.561,2064.86,9979.9,0
"emission_stem_semirigid","2000-01-01 00:56:34.000",-206,643.024,2066.11,9915.8,0
"emission_stem_semirigid","2000-01-01 00:56:35.000",-205,645.961,2067.6,9896.8,0
"emission_stem_semirigid","2000-01-01 00:56:36.000",-204,647.263,2070.02,9818.5,0
"emission_stem_semirigid","2000-01-01 00:56:37.000",-203,649.653,2072.15,9867.5,0
"emission_stem_semirigid","2000-01-01 00:56:38.000",-202,653.356,2071.65,9936.9,0
"emission_stem_semirigid","2000-01-01 00:56:39.000",-201,655.451,2070.51,10049.8,0
"emission_stem_semirigid","2000-01-01 00:56:40.000",-200,654.646,2070.73,9929.1,0
"emission_stem_semirigid","2000-01-01 00:56:41.000",-199,647.944,2068.27,9881.9,0
"emission_stem_semirigid","2000-01-01 00:56:42.000",-198,638.216,2071.03,10000.6,0
"emission_stem_semirigid","2000-01-01 00:56:43.000",-197,624.276,2071.89,9928.1,0
"emission_stem_semirigid","2000-01-01 00:56:44.000",-196,607.233,2069.21,9894.8,0
"emission_stem_semirigid","2000-01-01 00:56:45.000",-195,590.925,2066.82,10038.7,0
"emission_stem_semirigid","2000-01-01 00:56:46.000",-194,575.272,2073.55,10061.5,0
"emission_stem_semirigid","2000-01-01 00:56:47.000",-193,558.575,2068.9,9971.1,0
"emission_stem_semirigid","2000-01-01 00:56:48.000",-192,543.921,2068.06,10089.2,0
"emission_stem_semirigid","2000-01-01 00:56:49.000",-191,529.059,2070.19,9988.9,0
"emission_stem_semirigid","2000-01-01 00:56:50.000",-190,517.52,2069.77,9982,0
"emission_stem_semirigid","2000-01-01 00:56:51.000",-189,507.103,2070.62,10159,0
"emission_stem_semirigid","2000-01-01 00:56:52.000",-188,500.152,2071.79,10060.6,0
"emission_stem_semirigid","2000-01-01 00:56:53.000",-187,492.158,2067.75,9989.3,0
"emission_stem_semirigid","2000-01-01 00:56:54.000",-186,489.144,2068.54,10049.1,0
"emission_stem_semirigid","2000-01-01 00:56:55.000",-185,486.458,2068.15,10219.2,0
"emission_stem_semirigid","2000-01-01 00:56:56.000",-184,484.684,2071.63,10002.6,0
"emission_stem_semirigid","2000-01-01 00:56:57.000",-183,482.206,2069.55,10104.1,0
"emission_stem_semirigid","2000-01-01 00:56:58.000",-182,479.186,2076.1,10073.1,0
"emission_stem_semirigid","2000-01-01 00:56:59.000",-181,476.941,2076.87,9992.6,0
"emission_stem_semirigid","2000-01-01 00:57:00.000",-180,474.885,2071.56,10199.3,0
"emission_stem_semirigid","2000-01-01 00:57:01.000",-179,472.427,2072.25,10065.5,0
"emission_stem_semirigid","2000-01-01 00:57:02.000",-178,471.453,2072.88,9978.8,0
"emission_stem_semirigid","2000-01-01 00:57:03.000",-177,468.931,2068.92,9964.6,0
"emission_stem_semirigid","2000-01-01 00:57:04.000",-176,468.608,2068.46,9991,0
"emission_stem_semirigid","2000-01-01 00:57:05.000",-175,468.985,2068.33,9992.4,0
"emission_stem_semirigid","2000-01-01 00:57:06.000",-174,465.951,2069.51,9947.7,0
"emission_stem_semirigid","2000-01-01 00:57:07.000",-173,466.603,2069.11,9938.4,0
"emission_stem_semirigid","2000-01-01 00:57:08.000",-172,467.161,2070.28,10185,0
"emission_stem_semirigid","2000-01-01 00:57:09.000",-171,464.906,2068.34,10214.7,0
"emission_stem_semirigid","2000-01-01 00:57:10.000",-170,466.38,2069.98,10063.2,0
"emission_stem_semirigid","2000-01-01 00:57:11.000",-169,465.225,2072.18,9987,0
"emission_stem_semirigid","2000-01-01 00:57:12.000",-168,464.902,2068.31,10288.1,0
"emission_stem_semirigid","2000-01-01 00:57:13.000",-167,464.153,2070.78,10162.4,0
"emission_stem_semirigid","2000-01-01 00:57:14.000",-166,464.556,2073.47,10238.8,0
"emission_stem_semirigid","2000-01-01 00:57:15.000",-165,462.976,2073.82,10101.3,0
"emission_stem_semirigid","2000-01-01 00:57:16.000",-164,463.65,2068.71,10087,0
"emission_stem_semirigid","2000-01-01 00:57:17.000",-163,463.193,2070.45,9965.5,0
"emission_stem_semirigid","2000-01-01 00:57:18.000",-162,460.933,2068.3,10024.3,0
"emission_stem_semirigid","2000-01-01 00:57:19.000",-161,459.24,2071.23,10134.7,0
"emission_stem_semirigid","2000-01-01 00:57:20.000",-160,458.596,2076.39,9991.3,0
"emission_stem_semirigid","2000-01-01 00:57:21.000",-159,458.798,2070.86,9951,0
"emission_stem_semirigid","2000-01-01 00:57:22.000",-158,457.385,2071.89,9991.8,0
"emission_stem_semirigid","2000-01-01 00:57:23.000",-157,457.866,2071.03,10101.9,0
"emission_stem_semirigid","2000-01-01 00:57:24.000",-156,457.433,2071.82,10028.9,0
"emission_stem_semirigid","2000-01-01 00:57:25.000",-155,458.203,2072.44,9972.4,0
"emission_stem_semirigid","2000-01-01 00:57:26.000",-154,458.964,2069.71,10122.6,0
"emission_stem_semirigid","2000-01-01 00:57:27.000",-153,460.565,2067.53,9869,0
"emission_stem_semirigid","2000-01-01 00:57:28.000",-152,463.398,2072.37,9962.8,0
"emission_stem_semirigid","2000-01-01 00:57:29.000",-151,464.274,2070.38,9972.1,0
"emission_stem_semirigid","2000-01-01 00:57:30.000",-150,467.024,2068.04,9734.7,0
"emission_stem_semirigid","2000-01-01 00:57:31.000",-149,469.991,2065.34,9993.9,0
"emission_stem_semirigid","2000-01-01 00:57:32.000",-148,471.225,2069.05,9814.2,0
"emission_stem_semirigid","2000-01-01 00:57:33.000",-147,471.174,2066.64,9852,0
"emission_stem_semirigid","2000-01-01 00:57:34.000",-146,469.344,2068.64,9910.2,0
"emission_stem_semirigid","2000-01-01 00:57:35.000",-145,469.754,2069.76,9800.1,0
"emission_stem_semirigid","2000-01-01 00:57:36.000",-144,467.828,2069.44,10011.7,0
"emission_stem_semirigid","2000-01-01 00:57:37.000",-143,466.436,2068.25,9887.6,0
"emission_stem_semirigid","2000-01-01 00:57:38.000",-142,465.104,2068.18,9882.4,0
"emission_stem_semirigid","2000-01-01 00:57:39.000",-141,460.659,2069.62,10052.9,0
"emission_stem_semirigid","2000-01-01 00:57:40.000",-140,455.874,2069.51,9810.3,0
"emission_stem_semirigid","2000-01-01 00:57:40.000",-140,451.248,2071.8,9873.4,0
"emission_stem_semirigid","2000-01-01 00:57:41.000",-139,449.366,2068.6,10092.6,0
"emission_stem_semirigid","2000-01-01 00:57:42.000",-138,447.264,2069,9884,0
"emission_stem_semirigid","2000-01-01 00:57:43.000",-137,444.947,2069.8,9870,0
"emission_stem_semirigid","2000-01-01 00:57:44.000",-136,444.872,2066.4,9995.8,0
"emission_stem_semirigid","2000-01-01 00:57:45.000",-135,443.246,2070.75,9970.4,0
"emission_stem_semirigid","2000-01-01 00:57:46.000",-134,441.813,2072.36,10005.9,0
"emission_stem_semirigid","2000-01-01 00:57:47.000",-133,444.71,2071.11,9993.6,0
"emission_stem_semirigid","2000-01-01 00:57:48.000",-132,443.897,2068.01,9976.7,0
"emission_stem_semirigid","2000-01-01 00:57:49.000",-131,443.91,2068.61,9933.4,0
"emission_stem_semirigid","2000-01-01 00:57:50.000",-130,443.727,2066.81,9960.4,0
"emission_stem_semirigid","2000-01-01 00:57:51.000",-129,441.941,2071.35,9944.8,0
"emission_stem_semirigid","2000-01-01 00:57:52.000",-128,440.215,2070.44,9946.4,0
"emission_stem_semirigid","2000-01-01 00:57:53.000",-127,437.599,2066.83,9905,0
"emission_stem_semirigid","2000-01-01 00:57:54.000",-126,435.4,2068.86,9992.5,0
"emission_stem_semirigid","2000-01-01 00:57:55.000",-125,434.193,2069.72,10102.5,0
"emission_stem_semirigid","2000-01-01 00:57:56.000",-124,432.954,2065.78,10026.9,0
"emission_stem_semirigid","2000-01-01 00:57:57.000",-123,429.916,2067.71,10073.8,0
"emission_stem_semirigid","2000-01-01 00:57:58.000",-122,427.714,2067.76,10243.6,0
"emission_stem_semirigid","2000-01-01 00:57:59.000",-121,425.606,2070.12,10148.3,0
"emission_stem_semirigid","2000-01-01 00:58:00.000",-120,423.155,2068.44,10145.5,0
"emission_stem_semirigid","2000-01-01 00:58:01.000",-119,421.259,2068.06,10019.2,0
"emission_stem_semirigid","2000-01-01 00:58:02.000",-118,420.261,2069.82,10308.6,0
"emission_stem_semirigid","2000-01-01 00:58:03.000",-117,421.717,2071.05,10033.5,0
"emission_stem_semirigid","2000-01-01 00:58:04.000",-116,419.297,2067.05,10204.9,0
"emission_stem_semirigid","2000-01-01 00:58:05.000",-115,418.973,2063.64,10345.2,0
"emission_stem_semirigid","2000-01-01 00:58:06.000",-114,417.105,2069.39,10213.8,0
"emission_stem_semirigid","2000-01-01 00:58:07.000",-113,417.762,2063.04,10160.8,0
"emission_stem_semirigid","2000-01-01 00:58:08.000",-112,417.695,2071.89,10142,0
"emission_stem_semirigid","2000-01-01 00:58:09.000",-111,418.28,2066.45,10263.2,0
"emission_stem_semirigid","2000-01-01 00:58:10.000",-110,417.304,2069.03,10300.6,0
"emission_stem_semirigid","2000-01-01 00:58:11.000",-109,418.635,2066.87,10184.4,0
"emission_stem_semirigid","2000-01-01 00:58:12.000",-108,417.216,2069.27,10367.2,0
"emission_stem_semirigid","2000-01-01 00:58:13.000",-107,419.908,2065.18,10415.2,0
"emission_stem_semirigid","2000-01-01 00:58:14.000",-106,419.601,2065.66,10255.1,0
"emission_stem_semirigid","2000-01-01 00:58:15.000",-105,420.753,2067.84,10141.2,0
"emission_stem_semirigid","2000-01-01 00:58:16.000",-104,422.894,2069.37,10217.6,0
"emission_stem_semirigid","2000-01-01 00:58:17.000",-103,421.564,2068.01,10122.5,0
"emission_stem_semirigid","2000-01-01 00:58:18.000",-102,421.132,2067.44,10462.7,0
"emission_stem_semirigid","2000-01-01 00:58:19.000",-101,422.48,2060.49,10305.1,0
"emission_stem_semirigid","2000-01-01 00:58:20.000",-100,423.853,2063.46,10334,0
"emission_stem_semirigid","2000-01-01 00:58:21.000",-99,424.128,2067.13,10372.2,0
"emission_stem_semirigid","2000-01-01 00:58:22.000",-98,423.785,2068.59,10209,0
"emission_stem_semirigid","2000-01-01 00:58:23.000",-97,423.698,2064.55,10017.5,0
"emission_stem_semirigid","2000-01-01 00:58:24.000",-96,423.942,2068.15,10197.6,0
"emission_stem_semirigid","2000-01-01 00:58:25.000",-95,425.047,2062.88,10112.4,0
"emission_stem_semirigid","2000-01-01 00:58:26.000",-94,424.251,2063.49,10305.1,0
"emission_stem_semirigid","2000-01-01 00:58:27.000",-93,423.689,2063.84,9997.6,0
"emission_stem_semirigid","2000-01-01 00:58:28.000",-92,424.325,2067.33,9986.8,0
"emission_stem_semirigid","2000-01-01 00:58:29.000",-91,422.886,2065.98,10125.1,0
"emission_stem_semirigid","2000-01-01 00:58:30.000",-90,425.296,2066.56,10040,0
"emission_stem_semirigid","2000-01-01 00:58:31.000",-89,425.533,2062.39,10161.6,0
"emission_stem_semirigid","2000-01-01 00:58:32.000",-88,425.519,2064.8,10150.9,0
"emission_stem_semirigid","2000-01-01 00:58:33.000",-87,425.838,2066.96,10102,0
"emission_stem_semirigid","2000-01-01 00:58:34.000",-86,427.073,2065.9,10115.2,0
"emission_stem_semirigid","2000-01-01 00:58:35.000",-85,428.226,2062.82,10094,0
"emission_stem_semirigid","2000-01-01 00:58:36.000",-84,429.824,2067.88,10226.8,0
"emission_stem_semirigid","2000-01-01 00:58:37.000",-83,425.657,2069.36,10022.5,0
"emission_stem_semirigid","2000-01-01 00:58:38.000",-82,420.151,2063.9,9945.8,0
"emission_stem_semirigid","2000-01-01 00:58:39.000",-81,414.911,2068.37,10054.7,0
"emission_stem_semirigid","2000-01-01 00:58:40.000",-80,412.179,2068.05,9902.8,0
"emission_stem_semirigid","2000-01-01 00:58:41.000",-79,409.586,2067.56,9867.4,0
"emission_stem_semirigid","2000-01-01 00:58:42.000",-78,406.312,2066.14,9856,0
"emission_stem_semirigid","2000-01-01 00:58:43.000",-77,407.625,2070.23,9682.8,0
"emission_stem_semirigid","2000-01-01 00:58:44.000",-76,406.226,2068.92,9729.2,0
"emission_stem_semirigid","2000-01-01 00:58:45.000",-75,404.737,2071.15,9700.9,0
"emission_stem_semirigid","2000-01-01 00:58:46.000",-74,402.338,2070.68,9645.8,0
"emission_stem_semirigid","2000-01-01 00:58:47.000",-73,404.648,2065.72,9603.4,0
"emission_stem_semirigid","2000-01-01 00:58:48.000",-72,403.433,2066.64,9502,0
"emission_stem_semirigid","2000-01-01 00:58:49.000",-71,403.186,2066.75,9527.4,0
"emission_stem_semirigid","2000-01-01 00:58:50.000",-70,402.847,2070.82,9379.4,0
"emission_stem_semirigid","2000-01-01 00:58:51.000",-69,404.526,2067.94,9413.1,0
"emission_stem_semirigid","2000-01-01 00:58:52.000",-68,403.447,2070.95,9538.1,0
"emission_stem_semirigid","2000-01-01 00:58:53.000",-67,402.78,2072.92,9391.2,0
"emission_stem_semirigid","2000-01-01 00:58:54.000",-66,403.053,2071.77,9319.5,0
"emission_stem_semirigid","2000-01-01 00:58:55.000",-65,403.64,2070.54,9196.5,0
"emission_stem_semirigid","2000-01-01 00:58:56.000",-64,404.793,2071.76,9340.2,0
"emission_stem_semirigid","2000-01-01 00:58:57.000",-63,405.465,2067.01,9530,0
"emission_stem_semirigid","2000-01-01 00:58:58.000",-62,406.601,2065.54,9453.5,0
"emission_stem_semirigid","2000-01-01 00:58:59.000",-61,407.425,2073.84,9491.6,0
"emission_stem_semirigid","2000-01-01 00:59:00.000",-60,409.058,2066.58,9555,0
"emission_stem_semirigid","2000-01-01 00:59:01.000",-59,408.246,2073.77,9642.6,0
"emission_stem_semirigid","2000-01-01 00:59:02.000",-58,407.517,2064.72,9574.3,0
"emission_stem_semirigid","2000-01-01 00:59:03.000",-57,406.461,2069.29,9540.3,0
"emission_stem_semirigid","2000-01-01 00:59:04.000",-56,406.319,2066,9628.7,0
"emission_stem_semirigid","2000-01-01 00:59:05.000",-55,407.038,2064.63,9763.8,0
"emission_stem_semirigid","2000-01-01 00:59:06.000",-54,406.655,2068.43,9632.7,0
"emission_stem_semirigid","2000-01-01 00:59:07.000",-53,404.313,2060.99,9299,0
"emission_stem_semirigid","2000-01-01 00:59:08.000",-52,405.019,2066.91,9333.8,0
"emission_stem_semirigid","2000-01-01 00:59:09.000",-51,404.687,2066.92,9656.4,0
"emission_stem_semirigid","2000-01-01 00:59:10.000",-50,405.08,2066.21,9594.5,0
"emission_stem_semirigid","2000-01-01 00:59:11.000",-49,405.15,2072.51,9616.5,0
"emission_stem_semirigid","2000-01-01 00:59:12.000",-48,402.686,2067.79,9523.6,0
"emission_stem_semirigid","2000-01-01 00:59:13.000",-47,403.119,2069.15,9559.7,0
"emission_stem_semirigid","2000-01-01 00:59:14.000",-46,403.268,2071.9,9571.7,0
"emission_stem_semirigid","2000-01-01 00:59:15.000",-45,401.571,2067.93,9422.5,0
"emission_stem_semirigid","2000-01-01 00:59:16.000",-44,402.252,2065.26,9342.7,0
"emission_stem_semirigid","2000-01-01 00:59:17.000",-43,402.112,2069.33,9557.6,0
"emission_stem_semirigid","2000-01-01 00:59:18.000",-42,402.054,2070.09,9419.3,0
"emission_stem_semirigid","2000-01-01 00:59:19.000",-41,401.336,2068.8,9320.9,0
"emission_stem_semirigid","2000-01-01 00:59:20.000",-40,400.553,2065.59,9326.7,0
"emission_stem_semirigid","2000-01-01 00:59:21.000",-39,401.447,2068.6,9228.5,0
"emission_stem_semirigid","2000-01-01 00:59:22.000",-38,401.25,2069.05,9274.3,0
"emission_stem_semirigid","2000-01-01 00:59:23.000",-37,401.084,2069.33,9219.6,0
"emission_stem_semirigid","2000-01-01 00:59:24.000",-36,401.347,2066.9,9094.7,0
"emission_stem_semirigid","2000-01-01 00:59:25.000",-35,400.664,2071.28,9312.1,0
"emission_stem_semirigid","2000-01-01 00:59:26.000",-34,400.434,2069.83,9246.7,0
"emission_stem_semirigid","2000-01-01 00:59:27.000",-33,400.159,2066.73,9262.3,0
"emission_stem_semirigid","2000-01-01 00:59:28.000",-32,400.159,2069.57,9030.9,0
"emission_stem_semirigid","2000-01-01 00:59:29.000",-31,399.759,2068.99,9094.3,0
"emission_stem_semirigid","2000-01-01 00:59:30.000",-30,399.864,2071.17,8960.5,0
"emission_stem_semirigid","2000-01-01 00:59:31.000",-29,399.581,2068.27,9138.1,0
"emission_stem_semirigid","2000-01-01 00:59:32.000",-28,400.65,2069.19,9109.2,0
"emission_stem_semirigid","2000-01-01 00:59:33.000",-27,399.685,2070.39,8982.6,0
"emission_stem_semirigid","2000-01-01 00:59:34.000",-26,398.826,2069.2,9132.5,0
"emission_stem_semirigid","2000-01-01 00:59:35.000",-25,399.495,2071.41,8895.9,0
"emission_stem_semirigid","2000-01-01 00:59:36.000",-24,400.598,2073.33,9034,0
"emission_stem_semirigid","2000-01-01 00:59:37.000",-23,400.338,2068.96,8997,0
"emission_stem_semirigid","2000-01-01 00:59:38.000",-22,399.264,2068.29,8990,0
"emission_stem_semirigid","2000-01-01 00:59:39.000",-21,400.657,2067.35,8851.9,0
"emission_stem_semirigid","2000-01-01 00:59:40.000",-20,401.096,2070.15,8981,0
"emission_stem_semirigid","2000-01-01 00:59:41.000",-19,400.341,2070.86,8800.5,0
"emission_stem_semirigid","2000-01-01 00:59:42.000",-18,398.99,2066.58,9062.1,0
"emission_stem_semirigid","2000-01-01 00:59:43.000",-17,399.427,2069.29,9111.8,0
"emission_stem_semirigid","2000-01-01 00:59:44.000",-16,398.898,2070.91,8913,0
"emission_stem_semirigid","2000-01-01 00:59:45.000",-15,400.335,2066.54,9088.6,0
"emission_stem_semirigid","2000-01-01 00:59:46.000",-14,399.149,2073.11,8900.2,0
"emission_stem_semirigid","2000-01-01 00:59:47.000",-13,399.242,2068.64,9023.5,0
"emission_stem_semirigid","2000-01-01 00:59:48.000",-12,400.356,2067.47,8830.8,0
"emission_stem_semirigid","2000-01-01 00:59:49.000",-11,400.276,2067.9,8899.4,0
"emission_stem_semirigid","2000-01-01 00:59:50.000",-10,398.695,2072.57,8929.9,0
"emission_stem_semirigid","2000-01-01 00:59:51.000",-9,399.299,2069.02,8691.3,0
"emission_stem_semirigid","2000-01-01 00:59:52.000",-8,398.195,2072.05,8764.1,0
"emission_stem_semirigid","2000-01-01 00:59:53.000",-7,399.827,2070.68,8808.5,0
"emission_stem_semirigid","2000-01-01 00:59:54.000",-6,398.091,2071.7,8894.9,0
"emission_stem_semirigid","2000-01-01 00:59:55.000",-5,399.028,2068.36,8844.8,0
"emission_stem_semirigid","2000-01-01 00:59:56.000",-4,398.674,2076.53,8838.3,0
"emission_stem_semirigid","2000-01-01 00:59:57.000",-3,398.592,2070.9,8756.8,0
"emission_stem_semirigid","2000-01-01 00:59:58.000",-2,397.637,2073.39,8694.9,0
"emission_stem_semirigid","2000-01-01 00:59:59.000",-1,398.66,2071.99,8665.5,0
"emission_stem_semirigid","2000-01-01 01:00:00.000",0,398.568,2073.02,8642.9,0
"emission_stem_semirigid","2000-01-01 01:00:01.000",1,397.218,2069.84,8846.8,0
"emission_stem_semirigid","2000-01-01 01:00:02.000",2,399.422,2070.06,8531.2,0
"emission_stem_semirigid","2000-01-01 01:00:03.000",3,399.92,2070.51,8786.9,0
"emission_stem_semirigid","2000-01-01 01:00:04.000",4,399.886,2069.11,8590.1,0
"emission_stem_semirigid","2000-01-01 01:00:05.000",5,397.834,2069.21,8778.1,0
"emission_stem_semirigid","2000-01-01 01:00:06.000",6,399.166,2068.59,8807.3,0
"emission_stem_semirigid","2000-01-01 01:00:07.000",7,401.798,2071.23,8766.2,0
"emission_stem_semirigid","2000-01-01 01:00:08.000",8,418.431,2071,8986.8,0
"emission_stem_semirigid","2000-01-01 01:00:09.000",9,425.576,2072.04,8678.8,0
"emission_stem_semirigid","2000-01-01 01:00:10.000",10,421.931,2068.24,8787.6,0
"emission_stem_semirigid","2000-01-01 01:00:11.000",11,417.72,2070.7,8838,0
"emission_stem_semirigid","2000-01-01 01:00:12.000",12,412.844,2071.16,8939.1,0
"emission_stem_semirigid","2000-01-01 01:00:13.000",13,409.786,2071.54,8816.5,0
"emission_stem_semirigid","2000-01-01 01:00:14.000",14,406.736,2071.24,8843.5,0
"emission_stem_semirigid","2000-01-01 01:00:15.000",15,404.667,2071.17,8666.9,0
"emission_stem_semirigid","2000-01-01 01:00:16.000",16,406.853,2068.36,8897.6,0
"emission_stem_semirigid","2000-01-01 01:00:17.000",17,407.301,2069.3,8802.1,0
"emission_stem_semirigid","2000-01-01 01:00:18.000",18,414.218,2074.51,8719.7,0
"emission_stem_semirigid","2000-01-01 01:00:19.000",19,446.411,2081.72,8840.2,0
"emission_stem_semirigid","2000-01-01 01:00:20.000",20,491.844,2102.23,8875.7,0
"emission_stem_semirigid","2000-01-01 01:00:21.000",21,529.403,2114.9,8785.7,0
"emission_stem_semirigid","2000-01-01 01:00:22.000",22,560.185,2134,9009.3,0
"emission_stem_semirigid","2000-01-01 01:00:23.000",23,581.145,2138.16,8828.3,0
"emission_stem_semirigid","2000-01-01 01:00:24.000",24,596.05,2143.54,9044.4,0
"emission_stem_semirigid","2000-01-01 01:00:25.000",25,607.15,2150.87,9026.6,0
"emission_stem_semirigid","2000-01-01 01:00:26.000",26,613.308,2152.89,9100.9,0
"emission_stem_semirigid","2000-01-01 01:00:27.000",27,619.459,2155.77,9103.7,0
"emission_stem_semirigid","2000-01-01 01:00:28.000",28,624.786,2156.05,9136.1,0
"emission_stem_semirigid","2000-01-01 01:00:29.000",29,627.271,2158.89,9065.8,0
"emission_stem_semirigid","2000-01-01 01:00:30.000",30,634.891,2163.1,9148.6,0
"emission_stem_semirigid","2000-01-01 01:00:31.000",31,637.563,2161.45,8967.6,0
"emission_stem_semirigid","2000-01-01 01:00:32.000",32,641.561,2162.82,9058.4,0
"emission_stem_semirigid","2000-01-01 01:00:33.000",33,644.025,2163.61,9175.7,0
"emission_stem_semirigid","2000-01-01 01:00:34.000",34,649.436,2166.13,9176.9,0
"emission_stem_semirigid","2000-01-01 01:00:35.000",35,650.836,2165.24,9235.9,0
"emission_stem_semirigid","2000-01-01 01:00:36.000",36,652.863,2165.73,9246.4,0
"emission_stem_semirigid","2000-01-01 01:00:37.000",37,655.557,2166.85,9346,0
"emission_stem_semirigid","2000-01-01 01:00:38.000",38,655.904,2164.99,9263.6,0
"emission_stem_semirigid","2000-01-01 01:00:39.000",39,656.915,2167.29,9256.1,0
"emission_stem_semirigid","2000-01-01 01:00:40.000",40,658.897,2167.1,9282.1,0
"emission_stem_semirigid","2000-01-01 01:00:41.000",41,660.548,2168.5,9502.8,0
"emission_stem_semirigid","2000-01-01 01:00:42.000",42,660.243,2165.67,9402.2,0
"emission_stem_semirigid","2000-01-01 01:00:43.000",43,661.366,2169.5,9230.6,0
"emission_stem_semirigid","2000-01-01 01:00:43.000",43,662.664,2170.45,9406.1,0
"emission_stem_semirigid","2000-01-01 01:00:44.000",44,662.794,2162.96,9349.3,0
"emission_stem_semirigid","2000-01-01 01:00:45.000",45,664.06,2172.39,9334.5,0
"emission_stem_semirigid","2000-01-01 01:00:46.000",46,664.851,2169.3,9239.9,0
"emission_stem_semirigid","2000-01-01 01:00:47.000",47,666.514,2167.55,9342.1,0
"emission_stem_semirigid","2000-01-01 01:00:48.000",48,665.246,2171.89,9331.2,0
"emission_stem_semirigid","2000-01-01 01:00:49.000",49,665.56,2167.8,9329.9,0
"emission_stem_semirigid","2000-01-01 01:00:50.000",50,666.429,2169.49,9500.7,0
"emission_stem_semirigid","2000-01-01 01:00:51.000",51,665.713,2169.29,9413.5,0
"emission_stem_semirigid","2000-01-01 01:00:52.000",52,666.811,2170.45,9401.2,0
"emission_stem_semirigid","2000-01-01 01:00:53.000",53,668.17,2169.06,9257.6,0
"emission_stem_semirigid","2000-01-01 01:00:54.000",54,668.044,2167.07,9351.2,0
"emission_stem_semirigid","2000-01-01 01:00:55.000",55,668.193,2170.75,9364.2,0
"emission_stem_semirigid","2000-01-01 01:00:56.000",56,667.643,2167.34,9450.4,0
"emission_stem_semirigid","2000-01-01 01:00:57.000",57,666.875,2172.11,9468.5,0
"emission_stem_semirigid","2000-01-01 01:00:58.000",58,669.49,2165,9497.6,0
"emission_stem_semirigid","2000-01-01 01:00:59.000",59,670.917,2173.49,9742.4,0
"emission_stem_semirigid","2000-01-01 01:01:00.000",60,670.979,2174.03,9539.2,0
"emission_stem_semirigid","2000-01-01 01:01:01.000",61,671.41,2173.8,9348.6,0
"emission_stem_semirigid","2000-01-01 01:01:02.000",62,670.127,2173.83,9286.7,0
"emission_stem_semirigid","2000-01-01 01:01:03.000",63,670.939,2173.07,9252.6,0
"emission_stem_semirigid","2000-01-01 01:01:04.000",64,673.3,2170.78,9395.6,0
"emission_stem_semirigid","2000-01-01 01:01:05.000",65,672.743,2171.69,9374.8,0
"emission_stem_semirigid","2000-01-01 01:01:06.000",66,674.319,2170.87,9255.1,0
"emission_stem_semirigid","2000-01-01 01:01:07.000",67,676.195,2173.97,9442.3,0
"emission_stem_semirigid","2000-01-01 01:01:08.000",68,675.918,2175.3,9499.7,0
"emission_stem_semirigid","2000-01-01 01:01:09.000",69,678.239,2173.82,9485.6,0
"emission_stem_semirigid","2000-01-01 01:01:10.000",70,679.895,2174.13,9211.6,0
"emission_stem_semirigid","2000-01-01 01:01:11.000",71,679.273,2175,9595,0
"emission_stem_semirigid","2000-01-01 01:01:12.000",72,679.63,2177.75,9330.9,0
"emission_stem_semirigid","2000-01-01 01:01:13.000",73,681.797,2174.88,9474.8,0
"emission_stem_semirigid","2000-01-01 01:01:14.000",74,681.53,2178.81,9398.3,0
"emission_stem_semirigid","2000-01-01 01:01:15.000",75,681.321,2178.34,9208.2,0
"emission_stem_semirigid","2000-01-01 01:01:16.000",76,684.342,2174.14,9197.1,0
"emission_stem_semirigid","2000-01-01 01:01:17.000",77,684.903,2174.57,9388.2,0
"emission_stem_semirigid","2000-01-01 01:01:18.000",78,685.924,2176.66,9428.8,0
"emission_stem_semirigid","2000-01-01 01:01:19.000",79,687.44,2179.51,9348.9,0
"emission_stem_semirigid","2000-01-01 01:01:20.000",80,688.556,2179.87,9285.1,0
"emission_stem_semirigid","2000-01-01 01:01:21.000",81,688.891,2179.52,9277.6,0
"emission_stem_semirigid","2000-01-01 01:01:22.000",82,689.822,2180.74,9488.4,0
"emission_stem_semirigid","2000-01-01 01:01:23.000",83,690.967,2176.82,9260.4,0
"emission_stem_semirigid","2000-01-01 01:01:24.000",84,692.854,2179.84,9333.6,0
"emission_stem_semirigid","2000-01-01 01:01:25.000",85,694.859,2183,9116.6,0
"emission_stem_semirigid","2000-01-01 01:01:26.000",86,695.407,2181.34,9233.5,0
"emission_stem_semirigid","2000-01-01 01:01:27.000",87,696.897,2183.19,9171.9,0
"emission_stem_semirigid","2000-01-01 01:01:28.000",88,699.374,2185,9360.5,0
"emission_stem_semirigid","2000-01-01 01:01:29.000",89,696.709,2182.87,9170,0
"emission_stem_semirigid","2000-01-01 01:01:30.000",90,699.663,2184.23,9132.2,0
"emission_stem_semirigid","2000-01-01 01:01:31.000",91,700.982,2184.97,9382.5,1
"emission_stem_semirigid","2000-01-01 01:01:32.000",92,701.085,2182.77,9341.8,1
"emission_stem_semirigid","2000-01-01 01:01:33.000",93,702.053,2181.96,9279.8,1
"emission_stem_semirigid","2000-01-01 01:01:34.000",94,704.156,2183.54,9221.2,1
"emission_stem_semirigid","2000-01-01 01:01:35.000",95,704.735,2185.7,9100,1
"emission_stem_semirigid","2000-01-01 01:01:36.000",96,704.781,2186.63,9320.7,1
"emission_stem_semirigid","2000-01-01 01:01:37.000",97,707.422,2182.16,9144.4,1
"emission_stem_semirigid","2000-01-01 01:01:38.000",98,708.949,2185.82,9254.6,1
"emission_stem_semirigid","2000-01-01 01:01:39.000",99,708.272,2188.79,9304,1
"emission_stem_semirigid","2000-01-01 01:01:40.000",100,709.412,2188.25,9162.8,1
"emission_stem_semirigid","2000-01-01 01:01:41.000",101,710.18,2187.97,9203.2,1
"emission_stem_semirigid","2000-01-01 01:01:42.000",102,713.604,2184.83,9389.9,1
"emission_stem_semirigid","2000-01-01 01:01:43.000",103,714.471,2185.22,9233.3,1
"emission_stem_semirigid","2000-01-01 01:01:44.000",104,713.926,2192.08,9283.9,1
"emission_stem_semirigid","2000-01-01 01:01:45.000",105,716.317,2188.63,9207.6,1
"emission_stem_semirigid","2000-01-01 01:01:46.000",106,716.554,2189.22,9407,1
"emission_stem_semirigid","2000-01-01 01:01:47.000",107,718.78,2188.13,9193.2,1
"emission_stem_semirigid","2000-01-01 01:01:48.000",108,718.625,2188.64,9268.9,1
"emission_stem_semirigid","2000-01-01 01:01:49.000",109,719.173,2193.08,9268.5,1
"emission_stem_semirigid","2000-01-01 01:01:50.000",110,720.341,2191.29,9329,1
"emission_stem_semirigid","2000-01-01 01:01:51.000",111,721.298,2190.96,9145.9,1
"emission_stem_semirigid","2000-01-01 01:01:52.000",112,723.197,2193.45,9246.4,1
"emission_stem_semirigid","2000-01-01 01:01:53.000",113,724.168,2193.1,9282.7,1
"emission_stem_semirigid","2000-01-01 01:01:54.000",114,725.545,2191.75,9237.5,1
"emission_stem_semirigid","2000-01-01 01:01:55.000",115,725.667,2192.38,9290.8,1
"emission_stem_semirigid","2000-01-01 01:01:56.000",116,727.394,2188.35,9267.2,1
"emission_stem_semirigid","2000-01-01 01:01:57.000",117,727.927,2191.13,9176.3,1
"emission_stem_semirigid","2000-01-01 01:01:58.000",118,730.193,2197.52,9199.9,1
"emission_stem_semirigid","2000-01-01 01:01:59.000",119,730.74,2192.65,9142.6,1
"emission_stem_semirigid","2000-01-01 01:02:00.000",120,731.446,2191.33,9234.1,1
"emission_stem_semirigid","2000-01-01 01:02:01.000",121,731.941,2192.46,9162.9,1
"emission_stem_semirigid","2000-01-01 01:02:02.000",122,733.959,2200.09,9256.5,1
"emission_stem_semirigid","2000-01-01 01:02:03.000",123,735.023,2195.89,9022.2,1
"emission_stem_semirigid","2000-01-01 01:02:04.000",124,735.786,2194.16,9263.7,1
"emission_stem_semirigid","2000-01-01 01:02:05.000",125,735.985,2197.33,9194.5,1
"emission_stem_semirigid","2000-01-01 01:02:06.000",126,738.066,2191.24,9154.8,1
"emission_stem_semirigid","2000-01-01 01:02:07.000",127,738.824,2193.49,9122.8,1
"emission_stem_semirigid","2000-01-01 01:02:08.000",128,739.223,2195.85,9136.1,1
"emission_stem_semirigid","2000-01-01 01:02:09.000",129,738.78,2195.42,9198.6,1
"emission_stem_semirigid","2000-01-01 01:02:10.000",130,741.881,2203.03,9053.8,1
"emission_stem_semirigid","2000-01-01 01:02:11.000",131,743.084,2195.59,9100.7,1
"emission_stem_semirigid","2000-01-01 01:02:12.000",132,744.686,2198.13,9074.6,1
"emission_stem_semirigid","2000-01-01 01:02:13.000",133,745.697,2200.98,9203.9,1
"emission_stem_semirigid","2000-01-01 01:02:14.000",134,745.881,2198.54,9181.3,1
"emission_stem_semirigid","2000-01-01 01:02:15.000",135,748.079,2197.09,9195.4,1
"emission_stem_semirigid","2000-01-01 01:02:16.000",136,748.899,2204.35,9397,1
"emission_stem_semirigid","2000-01-01 01:02:17.000",137,748.78,2202.11,9192.5,1
"emission_stem_semirigid","2000-01-01 01:02:18.000",138,749.775,2201.68,9216.9,1
"emission_stem_semirigid","2000-01-01 01:02:19.000",139,750.468,2199.6,9046.1,1
"emission_stem_semirigid","2000-01-01 01:02:20.000",140,752.026,2198.02,9262.7,1
"emission_stem_semirigid","2000-01-01 01:02:21.000",141,753.924,2202.83,9276,1
"emission_stem_semirigid","2000-01-01 01:02:22.000",142,753.548,2202.62,9205.3,1
"emission_stem_semirigid","2000-01-01 01:02:23.000",143,754.954,2202.18,9121.3,1
"emission_stem_semirigid","2000-01-01 01:02:24.000",144,755.683,2203.74,9191.7,1
"emission_stem_semirigid","2000-01-01 01:02:25.000",145,757.715,2202.75,9272.8,1
"emission_stem_semirigid","2000-01-01 01:02:26.000",146,757.396,2204.83,9247.4,1
"emission_stem_semirigid","2000-01-01 01:02:27.000",147,757.725,2201.61,9224.2,1
"emission_stem_semirigid","2000-01-01 01:02:28.000",148,760.028,2206.22,9333.9,1
"emission_stem_semirigid","2000-01-01 01:02:29.000",149,762.25,2205.74,9377.2,1
"emission_stem_semirigid","2000-01-01 01:02:30.000",150,762.155,2206.01,9290,1
"emission_stem_semirigid","2000-01-01 01:02:31.000",151,761.111,2205.42,9029.1,1
"emission_stem_semirigid","2000-01-01 01:02:32.000",152,764.169,2206.59,9291.9,1
"emission_stem_semirigid","2000-01-01 01:02:33.000",153,764.5,2208.39,9314.6,1
"emission_stem_semirigid","2000-01-01 01:02:34.000",154,765.413,2206.27,9209.3,1
"emission_stem_semirigid","2000-01-01 01:02:35.000",155,765.306,2206.75,9346.3,1
"emission_stem_semirigid","2000-01-01 01:02:36.000",156,768.495,2208.64,9263.6,1
"emission_stem_semirigid","2000-01-01 01:02:37.000",157,768.099,2210.38,9296.6,1
"emission_stem_semirigid","2000-01-01 01:02:38.000",158,767.865,2209.95,9157.4,1
"emission_stem_semirigid","2000-01-01 01:02:39.000",159,770.303,2210.63,9310.3,1
"emission_stem_semirigid","2000-01-01 01:02:40.000",160,772.645,2211.83,9186.4,1
"emission_stem_semirigid","2000-01-01 01:02:41.000",161,772.895,2209.75,9255.1,1
"emission_stem_semirigid","2000-01-01 01:02:42.000",162,773.343,2207.01,9255.5,1
"emission_stem_semirigid","2000-01-01 01:02:43.000",163,773.761,2208.81,9219.2,1
"emission_stem_semirigid","2000-01-01 01:02:44.000",164,774.667,2210.12,9103.9,1
"emission_stem_semirigid","2000-01-01 01:02:45.000",165,777.434,2210.99,9293.2,1
"emission_stem_semirigid","2000-01-01 01:02:46.000",166,777.972,2208.69,9200.6,1
"emission_stem_semirigid","2000-01-01 01:02:47.000",167,778.534,2213.13,9154,1
"emission_stem_semirigid","2000-01-01 01:02:48.000",168,778.964,2214.07,9245.7,1
"emission_stem_semirigid","2000-01-01 01:02:49.000",169,779.006,2212.75,9288.6,1
"emission_stem_semirigid","2000-01-01 01:02:50.000",170,780.699,2213.34,9301.8,1
"emission_stem_semirigid","2000-01-01 01:02:51.000",171,782.078,2210.14,9119,1
"emission_stem_semirigid","2000-01-01 01:02:52.000",172,782.91,2212.34,9202.9,1
"emission_stem_semirigid","2000-01-01 01:02:53.000",173,784.783,2211.97,9371.7,1
"emission_stem_semirigid","2000-01-01 01:02:54.000",174,782.597,2217.29,9365.4,1
"emission_stem_semirigid","2000-01-01 01:02:55.000",175,786.733,2216.3,9276.2,1
"emission_stem_semirigid","2000-01-01 01:02:56.000",176,786.784,2212.98,9341.1,1
"emission_stem_semirigid","2000-01-01 01:02:57.000",177,785.821,2215.3,9075.2,1
"emission_stem_semirigid","2000-01-01 01:02:58.000",178,789.712,2211.93,9397.6,1
"emission_stem_semirigid","2000-01-01 01:02:59.000",179,790.886,2211.87,9125.9,1
"emission_stem_semirigid","2000-01-01 01:03:00.000",180,791.094,2214.88,9237.4,1
"emission_stem_semirigid","2000-01-01 01:03:01.000",181,791.197,2217.87,9278.4,1
"emission_stem_semirigid","2000-01-01 01:03:02.000",182,792.513,2213.01,9212.5,1
"emission_stem_semirigid","2000-01-01 01:03:03.000",183,793.39,2214.93,9384.8,1
"emission_stem_semirigid","2000-01-01 01:03:04.000",184,793.824,2222.23,9181.4,1
"emission_stem_semirigid","2000-01-01 01:03:05.000",185,794.888,2215.88,9212.8,1
"emission_stem_semirigid","2000-01-01 01:03:06.000",186,798.526,2216.86,9200.1,1
"emission_stem_semirigid","2000-01-01 01:03:07.000",187,797.971,2215.9,9273.1,1
"emission_stem_semirigid","2000-01-01 01:03:08.000",188,798.133,2216.94,9308.9,1
"emission_stem_semirigid","2000-01-01 01:03:09.000",189,799.947,2222.02,9205.1,1
"emission_stem_semirigid","2000-01-01 01:03:10.000",190,800.462,2221.03,9205.5,1
"emission_stem_semirigid","2000-01-01 01:03:11.000",191,801.416,2214.74,9215.5,1
"emission_stem_semirigid","2000-01-01 01:03:12.000",192,803.056,2220.68,9179,1
"emission_stem_semirigid","2000-01-01 01:03:13.000",193,803.805,2223.03,9214.5,1
"emission_stem_semirigid","2000-01-01 01:03:14.000",194,805.503,2221.83,9344.9,1
"emission_stem_semirigid","2000-01-01 01:03:15.000",195,806.662,2223.54,9209.8,1
"emission_stem_semirigid","2000-01-01 01:03:16.000",196,806.559,2226.33,9451.3,1
"emission_stem_semirigid","2000-01-01 01:03:17.000",197,808.632,2224.78,9355,1
"emission_stem_semirigid","2000-01-01 01:03:18.000",198,807.883,2224.64,9334,1
"emission_stem_semirigid","2000-01-01 01:03:19.000",199,808.492,2226.54,9308.2,1
"emission_stem_semirigid","2000-01-01 01:03:20.000",200,811.154,2225.71,9316,1
"emission_stem_semirigid","2000-01-01 01:03:21.000",201,810.55,2218.88,9111.8,1
"emission_stem_semirigid","2000-01-01 01:03:22.000",202,812.797,2225.4,9365.4,1
"emission_stem_semirigid","2000-01-01 01:03:23.000",203,814.974,2223.35,9208.6,1
"emission_stem_semirigid","2000-01-01 01:03:24.000",204,814.878,2226.16,9274.5,1
"emission_stem_semirigid","2000-01-01 01:03:25.000",205,816.619,2226.29,9301.6,1
"emission_stem_semirigid","2000-01-01 01:03:26.000",206,817.22,2228.54,9442.9,1
"emission_stem_semirigid","2000-01-01 01:03:27.000",207,815.539,2222.59,9292.2,1
"emission_stem_semirigid","2000-01-01 01:03:28.000",208,817.267,2227.69,9184.2,1
"emission_stem_semirigid","2000-01-01 01:03:29.000",209,818.723,2226.26,9311.4,1
"emission_stem_semirigid","2000-01-01 01:03:30.000",210,818.537,2230.45,9363.7,1
"emission_stem_semirigid","2000-01-01 01:03:31.000",211,820.13,2231.45,9328.1,1
"emission_stem_semirigid","2000-01-01 01:03:32.000",212,820.76,2228.3,9490.4,1
"emission_stem_semirigid","2000-01-01 01:03:33.000",213,820.619,2229.21,9493.2,1
"emission_stem_semirigid","2000-01-01 01:03:34.000",214,819.44,2230.85,9272.8,1
"emission_stem_semirigid","2000-01-01 01:03:35.000",215,822.108,2232.95,9321.6,1
"emission_stem_semirigid","2000-01-01 01:03:36.000",216,821.072,2229.34,9369.6,1
"emission_stem_semirigid","2000-01-01 01:03:37.000",217,823.369,2227.03,9371.7,1
"emission_stem_semirigid","2000-01-01 01:03:38.000",218,825.112,2228.13,9516.2,1
"emission_stem_semirigid","2000-01-01 01:03:39.000",219,826.21,2232.18,9323.1,1
"emission_stem_semirigid","2000-01-01 01:03:40.000",220,826.068,2229.11,9394.9,1
"emission_stem_semirigid","2000-01-01 01:03:41.000",221,826.864,2230.09,9348.7,1
"emission_stem_semirigid","2000-01-01 01:03:42.000",222,828.055,2232.82,9304.1,1
"emission_stem_semirigid","2000-01-01 01:03:43.000",223,830.257,2229.19,9565.2,1
"emission_stem_semirigid","2000-01-01 01:03:44.000",224,830.671,2231.77,9514.9,1
"emission_stem_semirigid","2000-01-01 01:03:45.000",225,831.595,2233.74,9369.2,1
"emission_stem_semirigid","2000-01-01 01:03:46.000",226,832.634,2234.12,9270.7,1
"emission_stem_semirigid","2000-01-01 01:03:47.000",227,833.792,2231.17,9473.7,1
"emission_stem_semirigid","2000-01-01 01:03:48.000",228,836.162,2235.83,9283.8,1
"emission_stem_semirigid","2000-01-01 01:03:49.000",229,835.104,2233.53,9514.8,1
"emission_stem_semirigid","2000-01-01 01:03:50.000",230,837.928,2233.52,9386.6,1
"emission_stem_semirigid","2000-01-01 01:03:50.000",230,838.486,2232.85,9551.6,1
"emission_stem_semirigid","2000-01-01 01:03:51.000",231,838.201,2230.77,9521,1
"emission_stem_semirigid","2000-01-01 01:03:52.000",232,842.027,2236.59,9435.2,1
"emission_stem_semirigid","2000-01-01 01:03:53.000",233,842.911,2235.22,9445.7,1
"emission_stem_semirigid","2000-01-01 01:03:54.000",234,842.501,2234.84,9414.4,1
"emission_stem_semirigid","2000-01-01 01:03:55.000",235,843.64,2235.54,9566.3,1
"emission_stem_semirigid","2000-01-01 01:03:56.000",236,847.368,2232.73,9438.2,1
"emission_stem_semirigid","2000-01-01 01:03:57.000",237,846.584,2237.81,9401.6,1
"emission_stem_semirigid","2000-01-01 01:03:58.000",238,848.179,2233.82,9405.6,1
"emission_stem_semirigid","2000-01-01 01:03:59.000",239,848.383,2233.17,9332.4,1
"emission_stem_semirigid","2000-01-01 01:04:00.000",240,848.784,2238.13,9371.7,1
"emission_stem_semirigid","2000-01-01 01:04:01.000",241,852.064,2238.14,9490.8,1
"emission_stem_semirigid","2000-01-01 01:04:02.000",242,850.146,2232.01,9427.8,1
"emission_stem_semirigid","2000-01-01 01:04:03.000",243,851.794,2239,9348.5,1
"emission_stem_semirigid","2000-01-01 01:04:04.000",244,853.287,2239.45,9669.1,1
"emission_stem_semirigid","2000-01-01 01:04:05.000",245,855.064,2237.2,9398.9,1
"emission_stem_semirigid","2000-01-01 01:04:06.000",246,855.917,2244.54,9465.8,1
"emission_stem_semirigid","2000-01-01 01:04:07.000",247,856.02,2242.11,9526.2,1
"emission_stem_semirigid","2000-01-01 01:04:08.000",248,857.884,2240.06,9532.6,1
"emission_stem_semirigid","2000-01-01 01:04:09.000",249,859.227,2240.85,9586,1
"emission_stem_semirigid","2000-01-01 01:04:10.000",250,858.442,2240.03,9495.7,1
"emission_stem_semirigid","2000-01-01 01:04:11.000",251,859.388,2243.86,9489.5,1
"emission_stem_semirigid","2000-01-01 01:04:12.000",252,861.282,2244.52,9365.8,1
"emission_stem_semirigid","2000-01-01 01:04:13.000",253,861.558,2243.46,9461,1
"emission_stem_semirigid","2000-01-01 01:04:14.000",254,864.431,2244.98,9338.5,1
"emission_stem_semirigid","2000-01-01 01:04:15.000",255,863.638,2246.29,9324.7,1
"emission_stem_semirigid","2000-01-01 01:04:16.000",256,864.907,2244.32,9390,1
"emission_stem_semirigid","2000-01-01 01:04:17.000",257,865.167,2244.55,9483.6,1
"emission_stem_semirigid","2000-01-01 01:04:18.000",258,866.383,2250.3,9360.8,1
"emission_stem_semirigid","2000-01-01 01:04:19.000",259,865.711,2244.8,9448.5,1
"emission_stem_semirigid","2000-01-01 01:04:20.000",260,867.983,2250.76,9360.1,1
"emission_stem_semirigid","2000-01-01 01:04:21.000",261,869.065,2247.23,9476.1,1
"emission_stem_semirigid","2000-01-01 01:04:22.000",262,870.1,2247.43,9369.7,1
"emission_stem_semirigid","2000-01-01 01:04:23.000",263,870.587,2250.76,9565.4,1
"emission_stem_semirigid","2000-01-01 01:04:24.000",264,873.182,2248.13,9228.9,1
"emission_stem_semirigid","2000-01-01 01:04:25.000",265,872.467,2244.23,9285.7,1
"emission_stem_semirigid","2000-01-01 01:04:26.000",266,873.848,2246.94,9361.2,1
"emission_stem_semirigid","2000-01-01 01:04:27.000",267,875.229,2250.27,9307.5,1
"emission_stem_semirigid","2000-01-01 01:04:28.000",268,875.804,2249.6,9143.5,1
"emission_stem_semirigid","2000-01-01 01:04:29.000",269,878.102,2252.97,9632.8,1
"emission_stem_semirigid","2000-01-01 01:04:30.000",270,879.147,2247.25,9154.3,1
"emission_stem_semirigid","2000-01-01 01:04:31.000",271,879.395,2249.37,9448.4,1
"emission_stem_semirigid","2000-01-01 01:04:32.000",272,879.271,2249.53,9128.4,1
"emission_stem_semirigid","2000-01-01 01:04:33.000",273,882.015,2252.69,9171.9,1
"emission_stem_semirigid","2000-01-01 01:04:34.000",274,884.284,2252.56,9463.3,1
"emission_stem_semirigid","2000-01-01 01:04:35.000",275,885.526,2249.46,9316,1
"emission_stem_semirigid","2000-01-01 01:04:36.000",276,885.222,2253.1,9415.5,1
"emission_stem_semirigid","2000-01-01 01:04:37.000",277,887.548,2254.32,9447.1,1
"emission_stem_semirigid","2000-01-01 01:04:38.000",278,888.034,2252.89,9305.1,1
"emission_stem_semirigid","2000-01-01 01:04:39.000",279,888.416,2251.73,9287.7,1
"emission_stem_semirigid","2000-01-01 01:04:40.000",280,889.203,2253.28,9421.3,1
"emission_stem_semirigid","2000-01-01 01:04:41.000",281,890.719,2257.84,9314.5,1
"emission_stem_semirigid","2000-01-01 01:04:42.000",282,892.333,2253.24,9300.1,1
"emission_stem_semirigid","2000-01-01 01:04:43.000",283,892.461,2255.15,9544,1
"emission_stem_semirigid","2000-01-01 01:04:44.000",284,894.899,2254.12,9284.2,1
"emission_stem_semirigid","2000-01-01 01:04:45.000",285,894.904,2255.96,9598.1,1
"emission_stem_semirigid","2000-01-01 01:04:46.000",286,896.024,2253.94,9345.8,1
"emission_stem_semirigid","2000-01-01 01:04:47.000",287,896.871,2256.36,9446.6,1
"emission_stem_semirigid","2000-01-01 01:04:48.000",288,898.732,2257.59,9737,1
"emission_stem_semirigid","2000-01-01 01:04:49.000",289,900.297,2256.04,9449.4,1
"emission_stem_semirigid","2000-01-01 01:04:50.000",290,899.896,2257.83,9588.3,1
"emission_stem_semirigid","2000-01-01 01:04:51.000",291,900.581,2258.51,9610.9,1
"emission_stem_semirigid","2000-01-01 01:04:52.000",292,902.045,2257.01,9341.7,1
"emission_stem_semirigid","2000-01-01 01:04:53.000",293,903.128,2256.47,9415,1
"emission_stem_semirigid","2000-01-01 01:04:54.000",294,904.39,2260.08,9393.5,1
"emission_stem_semirigid","2000-01-01 01:04:55.000",295,905.598,2260.1,9431.4,1
"emission_stem_semirigid","2000-01-01 01:04:56.000",296,906.822,2258.71,9507.4,1
"emission_stem_semirigid","2000-01-01 01:04:57.000",297,906.229,2258.25,9388.1,1
"emission_stem_semirigid","2000-01-01 01:04:58.000",298,907.77,2262.11,9307.4,1
"emission_stem_semirigid","2000-01-01 01:04:59.000",299,907.831,2265.52,9406.5,1
"emission_stem_semirigid","2000-01-01 01:05:00.000",300,908.97,2264.95,9395.9,1
"emission_stem_semirigid","2000-01-01 01:05:01.000",301,911.956,2261.66,9420.8,1
"emission_stem_semirigid","2000-01-01 01:05:02.000",302,913.02,2264.63,9370.8,1
"emission_stem_semirigid","2000-01-01 01:05:03.000",303,912.721,2265.84,9286.6,1
"emission_stem_semirigid","2000-01-01 01:05:04.000",304,914.306,2268.37,9424,1
"emission_stem_semirigid","2000-01-01 01:05:05.000",305,915.57,2267.22,9486.3,1
"emission_stem_semirigid","2000-01-01 01:05:06.000",306,914.185,2264.94,9377.7,1
"emission_stem_semirigid","2000-01-01 01:05:07.000",307,916.105,2266.36,9295.2,1
"emission_stem_semirigid","2000-01-01 01:05:08.000",308,918.367,2270.57,9423.2,1
"emission_stem_semirigid","2000-01-01 01:05:09.000",309,918.497,2269.25,9427.2,1
"emission_stem_semirigid","2000-01-01 01:05:10.000",310,920.138,2270.8,9352.7,1
"emission_stem_semirigid","2000-01-01 01:05:11.000",311,922.225,2271.44,9508.6,1
"emission_stem_semirigid","2000-01-01 01:05:12.000",312,922.462,2268.28,9656.2,1
"emission_stem_semirigid","2000-01-01 01:05:13.000",313,922.281,2269.93,9394.5,1
"emission_stem_semirigid","2000-01-01 01:05:14.000",314,923.091,2273.27,9458.6,1
"emission_stem_semirigid","2000-01-01 01:05:15.000",315,925.511,2275.31,9423.1,1
"emission_stem_semirigid","2000-01-01 01:05:16.000",316,925.448,2269.42,9457.8,1
"emission_stem_semirigid","2000-01-01 01:05:17.000",317,926.141,2270.59,9579.9,1
"emission_stem_semirigid","2000-01-01 01:05:18.000",318,927.597,2269.96,9672.9,1
"emission_stem_semirigid","2000-01-01 01:05:19.000",319,927.872,2273.1,9520.8,1
"emission_stem_semirigid","2000-01-01 01:05:20.000",320,928.496,2269.65,9490.8,1
"emission_stem_semirigid","2000-01-01 01:05:21.000",321,927.567,2276.69,9361.5,1
"emission_stem_semirigid","2000-01-01 01:05:22.000",322,929.82,2268.97,9547.9,1
"emission_stem_semirigid","2000-01-01 01:05:23.000",323,930.236,2270.14,9504.9,1
"emission_stem_semirigid","2000-01-01 01:05:24.000",324,929.394,2266.08,9470.3,1
"emission_stem_semirigid","2000-01-01 01:05:25.000",325,931.482,2267.26,9578.2,1
"emission_stem_semirigid","2000-01-01 01:05:26.000",326,931.982,2268.12,9380.2,1
"emission_stem_semirigid","2000-01-01 01:05:27.000",327,932.219,2270.1,9522.1,1
"emission_stem_semirigid","2000-01-01 01:05:28.000",328,932.31,2268.59,9465.7,1
"emission_stem_semirigid","2000-01-01 01:05:29.000",329,934.402,2271.28,9468.7,1
"emission_stem_semirigid","2000-01-01 01:05:30.000",330,933.661,2266.48,9313.5,1
"emission_stem_semirigid","2000-01-01 01:05:31.000",331,934.952,2270.02,9363.5,1
"emission_stem_semirigid","2000-01-01 01:05:32.000",332,936.222,2266.66,9349,1
"emission_stem_semirigid","2000-01-01 01:05:33.000",333,935.987,2265.97,9365.6,1
"emission_stem_semirigid","2000-01-01 01:05:34.000",334,937.806,2271.54,9412,1
"emission_stem_semirigid","2000-01-01 01:05:35.000",335,939.006,2272.45,9270.3,1
"emission_stem_semirigid","2000-01-01 01:05:36.000",336,938.102,2267.35,9266.5,1
"emission_stem_semirigid","2000-01-01 01:05:37.000",337,939.941,2270,9363.3,1
"emission_stem_semirigid","2000-01-01 01:05:38.000",338,940.696,2270.78,9324.3,1
"emission_stem_semirigid","2000-01-01 01:05:39.000",339,942.433,2271.48,9459.8,1
"emission_stem_semirigid","2000-01-01 01:05:40.000",340,942.888,2273.06,9432.4,1
"emission_stem_semirigid","2000-01-01 01:05:41.000",341,942.785,2268.36,9511,1
"emission_stem_semirigid","2000-01-01 01:05:42.000",342,944.455,2271.59,9347.4,1
"emission_stem_semirigid","2000-01-01 01:05:43.000",343,944.553,2279.11,9402.7,1
"emission_stem_semirigid","2000-01-01 01:05:44.000",344,946.997,2272.99,9311.2,1
"emission_stem_semirigid","2000-01-01 01:05:45.000",345,948.285,2273.6,9334.5,1
"emission_stem_semirigid","2000-01-01 01:05:46.000",346,947.576,2277.97,9500,1
"emission_stem_semirigid","2000-01-01 01:05:47.000",347,949.032,2273.06,9321.9,1
"emission_stem_semirigid","2000-01-01 01:05:48.000",348,948.925,2275,9528.3,1
"emission_stem_semirigid","2000-01-01 01:05:49.000",349,951.42,2271.15,9382.4,1
"emission_stem_semirigid","2000-01-01 01:05:50.000",350,952.536,2277.43,9400.9,1
"emission_stem_semirigid","2000-01-01 01:05:51.000",351,953.105,2275.73,9350.8,1
"emission_stem_semirigid","2000-01-01 01:05:52.000",352,954.579,2275.62,9454.1,1
"emission_stem_semirigid","2000-01-01 01:05:53.000",353,954.681,2277.39,9573,1
"emission_stem_semirigid","2000-01-01 01:05:54.000",354,954.668,2275.24,9376,1
"emission_stem_semirigid","2000-01-01 01:05:55.000",355,957.059,2273.25,9489.7,1
"emission_stem_semirigid","2000-01-01 01:05:56.000",356,957.39,2272,9197.6,1
"emission_stem_semirigid","2000-01-01 01:05:57.000",357,957.295,2276.57,9373,1
"emission_stem_semirigid","2000-01-01 01:05:58.000",358,959.084,2277.77,9351.3,1
"emission_stem_semirigid","2000-01-01 01:05:59.000",359,959.588,2274.21,9389.5,1
"emission_stem_semirigid","2000-01-01 01:06:00.000",360,959.435,2279.44,9231.9,1
"emission_stem_semirigid","2000-01-01 01:06:01.000",361,959.942,2272.93,9106.9,1
"emission_stem_semirigid","2000-01-01 01:06:02.000",362,961.501,2279.8,9313.7,1
"emission_stem_semirigid","2000-01-01 01:06:03.000",363,961.292,2279.92,9305.5,1
"emission_stem_semirigid","2000-01-01 01:06:04.000",364,960.81,2278.28,9353.8,1
"emission_stem_semirigid","2000-01-01 01:06:05.000",365,961.958,2279.54,9373.4,1
"emission_stem_semirigid","2000-01-01 01:06:06.000",366,962.213,2282.93,9331.1,1
"emission_stem_semirigid","2000-01-01 01:06:07.000",367,962.442,2281.08,9516.4,1
"emission_stem_semirigid","2000-01-01 01:06:08.000",368,964.447,2280.54,9562.8,1
"emission_stem_semirigid","2000-01-01 01:06:09.000",369,965.371,2280.98,9394.1,1
"emission_stem_semirigid","2000-01-01 01:06:10.000",370,965.8,2278.71,9460.9,1
"emission_stem_semirigid","2000-01-01 01:06:11.000",371,967.849,2280.5,9324.5,1
"emission_stem_semirigid","2000-01-01 01:06:12.000",372,968.681,2285.64,9451.9,1
"emission_stem_semirigid","2000-01-01 01:06:13.000",373,967.744,2282.9,9340.5,1
"emission_stem_semirigid","2000-01-01 01:06:14.000",374,968.108,2285.59,9487.2,1
"emission_stem_semirigid","2000-01-01 01:06:15.000",375,969.949,2284.99,9480.1,1
"emission_stem_semirigid","2000-01-01 01:06:16.000",376,970.138,2283.75,9486.4,1
"emission_stem_semirigid","2000-01-01 01:06:17.000",377,971.877,2281.09,9533.6,1
"emission_stem_semirigid","2000-01-01 01:06:18.000",378,971.416,2287.11,9389.7,1
"emission_stem_semirigid","2000-01-01 01:06:19.000",379,971.842,2287.78,9283.5,1
"emission_stem_semirigid","2000-01-01 01:06:20.000",380,973.56,2282.97,9305.6,1
"emission_stem_semirigid","2000-01-01 01:06:21.000",381,974.389,2285.57,9525.1,1
"emission_stem_semirigid","2000-01-01 01:06:22.000",382,973.81,2283.6,9416.8,1
"emission_stem_semirigid","2000-01-01 01:06:23.000",383,975.882,2287.36,9328.1,1
"emission_stem_semirigid","2000-01-01 01:06:24.000",384,976.176,2286.84,9675.2,1
"emission_stem_semirigid","2000-01-01 01:06:25.000",385,977.978,2291.39,9557.6,1
"emission_stem_semirigid","2000-01-01 01:06:26.000",386,977.56,2291.53,9479.7,1
"emission_stem_semirigid","2000-01-01 01:06:27.000",387,978.794,2293.38,9475.7,1
"emission_stem_semirigid","2000-01-01 01:06:28.000",388,980.025,2291.27,9452.9,1
"emission_stem_semirigid","2000-01-01 01:06:29.000",389,980.585,2289.78,9369.7,1
"emission_stem_semirigid","2000-01-01 01:06:30.000",390,980.859,2288.38,9501.4,1
"emission_stem_semirigid","2000-01-01 01:06:31.000",391,982.166,2290.87,9482.9,1
"emission_stem_semirigid","2000-01-01 01:06:32.000",392,982.315,2291.13,9250.5,1
"emission_stem_semirigid","2000-01-01 01:06:33.000",393,982.892,2292.8,9464.9,1
"emission_stem_semirigid","2000-01-01 01:06:34.000",394,984.447,2290.92,9535.5,1
"emission_stem_semirigid","2000-01-01 01:06:35.000",395,984.305,2293.17,9517.3,1
"emission_stem_semirigid","2000-01-01 01:06:36.000",396,986.728,2296.79,9549.3,1
"emission_stem_semirigid","2000-01-01 01:06:37.000",397,985.588,2292.07,9425.2,1
"emission_stem_semirigid","2000-01-01 01:06:38.000",398,987.236,2295.31,9477.7,1
"emission_stem_semirigid","2000-01-01 01:06:39.000",399,987.82,2298.17,9598.4,1
"emission_stem_semirigid","2000-01-01 01:06:40.000",400,988.019,2295.7,9346,1
"emission_stem_semirigid","2000-01-01 01:06:41.000",401,989.941,2296.88,9419.1,1
"emission_stem_semirigid","2000-01-01 01:06:42.000",402,988.978,2295.5,9579.1,1
"emission_stem_semirigid","2000-01-01 01:06:43.000",403,989.118,2297.14,9580.4,1
"emission_stem_semirigid","2000-01-01 01:06:44.000",404,991.098,2293.99,9397,1
"emission_stem_semirigid","2000-01-01 01:06:45.000",405,990.97,2296.55,9467.2,1
"emission_stem_semirigid","2000-01-01 01:06:46.000",406,993.065,2299.76,9521.5,1
"emission_stem_semirigid","2000-01-01 01:06:47.000",407,992.959,2293.68,9681.9,1
"emission_stem_semirigid","2000-01-01 01:06:48.000",408,994.753,2298.29,9683,1
"emission_stem_semirigid","2000-01-01 01:06:49.000",409,994.508,2296.22,9513.7,1
"emission_stem_semirigid","2000-01-01 01:06:50.000",410,994.554,2300.29,9591.5,1
"emission_stem_semirigid","2000-01-01 01:06:51.000",411,995.702,2303.42,9499,1
"emission_stem_semirigid","2000-01-01 01:06:52.000",412,996.279,2301,9510.9,1
"emission_stem_semirigid","2000-01-01 01:06:53.000",413,996.41,2301.48,9483.7,1
"emission_stem_semirigid","2000-01-01 01:06:54.000",414,998.48,2303.18,9457.5,1
"emission_stem_semirigid","2000-01-01 01:06:54.000",414,998.054,2299.54,9280.9,1
"emission_stem_semirigid","2000-01-01 01:06:55.000",415,1000.24,2299.12,9574.8,1
"emission_stem_semirigid","2000-01-01 01:06:56.000",416,999.273,2299.83,9675.3,1
"emission_stem_semirigid","2000-01-01 01:06:57.000",417,1000.26,2301.45,9408.4,1
"emission_stem_semirigid","2000-01-01 01:06:58.000",418,1001.64,2303.03,9608.7,1
"emission_stem_semirigid","2000-01-01 01:06:59.000",419,1001.38,2298.85,9603.9,1
"emission_stem_semirigid","2000-01-01 01:07:00.000",420,1002.77,2302.23,9479.5,1
"emission_stem_semirigid","2000-01-01 01:07:01.000",421,1003.07,2302.44,9541.6,1
"emission_stem_semirigid","2000-01-01 01:07:02.000",422,1004.44,2300.77,9527.4,1
"emission_stem_semirigid","2000-01-01 01:07:03.000",423,1005.24,2299.89,9315.6,1
"emission_stem_semirigid","2000-01-01 01:07:04.000",424,1004.76,2309.06,9677.3,1
"emission_stem_semirigid","2000-01-01 01:07:05.000",425,1005.69,2301.89,9450.5,1
"emission_stem_semirigid","2000-01-01 01:07:06.000",426,1005.77,2302.42,9418.1,1
"emission_stem_semirigid","2000-01-01 01:07:07.000",427,1007.74,2301,9523.1,1
"emission_stem_semirigid","2000-01-01 01:07:08.000",428,1007.77,2302.31,9505.4,1
"emission_stem_semirigid","2000-01-01 01:07:09.000",429,1009.03,2307.24,9559.4,1
"emission_stem_semirigid","2000-01-01 01:07:10.000",430,1010.96,2304.21,9664,1
"emission_stem_semirigid","2000-01-01 01:07:11.000",431,1010.43,2308.05,9484.7,1
"emission_stem_semirigid","2000-01-01 01:07:12.000",432,1011.25,2301.25,9370.5,1
"emission_stem_semirigid","2000-01-01 01:07:13.000",433,1011.22,2304.91,9397.9,1
"emission_stem_semirigid","2000-01-01 01:07:14.000",434,1013.67,2305.01,9440.1,1
"emission_stem_semirigid","2000-01-01 01:07:15.000",435,1013.83,2307.26,9374.9,1
"emission_stem_semirigid","2000-01-01 01:07:16.000",436,1015.94,2304.32,9442.1,1
"emission_stem_semirigid","2000-01-01 01:07:17.000",437,1015.78,2306.29,9410.5,1
"emission_stem_semirigid","2000-01-01 01:07:18.000",438,1017.06,2307.67,9527.7,1
"emission_stem_semirigid","2000-01-01 01:07:19.000",439,1016.97,2307.32,9486.8,1
"emission_stem_semirigid","2000-01-01 01:07:20.000",440,1019.99,2305.63,9531,1
"emission_stem_semirigid","2000-01-01 01:07:21.000",441,1020.12,2309.33,9635.4,1
"emission_stem_semirigid","2000-01-01 01:07:22.000",442,1020.21,2307.76,9389.1,1
"emission_stem_semirigid","2000-01-01 01:07:23.000",443,1023.09,2309.47,9315.3,1
"emission_stem_semirigid","2000-01-01 01:07:24.000",444,1021.11,2312.61,9382.2,1
"emission_stem_semirigid","2000-01-01 01:07:25.000",445,1025.62,2312.15,9443.8,1
"emission_stem_semirigid","2000-01-01 01:07:26.000",446,1026.27,2311.62,9488.9,1
"emission_stem_semirigid","2000-01-01 01:07:27.000",447,1026.81,2311.48,9530.9,1
"emission_stem_semirigid","2000-01-01 01:07:28.000",448,1028.32,2314.73,9646.9,1
"emission_stem_semirigid","2000-01-01 01:07:29.000",449,1027.94,2308.19,9419.8,1
"emission_stem_semirigid","2000-01-01 01:07:30.000",450,1029.2,2310.25,9532.4,1
"emission_stem_semirigid","2000-01-01 01:07:31.000",451,1031.18,2312.34,9426.1,1
"emission_stem_semirigid","2000-01-01 01:07:32.000",452,1029.21,2310.24,9365.3,1
"emission_stem_semirigid","2000-01-01 01:07:33.000",453,1032.61,2308.86,9588.6,1
"emission_stem_semirigid","2000-01-01 01:07:34.000",454,1033.75,2316.02,9569.6,1
"emission_stem_semirigid","2000-01-01 01:07:35.000",455,1032.93,2319.5,9584.8,1
"emission_stem_semirigid","2000-01-01 01:07:36.000",456,1035.11,2315.1,9511.1,1
"emission_stem_semirigid","2000-01-01 01:07:37.000",457,1035.26,2310.74,9633.3,1
"emission_stem_semirigid","2000-01-01 01:07:38.000",458,1036.58,2310.16,9600.4,1
"emission_stem_semirigid","2000-01-01 01:07:39.000",459,1036.62,2315.76,9505.5,1
"emission_stem_semirigid","2000-01-01 01:07:40.000",460,1039.02,2316.36,9528.4,1
"emission_stem_semirigid","2000-01-01 01:07:41.000",461,1039.85,2312.06,9504.6,1
"emission_stem_semirigid","2000-01-01 01:07:42.000",462,1039.99,2313.6,9589.7,1
"emission_stem_semirigid","2000-01-01 01:07:43.000",463,1040.41,2316.62,9569.1,1
"emission_stem_semirigid","2000-01-01 01:07:44.000",464,1042.17,2312.49,9565.6,1
"emission_stem_semirigid","2000-01-01 01:07:45.000",465,1043.11,2315.07,9458,1
"emission_stem_semirigid","2000-01-01 01:07:46.000",466,1044.84,2317.04,9577,1
"emission_stem_semirigid","2000-01-01 01:07:47.000",467,1045.2,2318.66,9588.1,1
"emission_stem_semirigid","2000-01-01 01:07:48.000",468,1046.36,2314.23,9553.9,1
"emission_stem_semirigid","2000-01-01 01:07:49.000",469,1046.95,2322.35,9575.5,1
"emission_stem_semirigid","2000-01-01 01:07:50.000",470,1046.1,2316.27,9483,1
"emission_stem_semirigid","2000-01-01 01:07:51.000",471,1047.06,2316.32,9510.7,1
"emission_stem_semirigid","2000-01-01 01:07:52.000",472,1049.21,2318.2,9451.8,1
"emission_stem_semirigid","2000-01-01 01:07:53.000",473,1047.53,2317.48,9458.8,1
"emission_stem_semirigid","2000-01-01 01:07:54.000",474,1050.11,2319.79,9526.4,1
"emission_stem_semirigid","2000-01-01 01:07:55.000",475,1050.81,2320.01,9313,1
"emission_stem_semirigid","2000-01-01 01:07:56.000",476,1052.42,2319,9586.5,1
"emission_stem_semirigid","2000-01-01 01:07:57.000",477,1053.16,2318.48,9347.3,1
"emission_stem_semirigid","2000-01-01 01:07:58.000",478,1055.11,2323.87,9545.9,1
"emission_stem_semirigid","2000-01-01 01:07:59.000",479,1054.24,2323.34,9408.4,1
"emission_stem_semirigid","2000-01-01 01:08:00.000",480,1055.4,2320.63,9426.4,1
"emission_stem_semirigid","2000-01-01 01:08:01.000",481,1056.15,2318.9,9428.6,1
"emission_stem_semirigid","2000-01-01 01:08:02.000",482,1057.2,2319.95,9477.6,1
"emission_stem_semirigid","2000-01-01 01:08:03.000",483,1057.94,2322.42,9591.9,1
"emission_stem_semirigid","2000-01-01 01:08:04.000",484,1058.29,2323.82,9466.5,1
"emission_stem_semirigid","2000-01-01 01:08:05.000",485,1060.23,2321.58,9316.1,1
"emission_stem_semirigid","2000-01-01 01:08:06.000",486,1059.06,2325.48,9486.5,1
"emission_stem_semirigid","2000-01-01 01:08:07.000",487,1060.46,2323.6,9614.5,1
"emission_stem_semirigid","2000-01-01 01:08:08.000",488,1060.86,2323.7,9284.1,1
"emission_stem_semirigid","2000-01-01 01:08:09.000",489,1063.61,2324.03,9364.2,1
"emission_stem_semirigid","2000-01-01 01:08:10.000",490,1064.73,2328.07,9523.9,1
"emission_stem_semirigid","2000-01-01 01:08:11.000",491,1065.04,2325.52,9503.3,1
"emission_stem_semirigid","2000-01-01 01:08:12.000",492,1064.23,2328.72,9416.2,1
"emission_stem_semirigid","2000-01-01 01:08:13.000",493,1067.11,2326.61,9419.2,1
"emission_stem_semirigid","2000-01-01 01:08:14.000",494,1067,2325.11,9261.3,1
"emission_stem_semirigid","2000-01-01 01:08:15.000",495,1070.69,2325.88,9386,1
"emission_stem_semirigid","2000-01-01 01:08:16.000",496,1071.42,2328.12,9504.8,1
"emission_stem_semirigid","2000-01-01 01:08:17.000",497,1071.42,2332.31,9503.5,1
"emission_stem_semirigid","2000-01-01 01:08:18.000",498,1072.19,2323.31,9386.9,1
"emission_stem_semirigid","2000-01-01 01:08:19.000",499,1072.82,2326.43,9485.7,1
"emission_stem_semirigid","2000-01-01 01:08:20.000",500,1073.45,2331.2,9563.9,1
"emission_stem_semirigid","2000-01-01 01:08:21.000",501,1075.28,2329.12,9419.3,1
"emission_stem_semirigid","2000-01-01 01:08:22.000",502,1075.44,2331.27,9404.5,1
"emission_stem_semirigid","2000-01-01 01:08:23.000",503,1079.78,2333.39,9500.7,1
"emission_stem_semirigid","2000-01-01 01:08:24.000",504,1077.95,2327.18,9447.2,1
"emission_stem_semirigid","2000-01-01 01:08:25.000",505,1079.79,2327.44,9348.8,1
"emission_stem_semirigid","2000-01-01 01:08:26.000",506,1079.54,2329.62,9500.8,1
"emission_stem_semirigid","2000-01-01 01:08:27.000",507,1082.26,2335.09,9683.2,1
"emission_stem_semirigid","2000-01-01 01:08:28.000",508,1083.5,2334.37,9509.4,1
"emission_stem_semirigid","2000-01-01 01:08:29.000",509,1084.54,2334.24,9298.7,1
"emission_stem_semirigid","2000-01-01 01:08:30.000",510,1083.43,2330.73,9406,1
"emission_stem_semirigid","2000-01-01 01:08:31.000",511,1085.76,2337.97,9544.3,1
"emission_stem_semirigid","2000-01-01 01:08:32.000",512,1085.36,2336.11,9503.6,1
"emission_stem_semirigid","2000-01-01 01:08:33.000",513,1087.56,2334.75,9704.8,1
"emission_stem_semirigid","2000-01-01 01:08:34.000",514,1086.76,2338.04,9511.8,1
"emission_stem_semirigid","2000-01-01 01:08:35.000",515,1089.07,2334.57,9484.2,1
"emission_stem_semirigid","2000-01-01 01:08:36.000",516,1088.25,2337.24,9449.8,1
"emission_stem_semirigid","2000-01-01 01:08:37.000",517,1090.1,2330.32,9419.4,1
"emission_stem_semirigid","2000-01-01 01:08:38.000",518,1090.98,2338.09,9606.8,1
"emission_stem_semirigid","2000-01-01 01:08:39.000",519,1092.82,2332.95,9654.9,1
"emission_stem_semirigid","2000-01-01 01:08:40.000",520,1091.69,2336.73,9426.6,1
"emission_stem_semirigid","2000-01-01 01:08:41.000",521,1093.73,2334.81,9618.7,1
"emission_stem_semirigid","2000-01-01 01:08:42.000",522,1095.24,2337.76,9650.6,1
"emission_stem_semirigid","2000-01-01 01:08:43.000",523,1096.13,2337.88,9509.6,1
"emission_stem_semirigid","2000-01-01 01:08:44.000",524,1096.93,2339.14,9423.5,1
"emission_stem_semirigid","2000-01-01 01:08:45.000",525,1097.22,2341.43,9509.4,1
"emission_stem_semirigid","2000-01-01 01:08:46.000",526,1099.67,2343.69,9543.2,1
"emission_stem_semirigid","2000-01-01 01:08:47.000",527,1099.68,2338.79,9573.7,1
"emission_stem_semirigid","2000-01-01 01:08:48.000",528,1100.31,2342.02,9637.2,1
"emission_stem_semirigid","2000-01-01 01:08:49.000",529,1099.39,2339.44,9623.1,1
"emission_stem_semirigid","2000-01-01 01:08:50.000",530,1101.07,2345.13,9582.1,1
"emission_stem_semirigid","2000-01-01 01:08:51.000",531,1101.84,2341.59,9391,1
"emission_stem_semirigid","2000-01-01 01:08:52.000",532,1102.91,2344.3,9604.4,1
"emission_stem_semirigid","2000-01-01 01:08:53.000",533,1104.09,2340.39,9542.9,1
"emission_stem_semirigid","2000-01-01 01:08:54.000",534,1103.45,2338.08,9403.6,1
"emission_stem_semirigid","2000-01-01 01:08:55.000",535,1104.77,2342.26,9542.5,1
"emission_stem_semirigid","2000-01-01 01:08:56.000",536,1106.8,2342.34,9678.5,1
"emission_stem_semirigid","2000-01-01 01:08:57.000",537,1107.24,2343.32,9651.7,1
"emission_stem_semirigid","2000-01-01 01:08:58.000",538,1106.54,2341.71,9588,1
"emission_stem_semirigid","2000-01-01 01:08:59.000",539,1110.08,2343.6,9480,1
"emission_stem_semirigid","2000-01-01 01:09:00.000",540,1108.65,2343.72,9590.9,1
"emission_stem_semirigid","2000-01-01 01:09:01.000",541,1109.6,2344.78,9475.6,1
"emission_stem_semirigid","2000-01-01 01:09:02.000",542,1111.21,2342.99,9415.2,1
"emission_stem_semirigid","2000-01-01 01:09:03.000",543,1111.68,2343.22,9537.5,1
"emission_stem_semirigid","2000-01-01 01:09:04.000",544,1110.75,2347.69,9595.5,1
"emission_stem_semirigid","2000-01-01 01:09:05.000",545,1114.29,2346.8,9535.1,1
"emission_stem_semirigid","2000-01-01 01:09:06.000",546,1114.47,2342.91,9598,1
"emission_stem_semirigid","2000-01-01 01:09:07.000",547,1115.96,2344.11,9597.2,1
"emission_stem_semirigid","2000-01-01 01:09:08.000",548,1115.06,2345.33,9439.1,1
"emission_stem_semirigid","2000-01-01 01:09:09.000",549,1114.83,2343.57,9514.9,1
"emission_stem_semirigid","2000-01-01 01:09:10.000",550,1116.63,2346.28,9588.8,1
"emission_stem_semirigid","2000-01-01 01:09:11.000",551,1120.01,2346.45,9429,1
"emission_stem_semirigid","2000-01-01 01:09:12.000",552,1118.28,2344.71,9428.5,1
"emission_stem_semirigid","2000-01-01 01:09:13.000",553,1119.68,2347.37,9790.7,1
"emission_stem_semirigid","2000-01-01 01:09:14.000",554,1121.5,2349.7,9627.6,1
"emission_stem_semirigid","2000-01-01 01:09:15.000",555,1121.32,2349.48,9594.8,1
"emission_stem_semirigid","2000-01-01 01:09:16.000",556,1123.23,2347.86,9432.6,1
"emission_stem_semirigid","2000-01-01 01:09:17.000",557,1122.51,2349.57,9473.4,1
"emission_stem_semirigid","2000-01-01 01:09:18.000",558,1124.2,2349.55,9718.8,1
"emission_stem_semirigid","2000-01-01 01:09:19.000",559,1124.95,2355.34,9614.9,1
"emission_stem_semirigid","2000-01-01 01:09:20.000",560,1126.48,2349.44,9573.2,1
"emission_stem_semirigid","2000-01-01 01:09:21.000",561,1126.77,2354.74,9745.3,1
"emission_stem_semirigid","2000-01-01 01:09:22.000",562,1127.07,2351.39,9727.2,1
"emission_stem_semirigid","2000-01-01 01:09:23.000",563,1128.61,2345.9,9479.7,1
"emission_stem_semirigid","2000-01-01 01:09:24.000",564,1128.59,2352.51,9616.5,1
"emission_stem_semirigid","2000-01-01 01:09:25.000",565,1130.29,2353.47,9615.2,1
"emission_stem_semirigid","2000-01-01 01:09:26.000",566,1130.14,2350.75,9762.2,1
"emission_stem_semirigid","2000-01-01 01:09:27.000",567,1132.34,2351.38,9475.3,1
"emission_stem_semirigid","2000-01-01 01:09:28.000",568,1130.62,2353.5,9548.7,1
"emission_stem_semirigid","2000-01-01 01:09:29.000",569,1131.42,2353.44,9624,1
"emission_stem_semirigid","2000-01-01 01:09:30.000",570,1132.82,2353.45,9716,1
"emission_stem_semirigid","2000-01-01 01:09:31.000",571,1132.87,2353.95,9671.6,1
"emission_stem_semirigid","2000-01-01 01:09:32.000",572,1132.37,2356.35,9616.3,1
"emission_stem_semirigid","2000-01-01 01:09:33.000",573,1135.06,2352.66,9668.4,1
"emission_stem_semirigid","2000-01-01 01:09:34.000",574,1135.94,2353.32,9732.6,1
"emission_stem_semirigid","2000-01-01 01:09:35.000",575,1137.53,2355.8,9604.4,1
"emission_stem_semirigid","2000-01-01 01:09:36.000",576,1139.04,2354.96,9950,1
"emission_stem_semirigid","2000-01-01 01:09:37.000",577,1138.52,2359.13,9566.2,1
"emission_stem_semirigid","2000-01-01 01:09:38.000",578,1137.17,2354.45,9655.4,1
"emission_stem_semirigid","2000-01-01 01:09:39.000",579,1139.46,2354.24,9572.2,1
"emission_stem_semirigid","2000-01-01 01:09:40.000",580,1139.73,2355.98,9829.4,1
"emission_stem_semirigid","2000-01-01 01:09:41.000",581,1141.05,2357.53,9656.9,1
"emission_stem_semirigid","2000-01-01 01:09:42.000",582,1142.07,2356.29,9815.7,1
"emission_stem_semirigid","2000-01-01 01:09:43.000",583,1141.91,2361.47,9978.6,1
"emission_stem_semirigid","2000-01-01 01:09:44.000",584,1144.74,2354.52,9811.8,1
"emission_stem_semirigid","2000-01-01 01:09:45.000",585,1142.85,2355.01,9774,1
"emission_stem_semirigid","2000-01-01 01:09:46.000",586,1144,2358.79,9732.3,1
"emission_stem_semirigid","2000-01-01 01:09:47.000",587,1145.21,2357.36,9818.2,1
"emission_stem_semirigid","2000-01-01 01:09:48.000",588,1145.5,2357.57,9748.4,1
"emission_stem_semirigid","2000-01-01 01:09:49.000",589,1147.01,2360.31,9699.3,1
"emission_stem_semirigid","2000-01-01 01:09:50.000",590,1147.38,2359.28,9569.8,1
"emission_stem_semirigid","2000-01-01 01:09:51.000",591,1147.96,2357.4,9730.4,1
"emission_stem_semirigid","2000-01-01 01:09:52.000",592,1149.1,2361.26,9806.8,1
"emission_stem_semirigid","2000-01-01 01:09:53.000",593,1150.03,2366.14,9687.7,1
"emission_stem_semirigid","2000-01-01 01:09:54.000",594,1151.24,2361.46,9730.8,1
"emission_stem_semirigid","2000-01-01 01:09:55.000",595,1151.93,2362.44,9881.5,1
"emission_stem_semirigid","2000-01-01 01:09:56.000",596,1150.62,2360.81,9809.5,1
"emission_stem_semirigid","2000-01-01 01:09:57.000",597,1153.73,2358.45,9869.5,1
"emission_stem_semirigid","2000-01-01 01:09:58.000",598,1154.06,2359.81,9727,1
"emission_stem_semirigid","2000-01-01 01:09:59.000",599,1154.71,2364.51,9762.7,1
"emission_stem_semirigid","2000-01-01 01:09:59.000",599,1154.07,2362.51,9914.5,1
"emission_stem_semirigid","2000-01-01 01:10:00.000",600,1153.91,2363.36,9815.7,1
"emission_stem_semirigid","2000-01-01 01:10:01.000",601,1155.89,2360.71,9686.3,1
"emission_stem_semirigid","2000-01-01 01:10:02.000",602,1156.21,2363.93,9720.2,1
"emission_stem_semirigid","2000-01-01 01:10:03.000",603,1157.94,2361.83,9694.1,1
"emission_stem_semirigid","2000-01-01 01:10:04.000",604,1157.38,2364.02,9625.4,1
"emission_stem_semirigid","2000-01-01 01:10:05.000",605,1157.62,2364.49,9714.7,1
"emission_stem_semirigid","2000-01-01 01:10:06.000",606,1159.36,2364.26,9649.4,1
"emission_stem_semirigid","2000-01-01 01:10:07.000",607,1161.64,2364.91,9841.5,1
"emission_stem_semirigid","2000-01-01 01:10:08.000",608,1159.61,2368.87,9813.8,1
"emission_stem_semirigid","2000-01-01 01:10:09.000",609,1162.06,2365.97,9813,1
"emission_stem_semirigid","2000-01-01 01:10:10.000",610,1163.12,2365.81,9753.3,1
"emission_stem_semirigid","2000-01-01 01:10:11.000",611,1164.15,2362.44,9450.1,1
"emission_stem_semirigid","2000-01-01 01:10:12.000",612,1163.73,2365.34,9712.2,1
"emission_stem_semirigid","2000-01-01 01:10:13.000",613,1164.67,2366.62,9652.5,1
"emission_stem_semirigid","2000-01-01 01:10:14.000",614,1164.23,2368.13,9657.1,1
"emission_stem_semirigid","2000-01-01 01:10:15.000",615,1164.35,2369.19,9811.6,1
"emission_stem_semirigid","2000-01-01 01:10:16.000",616,1167.68,2369.44,9731.4,1
"emission_stem_semirigid","2000-01-01 01:10:17.000",617,1169.35,2364.28,9549.8,1
"emission_stem_semirigid","2000-01-01 01:10:18.000",618,1168.36,2371.37,9597.7,1
"emission_stem_semirigid","2000-01-01 01:10:19.000",619,1169.25,2373.22,9718.8,1
"emission_stem_semirigid","2000-01-01 01:10:20.000",620,1169.18,2367.4,9557.6,1
"emission_stem_semirigid","2000-01-01 01:10:21.000",621,1169.53,2369.5,9494.4,1
"emission_stem_semirigid","2000-01-01 01:10:22.000",622,1170.67,2375.34,9853.2,1
"emission_stem_semirigid","2000-01-01 01:10:23.000",623,1171.85,2369.82,9696.1,1
"emission_stem_semirigid","2000-01-01 01:10:24.000",624,1172.97,2369.24,9706.9,1
"emission_stem_semirigid","2000-01-01 01:10:25.000",625,1173.67,2367.89,9631.7,1
"emission_stem_semirigid","2000-01-01 01:10:26.000",626,1172.55,2369.34,9515.4,1
"emission_stem_semirigid","2000-01-01 01:10:27.000",627,1174.19,2366.83,9585.6,1
"emission_stem_semirigid","2000-01-01 01:10:28.000",628,1173.14,2372.25,9724.2,1
"emission_stem_semirigid","2000-01-01 01:10:29.000",629,1175.21,2369.58,9739.5,1
"emission_stem_semirigid","2000-01-01 01:10:30.000",630,1177.2,2375.28,9641.5,1
"emission_stem_semirigid","2000-01-01 01:10:31.000",631,1177.48,2372.69,9767,1
"emission_stem_semirigid","2000-01-01 01:10:32.000",632,1178.76,2373.96,9663.7,1
"emission_stem_semirigid","2000-01-01 01:10:33.000",633,1177.88,2370.63,9570.2,1
"emission_stem_semirigid","2000-01-01 01:10:34.000",634,1178.49,2374.22,9555,1
"emission_stem_semirigid","2000-01-01 01:10:35.000",635,1179.05,2372.98,9516.3,1
"emission_stem_semirigid","2000-01-01 01:10:36.000",636,1180.24,2370.22,9568.9,1
"emission_stem_semirigid","2000-01-01 01:10:37.000",637,1182.78,2368.71,9670.6,1
"emission_stem_semirigid","2000-01-01 01:10:38.000",638,1181.93,2372.89,9709.7,1
"emission_stem_semirigid","2000-01-01 01:10:39.000",639,1182.47,2377.45,9650.2,1
"emission_stem_semirigid","2000-01-01 01:10:40.000",640,1182.53,2375.65,9771.8,1
"emission_stem_semirigid","2000-01-01 01:10:41.000",641,1184.71,2371.69,9748,1
"emission_stem_semirigid","2000-01-01 01:10:42.000",642,1184.01,2373.78,9662.7,1
"emission_stem_semirigid","2000-01-01 01:10:43.000",643,1186.13,2375.04,9749.9,1
"emission_stem_semirigid","2000-01-01 01:10:44.000",644,1187.43,2373.23,9559.3,1
"emission_stem_semirigid","2000-01-01 01:10:45.000",645,1186.42,2373.96,9575.7,1
"emission_stem_semirigid","2000-01-01 01:10:46.000",646,1186.4,2373.32,9586.7,1
"emission_stem_semirigid","2000-01-01 01:10:47.000",647,1189.53,2373.56,9678.2,1
"emission_stem_semirigid","2000-01-01 01:10:48.000",648,1189.51,2375.2,9364.3,1
"emission_stem_semirigid","2000-01-01 01:10:49.000",649,1190.91,2375.49,9492,1
"emission_stem_semirigid","2000-01-01 01:10:50.000",650,1191.31,2377.47,9518.7,1
"emission_stem_semirigid","2000-01-01 01:10:51.000",651,1193.25,2380.99,9849.8,1
"emission_stem_semirigid","2000-01-01 01:10:52.000",652,1194.28,2378.08,9735,1
"emission_stem_semirigid","2000-01-01 01:10:53.000",653,1192.79,2379.92,9591.9,1
"emission_stem_semirigid","2000-01-01 01:10:54.000",654,1195.34,2379.63,9710.8,1
"emission_stem_semirigid","2000-01-01 01:10:55.000",655,1196.92,2376.77,9495.5,1
"emission_stem_semirigid","2000-01-01 01:10:56.000",656,1197.27,2380.67,9664.1,1
"emission_stem_semirigid","2000-01-01 01:10:57.000",657,1195.93,2379.8,9695.1,1
"emission_stem_semirigid","2000-01-01 01:10:58.000",658,1197.28,2380.77,9536.3,1
"emission_stem_semirigid","2000-01-01 01:10:59.000",659,1197.01,2379.08,9609.2,1
"emission_stem_semirigid","2000-01-01 01:11:00.000",660,1199.09,2380.53,9530.2,1
"emission_stem_semirigid","2000-01-01 01:11:01.000",661,1197.98,2386.34,9564.8,1
"emission_stem_semirigid","2000-01-01 01:11:02.000",662,1198.24,2379.72,9549,1
"emission_stem_semirigid","2000-01-01 01:11:03.000",663,1197.9,2383.07,9630,1
"emission_stem_semirigid","2000-01-01 01:11:04.000",664,1200.07,2385.95,9649.5,1
"emission_stem_semirigid","2000-01-01 01:11:05.000",665,1199.83,2379.82,9707.5,1
"emission_stem_semirigid","2000-01-01 01:11:06.000",666,1198.87,2382.98,9755.7,1
"emission_stem_semirigid","2000-01-01 01:11:07.000",667,1198.86,2384.14,9642.9,1
"emission_stem_semirigid","2000-01-01 01:11:08.000",668,1198.95,2382.51,9643.2,1
"emission_stem_semirigid","2000-01-01 01:11:09.000",669,1200.63,2382.32,9655.6,1
"emission_stem_semirigid","2000-01-01 01:11:10.000",670,1199.05,2385.25,9644,1
"emission_stem_semirigid","2000-01-01 01:11:11.000",671,1198.64,2381.48,9594.7,1
"emission_stem_semirigid","2000-01-01 01:11:12.000",672,1200.67,2381.85,9743.8,1
"emission_stem_semirigid","2000-01-01 01:11:13.000",673,1198.92,2383.95,9734.1,1
"emission_stem_semirigid","2000-01-01 01:11:14.000",674,1198.4,2387.22,9655,1
"emission_stem_semirigid","2000-01-01 01:11:15.000",675,1198.42,2382.26,9709.8,1
"emission_stem_semirigid","2000-01-01 01:11:16.000",676,1196.51,2381.71,9508,1
"emission_stem_semirigid","2000-01-01 01:11:17.000",677,1198.07,2383.88,9555.5,1
"emission_stem_semirigid","2000-01-01 01:11:18.000",678,1198.79,2381.37,9763.9,1
"emission_stem_semirigid","2000-01-01 01:11:19.000",679,1197.36,2389.53,9720.7,1
"emission_stem_semirigid","2000-01-01 01:11:20.000",680,1198.94,2381.57,9571,1
"emission_stem_semirigid","2000-01-01 01:11:21.000",681,1199.13,2384.98,9659.3,1
"emission_stem_semirigid","2000-01-01 01:11:22.000",682,1198.51,2381.22,9548.4,1
"emission_stem_semirigid","2000-01-01 01:11:23.000",683,1199.61,2385.02,9842,1
"emission_stem_semirigid","2000-01-01 01:11:24.000",684,1200.82,2380.5,9682.8,1
"emission_stem_semirigid","2000-01-01 01:11:25.000",685,1200.45,2379.42,9597.6,1
"emission_stem_semirigid","2000-01-01 01:11:26.000",686,1201.46,2383.07,9645.8,1
"emission_stem_semirigid","2000-01-01 01:11:27.000",687,1201.5,2381.77,9521.1,1
"emission_stem_semirigid","2000-01-01 01:11:28.000",688,1203.41,2380.37,9731.5,1
"emission_stem_semirigid","2000-01-01 01:11:29.000",689,1202.73,2383.91,9691.4,1
"emission_stem_semirigid","2000-01-01 01:11:30.000",690,1203.75,2382.47,9600.1,1
"emission_stem_semirigid","2000-01-01 01:11:31.000",691,1203.31,2384.53,9780.8,1
"emission_stem_semirigid","2000-01-01 01:11:32.000",692,1205.69,2379.63,9692.4,1
"emission_stem_semirigid","2000-01-01 01:11:33.000",693,1205.83,2383.83,9739.7,1
"emission_stem_semirigid","2000-01-01 01:11:34.000",694,1206.85,2385.47,9743.2,1
"emission_stem_semirigid","2000-01-01 01:11:35.000",695,1207.58,2381.78,9613.7,1
"emission_stem_semirigid","2000-01-01 01:11:36.000",696,1210.98,2386.41,9867.2,1
"emission_stem_semirigid","2000-01-01 01:11:37.000",697,1210.43,2389.7,9786.4,1
"emission_stem_semirigid","2000-01-01 01:11:38.000",698,1209.71,2387.9,9707.3,1
"emission_stem_semirigid","2000-01-01 01:11:39.000",699,1211.23,2393.16,9871.8,1
"emission_stem_semirigid","2000-01-01 01:11:40.000",700,1212.04,2386.04,9653.9,1
"emission_stem_semirigid","2000-01-01 01:11:41.000",701,1212.73,2385.72,9670.4,1
"emission_stem_semirigid","2000-01-01 01:11:42.000",702,1213.2,2386.86,9802.1,1
"emission_stem_semirigid","2000-01-01 01:11:43.000",703,1214.27,2390.07,9650.3,1
"emission_stem_semirigid","2000-01-01 01:11:44.000",704,1213.87,2391.67,9865.1,1
"emission_stem_semirigid","2000-01-01 01:11:45.000",705,1215.63,2388.47,9849.1,1
"emission_stem_semirigid","2000-01-01 01:11:46.000",706,1216.08,2386.86,9706.5,1
"emission_stem_semirigid","2000-01-01 01:11:47.000",707,1216.46,2395.01,9683.1,1
"emission_stem_semirigid","2000-01-01 01:11:48.000",708,1217.43,2387.29,9658.5,1
"emission_stem_semirigid","2000-01-01 01:11:49.000",709,1218.79,2392.54,9639.9,1
"emission_stem_semirigid","2000-01-01 01:11:50.000",710,1220.44,2388.41,9608,1
"emission_stem_semirigid","2000-01-01 01:11:51.000",711,1219.56,2395.17,9600.9,1
"emission_stem_semirigid","2000-01-01 01:11:52.000",712,1221.44,2395.63,9825.8,1
"emission_stem_semirigid","2000-01-01 01:11:53.000",713,1223.2,2395.31,9653.3,1
"emission_stem_semirigid","2000-01-01 01:11:54.000",714,1223.02,2397.73,9723.1,1
"emission_stem_semirigid","2000-01-01 01:11:55.000",715,1224.51,2396.99,9730.9,1
"emission_stem_semirigid","2000-01-01 01:11:56.000",716,1225.37,2397.7,9751.7,1
"emission_stem_semirigid","2000-01-01 01:11:57.000",717,1227.49,2395.29,9746.3,1
"emission_stem_semirigid","2000-01-01 01:11:58.000",718,1226.28,2396.05,9789.1,1
"emission_stem_semirigid","2000-01-01 01:11:59.000",719,1226.57,2393.1,9532.3,1
"emission_stem_semirigid","2000-01-01 01:12:00.000",720,1228.69,2397.18,9721.3,1
"emission_stem_semirigid","2000-01-01 01:12:01.000",721,1229.44,2398.41,9723.6,1
"emission_stem_semirigid","2000-01-01 01:12:02.000",722,1230.2,2397.94,9620.2,1
"emission_stem_semirigid","2000-01-01 01:12:03.000",723,1232.29,2398.83,9530.1,1
"emission_stem_semirigid","2000-01-01 01:12:04.000",724,1231.12,2400.44,9499.3,1
"emission_stem_semirigid","2000-01-01 01:12:05.000",725,1234.18,2399.78,9807.4,1
"emission_stem_semirigid","2000-01-01 01:12:06.000",726,1235.29,2399.02,9617.9,1
"emission_stem_semirigid","2000-01-01 01:12:07.000",727,1235.27,2399.68,9828.5,1
"emission_stem_semirigid","2000-01-01 01:12:08.000",728,1235.78,2399.09,9728.5,1
"emission_stem_semirigid","2000-01-01 01:12:09.000",729,1236.11,2401.09,9331.4,1
"emission_stem_semirigid","2000-01-01 01:12:10.000",730,1237.17,2401.65,9644.3,1
"emission_stem_semirigid","2000-01-01 01:12:11.000",731,1238.74,2402.55,9541.9,1
"emission_stem_semirigid","2000-01-01 01:12:12.000",732,1241.31,2404.56,9681,1
"emission_stem_semirigid","2000-01-01 01:12:13.000",733,1241.07,2403.23,9723,1
"emission_stem_semirigid","2000-01-01 01:12:14.000",734,1241.27,2405.72,9632.6,1
"emission_stem_semirigid","2000-01-01 01:12:15.000",735,1242.83,2400.74,9726.2,1
"emission_stem_semirigid","2000-01-01 01:12:16.000",736,1242.58,2403.66,9603.8,1
"emission_stem_semirigid","2000-01-01 01:12:17.000",737,1245.87,2403.35,9771.9,1
"emission_stem_semirigid","2000-01-01 01:12:18.000",738,1245.9,2406.09,9835.9,1
"emission_stem_semirigid","2000-01-01 01:12:19.000",739,1247.01,2407.06,9578.8,1
"emission_stem_semirigid","2000-01-01 01:12:20.000",740,1247.83,2403.63,9632.7,1
"emission_stem_semirigid","2000-01-01 01:12:21.000",741,1249.29,2401.77,9743.8,1
"emission_stem_semirigid","2000-01-01 01:12:22.000",742,1249.64,2408.54,9856.6,1
"emission_stem_semirigid","2000-01-01 01:12:23.000",743,1250.86,2402.86,9671.8,1
"emission_stem_semirigid","2000-01-01 01:12:24.000",744,1250.62,2403.85,9639,1
"emission_stem_semirigid","2000-01-01 01:12:25.000",745,1252.41,2408.02,9766.8,1
"emission_stem_semirigid","2000-01-01 01:12:26.000",746,1253.47,2404.85,9696.8,1
"emission_stem_semirigid","2000-01-01 01:12:27.000",747,1254.46,2404.5,9734.3,1
"emission_stem_semirigid","2000-01-01 01:12:28.000",748,1255.59,2404.95,9645.2,1
"emission_stem_semirigid","2000-01-01 01:12:29.000",749,1256.88,2408.66,9587,1
"emission_stem_semirigid","2000-01-01 01:12:30.000",750,1256.6,2410.34,9624.9,1
"emission_stem_semirigid","2000-01-01 01:12:31.000",751,1256.49,2409.13,9546.2,1
"emission_stem_semirigid","2000-01-01 01:12:32.000",752,1257.57,2406.05,9579.5,1
"emission_stem_semirigid","2000-01-01 01:12:33.000",753,1262.09,2408.38,9820,1
"emission_stem_semirigid","2000-01-01 01:12:34.000",754,1261.9,2413.59,9737.6,1
"emission_stem_semirigid","2000-01-01 01:12:35.000",755,1260.81,2409.49,9680.7,1
"emission_stem_semirigid","2000-01-01 01:12:36.000",756,1262.17,2408.6,9548.3,1
"emission_stem_semirigid","2000-01-01 01:12:37.000",757,1264.65,2408.91,9701.1,1
"emission_stem_semirigid","2000-01-01 01:12:38.000",758,1263.97,2410.57,9582.3,1
"emission_stem_semirigid","2000-01-01 01:12:39.000",759,1265.93,2410.65,9599.1,1
"emission_stem_semirigid","2000-01-01 01:12:40.000",760,1266.68,2415.32,9942.6,1
"emission_stem_semirigid","2000-01-01 01:12:41.000",761,1269.1,2413.26,9641.7,1
"emission_stem_semirigid","2000-01-01 01:12:42.000",762,1267.91,2414.21,9605.4,1
"emission_stem_semirigid","2000-01-01 01:12:43.000",763,1270.2,2413.64,9848.6,1
"emission_stem_semirigid","2000-01-01 01:12:44.000",764,1270.93,2412.01,9706.8,1
"emission_stem_semirigid","2000-01-01 01:12:45.000",765,1270.64,2415.31,9701.5,1
"emission_stem_semirigid","2000-01-01 01:12:46.000",766,1272.42,2415.57,10011.1,1
"emission_stem_semirigid","2000-01-01 01:12:47.000",767,1273.81,2414.09,9799.6,1
"emission_stem_semirigid","2000-01-01 01:12:48.000",768,1274.55,2413.64,9752.5,1
"emission_stem_semirigid","2000-01-01 01:12:49.000",769,1274.02,2414.89,9889,1
"emission_stem_semirigid","2000-01-01 01:12:50.000",770,1274.7,2415.87,9815.3,1
"emission_stem_semirigid","2000-01-01 01:12:51.000",771,1274.68,2414.21,9707.2,1
"emission_stem_semirigid","2000-01-01 01:12:52.000",772,1277.3,2416.33,9728.7,1
"emission_stem_semirigid","2000-01-01 01:12:53.000",773,1278.45,2418.27,9641.2,1
"emission_stem_semirigid","2000-01-01 01:12:54.000",774,1278,2415.26,9655.5,1
"emission_stem_semirigid","2000-01-01 01:12:55.000",775,1279.67,2418.5,9647.4,1
"emission_stem_semirigid","2000-01-01 01:12:56.000",776,1279.83,2423.14,9675,1
"emission_stem_semirigid","2000-01-01 01:12:57.000",777,1278.46,2420.67,9775,1
"emission_stem_semirigid","2000-01-01 01:12:58.000",778,1282.33,2417.25,9566.2,1
"emission_stem_semirigid","2000-01-01 01:12:59.000",779,1283.27,2421.18,9691.6,1
"emission_stem_semirigid","2000-01-01 01:13:00.000",780,1283.81,2416.75,9693.1,1
"emission_stem_semirigid","2000-01-01 01:13:01.000",781,1283.44,2422.03,9676.6,1
"emission_stem_semirigid","2000-01-01 01:13:02.000",782,1283.48,2422.29,9729.8,1
"emission_stem_semirigid","2000-01-01 01:13:03.000",783,1286.84,2415.43,9550.1,1
"emission_stem_semirigid","2000-01-01 01:13:03.000",783,1285.67,2420.41,9826.6,1
"emission_stem_semirigid","2000-01-01 01:13:04.000",784,1286.66,2419.84,9556.5,1
"emission_stem_semirigid","2000-01-01 01:13:05.000",785,1286.77,2421.37,9651.2,1
"emission_stem_semirigid","2000-01-01 01:13:06.000",786,1289.56,2421.48,9672.1,1
"emission_stem_semirigid","2000-01-01 01:13:07.000",787,1290.52,2417.6,9630.2,1
"emission_stem_semirigid","2000-01-01 01:13:08.000",788,1290.6,2424.05,9584.8,1
"emission_stem_semirigid","2000-01-01 01:13:09.000",789,1290.4,2416.07,9705.1,1
"emission_stem_semirigid","2000-01-01 01:13:10.000",790,1292.65,2424.97,9632.5,1
"emission_stem_semirigid","2000-01-01 01:13:11.000",791,1292.57,2421.98,9797.5,1
"emission_stem_semirigid","2000-01-01 01:13:12.000",792,1292.45,2424.62,9746.4,1
"emission_stem_semirigid","2000-01-01 01:13:13.000",793,1294.04,2424.65,9705.4,1
"emission_stem_semirigid","2000-01-01 01:13:14.000",794,1294.17,2423.94,9703.7,1
"emission_stem_semirigid","2000-01-01 01:13:15.000",795,1295.06,2423.03,9656.4,1
"emission_stem_semirigid","2000-01-01 01:13:16.000",796,1296.49,2427.45,9687.9,1
"emission_stem_semirigid","2000-01-01 01:13:17.000",797,1297.82,2425.38,9880,1
"emission_stem_semirigid","2000-01-01 01:13:18.000",798,1299.44,2423.15,9694.5,1
"emission_stem_semirigid","2000-01-01 01:13:19.000",799,1301.62,2424.13,9771,1
"emission_stem_semirigid","2000-01-01 01:13:20.000",800,1302.28,2427.15,9668.1,1
"emission_stem_semirigid","2000-01-01 01:13:21.000",801,1304.26,2425.7,9800.7,1
"emission_stem_semirigid","2000-01-01 01:13:22.000",802,1303.97,2426.23,9651.8,1
"emission_stem_semirigid","2000-01-01 01:13:23.000",803,1308.13,2428.27,9641.5,1
"emission_stem_semirigid","2000-01-01 01:13:24.000",804,1308.86,2425.83,9852.4,1
"emission_stem_semirigid","2000-01-01 01:13:25.000",805,1310.92,2429.4,9791.3,1
"emission_stem_semirigid","2000-01-01 01:13:26.000",806,1310.68,2424.85,9721,1
"emission_stem_semirigid","2000-01-01 01:13:27.000",807,1314.02,2426.44,9541.7,1
"emission_stem_semirigid","2000-01-01 01:13:28.000",808,1314.51,2424.94,9784.9,1
"emission_stem_semirigid","2000-01-01 01:13:29.000",809,1314.96,2427.92,9756.2,1
"emission_stem_semirigid","2000-01-01 01:13:30.000",810,1316.35,2429.58,9737,1
"emission_stem_semirigid","2000-01-01 01:13:31.000",811,1316.99,2428.27,9596.8,1
"emission_stem_semirigid","2000-01-01 01:13:32.000",812,1318.89,2432.55,9711.6,1
"emission_stem_semirigid","2000-01-01 01:13:33.000",813,1318.41,2430.75,9556.8,1
"emission_stem_semirigid","2000-01-01 01:13:34.000",814,1319.88,2430.61,9639.3,1
"emission_stem_semirigid","2000-01-01 01:13:35.000",815,1321.18,2427.92,9728.6,1
"emission_stem_semirigid","2000-01-01 01:13:36.000",816,1319.74,2428.98,9686.7,1
"emission_stem_semirigid","2000-01-01 01:13:37.000",817,1320.96,2429.81,9532.2,1
"emission_stem_semirigid","2000-01-01 01:13:38.000",818,1321.37,2431.75,9711.5,1
"emission_stem_semirigid","2000-01-01 01:13:39.000",819,1322.41,2427.2,9658.9,1
"emission_stem_semirigid","2000-01-01 01:13:40.000",820,1323.16,2423.69,9544.2,1
"emission_stem_semirigid","2000-01-01 01:13:41.000",821,1321.94,2428.83,9697.4,1
"emission_stem_semirigid","2000-01-01 01:13:42.000",822,1323.06,2429.1,9571.9,1
"emission_stem_semirigid","2000-01-01 01:13:43.000",823,1324.03,2428.29,9583.4,1
"emission_stem_semirigid","2000-01-01 01:13:44.000",824,1325.29,2432.47,9564.9,1
"emission_stem_semirigid","2000-01-01 01:13:45.000",825,1325.06,2427.01,9718.5,1
"emission_stem_semirigid","2000-01-01 01:13:46.000",826,1326.46,2433.53,9800.5,1
"emission_stem_semirigid","2000-01-01 01:13:47.000",827,1326.85,2430.4,9675.3,1
"emission_stem_semirigid","2000-01-01 01:13:48.000",828,1329.46,2434.27,9771.7,1
"emission_stem_semirigid","2000-01-01 01:13:49.000",829,1331.14,2434.5,9749.2,1
"emission_stem_semirigid","2000-01-01 01:13:50.000",830,1333.01,2434.86,9600.2,1
"emission_stem_semirigid","2000-01-01 01:13:51.000",831,1331.45,2435.74,9558.2,1
"emission_stem_semirigid","2000-01-01 01:13:52.000",832,1333.2,2428.81,9471,1
"emission_stem_semirigid","2000-01-01 01:13:53.000",833,1335.35,2438.53,9647.3,1
"emission_stem_semirigid","2000-01-01 01:13:54.000",834,1335.76,2435.99,9740.9,1
"emission_stem_semirigid","2000-01-01 01:13:55.000",835,1337.25,2439.54,9592.6,1
"emission_stem_semirigid","2000-01-01 01:13:56.000",836,1338.16,2435.85,9607.9,1
"emission_stem_semirigid","2000-01-01 01:13:57.000",837,1336.4,2437.87,9668,1
"emission_stem_semirigid","2000-01-01 01:13:58.000",838,1338.06,2438.4,9735.6,1
"emission_stem_semirigid","2000-01-01 01:13:59.000",839,1339.34,2435.57,9554.4,1
"emission_stem_semirigid","2000-01-01 01:14:00.000",840,1339.68,2441.72,9615.3,1
"emission_stem_semirigid","2000-01-01 01:14:01.000",841,1341.16,2439.98,9619.6,1
"emission_stem_semirigid","2000-01-01 01:14:02.000",842,1342.1,2439.41,9726.2,1
"emission_stem_semirigid","2000-01-01 01:14:03.000",843,1342.22,2439.9,9615.7,1
"emission_stem_semirigid","2000-01-01 01:14:04.000",844,1344.5,2439.42,9611.4,1
"emission_stem_semirigid","2000-01-01 01:14:05.000",845,1344.07,2437.02,9625.1,1
"emission_stem_semirigid","2000-01-01 01:14:06.000",846,1344.98,2441.84,9747.9,1
"emission_stem_semirigid","2000-01-01 01:14:07.000",847,1346.71,2443.19,9689.2,1
"emission_stem_semirigid","2000-01-01 01:14:08.000",848,1347.9,2441.64,9863.4,1
"emission_stem_semirigid","2000-01-01 01:14:09.000",849,1349.25,2439.28,9637.6,1
"emission_stem_semirigid","2000-01-01 01:14:10.000",850,1349.14,2441.26,9830.4,1
"emission_stem_semirigid","2000-01-01 01:14:11.000",851,1350.36,2443.87,9895,1
"emission_stem_semirigid","2000-01-01 01:14:12.000",852,1350.13,2443.61,9775.4,1
"emission_stem_semirigid","2000-01-01 01:14:13.000",853,1353.28,2445.9,9729.5,1
"emission_stem_semirigid","2000-01-01 01:14:14.000",854,1353.4,2444.56,9707.1,1
"emission_stem_semirigid","2000-01-01 01:14:15.000",855,1354.7,2440.03,9819.1,1
"emission_stem_semirigid","2000-01-01 01:14:16.000",856,1355.35,2442.62,9693.1,1
"emission_stem_semirigid","2000-01-01 01:14:17.000",857,1355.83,2444.41,9626.1,0
"emission_stem_semirigid","2000-01-01 01:14:18.000",858,1356.79,2444.27,9927.8,0
"emission_stem_semirigid","2000-01-01 01:14:19.000",859,1358.43,2440.78,9760.4,0
"emission_stem_semirigid","2000-01-01 01:14:20.000",860,1358.06,2448.11,9804.9,0
"emission_stem_semirigid","2000-01-01 01:14:21.000",861,1359,2444.94,9832.2,0
"emission_stem_semirigid","2000-01-01 01:14:22.000",862,1360.9,2442.97,9954.9,0
"emission_stem_semirigid","2000-01-01 01:14:23.000",863,1361.59,2443.02,9803.1,0
"emission_stem_semirigid","2000-01-01 01:14:24.000",864,1363.47,2446.14,9898.7,0
"emission_stem_semirigid","2000-01-01 01:14:25.000",865,1363.71,2443.81,10029.4,0
"emission_stem_semirigid","2000-01-01 01:14:26.000",866,1362.1,2443.5,9815.3,0
"emission_stem_semirigid","2000-01-01 01:14:27.000",867,1364.7,2443.35,9949.6,0
"emission_stem_semirigid","2000-01-01 01:14:28.000",868,1366.17,2447.7,9961.3,0
"emission_stem_semirigid","2000-01-01 01:14:29.000",869,1364.98,2444.01,9972.8,0
"emission_stem_semirigid","2000-01-01 01:14:30.000",870,1366.4,2445.65,9976.7,0
"emission_stem_semirigid","2000-01-01 01:14:31.000",871,1366.63,2447.98,9790,0
"emission_stem_semirigid","2000-01-01 01:14:32.000",872,1368.48,2446.23,9860.1,0
"emission_stem_semirigid","2000-01-01 01:14:33.000",873,1367.67,2447.7,9850.3,0
"emission_stem_semirigid","2000-01-01 01:14:34.000",874,1368.63,2446.29,9876.6,0
"emission_stem_semirigid","2000-01-01 01:14:35.000",875,1369.74,2442.29,9820,0
"emission_stem_semirigid","2000-01-01 01:14:36.000",876,1369.8,2441.84,9724.2,0
"emission_stem_semirigid","2000-01-01 01:14:37.000",877,1371.41,2445.85,9912.2,0
"emission_stem_semirigid","2000-01-01 01:14:38.000",878,1372.14,2445.9,9770.4,0
"emission_stem_semirigid","2000-01-01 01:14:39.000",879,1372.45,2447.87,9764.1,0
"emission_stem_semirigid","2000-01-01 01:14:40.000",880,1373.21,2444.43,9859.4,0
"emission_stem_semirigid","2000-01-01 01:14:41.000",881,1372.98,2450.54,10191.3,0
"emission_stem_semirigid","2000-01-01 01:14:42.000",882,1374.69,2449.21,9861.5,0
"emission_stem_semirigid","2000-01-01 01:14:43.000",883,1375.33,2446.62,9728.7,0
"emission_stem_semirigid","2000-01-01 01:14:44.000",884,1376.47,2446.48,9973,0
"emission_stem_semirigid","2000-01-01 01:14:45.000",885,1375.18,2445.95,9893.3,0
"emission_stem_semirigid","2000-01-01 01:14:46.000",886,1377.3,2450.07,9957.3,0
"emission_stem_semirigid","2000-01-01 01:14:47.000",887,1376.97,2448.06,10077.7,0
"emission_stem_semirigid","2000-01-01 01:14:48.000",888,1376.65,2447.87,10060.7,0
"emission_stem_semirigid","2000-01-01 01:14:49.000",889,1377.32,2449.16,10083.7,0
"emission_stem_semirigid","2000-01-01 01:14:50.000",890,1377.5,2447.6,10001.4,0
"emission_stem_semirigid","2000-01-01 01:14:51.000",891,1377.61,2448.26,9856.1,0
"emission_stem_semirigid","2000-01-01 01:14:52.000",892,1378.65,2449.92,9935.9,0
"emission_stem_semirigid","2000-01-01 01:14:53.000",893,1379.72,2451.2,9946,0
"emission_stem_semirigid","2000-01-01 01:14:54.000",894,1379.28,2445.34,10005.3,0
"emission_stem_semirigid","2000-01-01 01:14:55.000",895,1379.9,2451,9957.2,0
"emission_stem_semirigid","2000-01-01 01:14:56.000",896,1379.23,2444.98,9803.8,0
"emission_stem_semirigid","2000-01-01 01:14:57.000",897,1380.44,2452.14,9897.1,0
"emission_stem_semirigid","2000-01-01 01:14:58.000",898,1382.52,2453.47,10048.5,0
"emission_stem_semirigid","2000-01-01 01:14:59.000",899,1382.58,2450.09,9824.7,0
"emission_stem_semirigid","2000-01-01 01:15:00.000",900,1383.22,2455.04,10029.4,0
"emission_upland_stem","2000-01-02 00:40:04.000",-1196,438.46,1855.74,16460.3,0
"emission_upland_stem","2000-01-02 00:40:09.000",-1191,495.392,1857.68,16491.9,0
"emission_upland_stem","2000-01-02 00:40:14.000",-1186,565.287,1856.11,16548.8,0
"emission_upland_stem","2000-01-02 00:40:19.000",-1181,565.256,1858.77,16530.3,0
"emission_upland_stem","2000-01-02 00:40:24.000",-1176,555.161,1859.38,16516.5,0
"emission_upland_stem","2000-01-02 00:40:29.000",-1171,558.66,1860.88,16529.1,0
"emission_upland_stem","2000-01-02 00:40:34.000",-1166,564.222,1862.31,16560.9,0
"emission_upland_stem","2000-01-02 00:40:39.000",-1161,565.375,1862.01,16539.4,0
"emission_upland_stem","2000-01-02 00:40:44.000",-1156,567.211,1863.32,16579.6,0
"emission_upland_stem","2000-01-02 00:40:49.000",-1151,571.025,1862.63,16479.2,0
"emission_upland_stem","2000-01-02 00:40:53.000",-1147,575.225,1864.05,16551.5,0
"emission_upland_stem","2000-01-02 00:40:58.000",-1142,579.573,1865.18,16546.9,0
"emission_upland_stem","2000-01-02 00:41:03.000",-1137,582.924,1865.23,16562.5,0
"emission_upland_stem","2000-01-02 00:41:08.000",-1132,586.834,1866.26,16506.2,0
"emission_upland_stem","2000-01-02 00:41:13.000",-1127,589.275,1866.18,16522.8,0
"emission_upland_stem","2000-01-02 00:41:18.000",-1122,592.536,1867.21,16512,1
"emission_upland_stem","2000-01-02 00:41:23.000",-1117,596.769,1866.34,16538.5,1
"emission_upland_stem","2000-01-02 00:41:28.000",-1112,600.173,1868.05,16542.1,1
"emission_upland_stem","2000-01-02 00:41:33.000",-1107,603.681,1868.77,16562.1,1
"emission_upland_stem","2000-01-02 00:41:38.000",-1102,607.367,1868.57,16573.3,1
"emission_upland_stem","2000-01-02 00:41:43.000",-1097,611.246,1869.59,16556.9,1
"emission_upland_stem","2000-01-02 00:41:48.000",-1092,615.014,1868.87,16603.7,1
"emission_upland_stem","2000-01-02 00:41:53.000",-1087,618.817,1870.57,16566.6,1
"emission_upland_stem","2000-01-02 00:41:58.000",-1082,622.483,1870.18,16577.4,1
"emission_upland_stem","2000-01-02 00:42:03.000",-1077,626.586,1870.63,16484.9,1
"emission_upland_stem","2000-01-02 00:42:08.000",-1072,630.121,1871.48,16583.3,1
"emission_upland_stem","2000-01-02 00:42:13.000",-1067,634.221,1872.5,16593.5,1
"emission_upland_stem","2000-01-02 00:42:18.000",-1062,637.827,1872,16575.5,1
"emission_upland_stem","2000-01-02 00:42:23.000",-1057,642,1872.54,16517.6,1
"emission_upland_stem","2000-01-02 00:42:28.000",-1052,645.532,1873.54,16579.4,1
"emission_upland_stem","2000-01-02 00:42:33.000",-1047,649.778,1871.88,16592.7,1
"emission_upland_stem","2000-01-02 00:42:38.000",-1042,653.21,1872.8,16560.7,1
"emission_upland_stem","2000-01-02 00:42:43.000",-1037,657.584,1872.99,16584.3,1
"emission_upland_stem","2000-01-02 00:42:48.000",-1032,661.016,1874.91,16553.3,1
"emission_upland_stem","2000-01-02 00:42:53.000",-1027,665.426,1874.57,16537.4,1
"emission_upland_stem","2000-01-02 00:42:58.000",-1022,669.666,1874.96,16632.3,1
"emission_upland_stem","2000-01-02 00:43:03.000",-1017,673.39,1875.67,16559,1
"emission_upland_stem","2000-01-02 00:43:08.000",-1012,677.276,1876.49,16582.7,1
"emission_upland_stem","2000-01-02 00:43:13.000",-1007,681.521,1875.09,16598.4,1
"emission_upland_stem","2000-01-02 00:43:18.000",-1002,685.085,1876.85,16547.1,1
"emission_upland_stem","2000-01-02 00:43:23.000",-997,689.225,1877.56,16495.6,1
"emission_upland_stem","2000-01-02 00:43:28.000",-992,693.446,1877.11,16499.1,1
"emission_upland_stem","2000-01-02 00:43:33.000",-987,697.261,1878.45,16603.1,1
"emission_upland_stem","2000-01-02 00:43:38.000",-982,701.085,1879.03,16587.6,1
"emission_upland_stem","2000-01-02 00:43:43.000",-977,705.3,1878.39,16612.3,1
"emission_upland_stem","2000-01-02 00:43:48.000",-972,709.348,1878.63,16591.4,1
"emission_upland_stem","2000-01-02 00:43:53.000",-967,713.423,1878.99,16605.2,1
"emission_upland_stem","2000-01-02 00:43:57.000",-963,716.568,1879.21,16526.3,1
"emission_upland_stem","2000-01-02 00:44:02.000",-958,720.202,1879.41,16526.3,1
"emission_upland_stem","2000-01-02 00:44:07.000",-953,724.437,1880.83,16436.1,1
"emission_upland_stem","2000-01-02 00:44:12.000",-948,728.749,1880.08,16534.1,1
"emission_upland_stem","2000-01-02 00:44:17.000",-943,732.733,1881.15,16615.9,1
"emission_upland_stem","2000-01-02 00:44:22.000",-938,736.333,1881.73,16611.2,1
"emission_upland_stem","2000-01-02 00:44:27.000",-933,739.984,1881.84,16565.4,1
"emission_upland_stem","2000-01-02 00:44:32.000",-928,743.395,1882.31,16455.8,1
"emission_upland_stem","2000-01-02 00:44:37.000",-923,747.275,1880.63,16567.3,1
"emission_upland_stem","2000-01-02 00:44:42.000",-918,750.843,1881.77,16533.2,1
"emission_upland_stem","2000-01-02 00:44:47.000",-913,754.817,1883.53,16574.7,1
"emission_upland_stem","2000-01-02 00:44:52.000",-908,758.979,1882.51,16616,1
"emission_upland_stem","2000-01-02 00:44:57.000",-903,762.681,1882.86,16579.7,1
"emission_upland_stem","2000-01-02 00:45:02.000",-898,766.756,1882.91,16522.4,1
"emission_upland_stem","2000-01-02 00:45:07.000",-893,769.953,1883.27,16607.8,1
"emission_upland_stem","2000-01-02 00:45:12.000",-888,774.043,1883.78,16582,1
"emission_upland_stem","2000-01-02 00:45:17.000",-883,778.292,1886.43,16510.6,1
"emission_upland_stem","2000-01-02 00:45:22.000",-878,782.472,1884,16560.1,1
"emission_upland_stem","2000-01-02 00:45:27.000",-873,786.246,1887.22,16624.7,1
"emission_upland_stem","2000-01-02 00:45:32.000",-868,790.111,1885.98,16556.5,1
"emission_upland_stem","2000-01-02 00:45:37.000",-863,794.21,1887.65,16596.8,1
"emission_upland_stem","2000-01-02 00:45:42.000",-858,797.57,1887.6,16522.5,1
"emission_upland_stem","2000-01-02 00:45:47.000",-853,801.497,1888.26,16640.6,1
"emission_upland_stem","2000-01-02 00:45:52.000",-848,805.62,1887.51,16504.9,1
"emission_upland_stem","2000-01-02 00:45:57.000",-843,809.238,1888.94,16457.7,1
"emission_upland_stem","2000-01-02 00:46:02.000",-838,812.769,1886.09,16498.2,1
"emission_upland_stem","2000-01-02 00:46:07.000",-833,816.082,1889.52,16547.1,1
"emission_upland_stem","2000-01-02 00:46:12.000",-828,820.34,1888.93,16550.8,1
"emission_upland_stem","2000-01-02 00:46:17.000",-823,824.198,1890.49,16560.6,1
"emission_upland_stem","2000-01-02 00:46:22.000",-818,827.188,1889.06,16539.9,1
"emission_upland_stem","2000-01-02 00:46:27.000",-813,831.203,1890.19,16476.2,1
"emission_upland_stem","2000-01-02 00:46:32.000",-808,834.508,1890.24,16480.3,1
"emission_upland_stem","2000-01-02 00:46:37.000",-803,838.112,1890.67,16458.3,1
"emission_upland_stem","2000-01-02 00:46:42.000",-798,842.407,1889.89,16442.3,1
"emission_upland_stem","2000-01-02 00:46:47.000",-793,845.287,1890.49,16557.3,1
"emission_upland_stem","2000-01-02 00:46:52.000",-788,849.776,1891.61,16535.1,1
"emission_upland_stem","2000-01-02 00:46:57.000",-783,853.451,1893.19,16586,1
"emission_upland_stem","2000-01-02 00:47:01.000",-779,857.343,1892.52,16506.7,1
"emission_upland_stem","2000-01-02 00:47:06.000",-774,861.01,1891.91,16446.3,1
"emission_upland_stem","2000-01-02 00:47:11.000",-769,864.534,1893.95,16506.8,1
"emission_upland_stem","2000-01-02 00:47:16.000",-764,868.587,1892.43,16555.3,1
"emission_upland_stem","2000-01-02 00:47:21.000",-759,871.855,1892.25,16568.6,1
"emission_upland_stem","2000-01-02 00:47:26.000",-754,875.53,1894.46,16525.5,1
"emission_upland_stem","2000-01-02 00:47:31.000",-749,879.298,1893.81,16583.6,1
"emission_upland_stem","2000-01-02 00:47:36.000",-744,883.309,1895.25,16577.5,1
"emission_upland_stem","2000-01-02 00:47:41.000",-739,886.96,1894.86,16604.3,1
"emission_upland_stem","2000-01-02 00:47:46.000",-734,890.32,1895.02,16485.4,1
"emission_upland_stem","2000-01-02 00:47:51.000",-729,893.627,1894.46,16482,1
"emission_upland_stem","2000-01-02 00:47:56.000",-724,897.675,1895.16,16501.1,1
"emission_upland_stem","2000-01-02 00:48:01.000",-719,901.565,1895.76,16543.2,1
"emission_upland_stem","2000-01-02 00:48:06.000",-714,904.947,1895.64,16523.4,1
"emission_upland_stem","2000-01-02 00:48:11.000",-709,908.515,1898.03,16576,1
"emission_upland_stem","2000-01-02 00:48:16.000",-704,912.485,1897.9,16513.2,1
"emission_upland_stem","2000-01-02 00:48:21.000",-699,915.767,1896.16,16453.4,1
"emission_upland_stem","2000-01-02 00:48:26.000",-694,919.069,1896.3,16498.1,1
"emission_upland_stem","2000-01-02 00:48:31.000",-689,922.389,1898.08,16446.7,1
"emission_upland_stem","2000-01-02 00:48:36.000",-684,925.835,1898.39,16445.7,1
"emission_upland_stem","2000-01-02 00:48:41.000",-679,930.11,1898.04,16607.3,1
"emission_upland_stem","2000-01-02 00:48:46.000",-674,933.028,1899.58,16535.7,1
"emission_upland_stem","2000-01-02 00:48:51.000",-669,936.838,1900.38,16530,1
"emission_upland_stem","2000-01-02 00:48:56.000",-664,939.886,1898.65,16499.8,1
"emission_upland_stem","2000-01-02 00:49:01.000",-659,943.349,1898.75,16460.7,1
"emission_upland_stem","2000-01-02 00:49:06.000",-654,946.885,1899.02,16548.1,1
"emission_upland_stem","2000-01-02 00:49:11.000",-649,950.48,1900.25,16590.7,1
"emission_upland_stem","2000-01-02 00:49:16.000",-644,953.519,1900.75,16506.5,1
"emission_upland_stem","2000-01-02 00:49:21.000",-639,957.457,1898.4,16531.8,1
"emission_upland_stem","2000-01-02 00:49:26.000",-634,960.792,1902.06,16641,1
"emission_upland_stem","2000-01-02 00:49:31.000",-629,964.113,1900.61,16607.8,1
"emission_upland_stem","2000-01-02 00:49:36.000",-624,967.319,1902.18,16612.9,1
"emission_upland_stem","2000-01-02 00:49:41.000",-619,970.895,1902.26,16519.1,1
"emission_upland_stem","2000-01-02 00:49:46.000",-614,974.343,1902.99,16477.4,1
"emission_upland_stem","2000-01-02 00:49:51.000",-609,978.506,1901.98,16546.7,1
"emission_upland_stem","2000-01-02 00:49:56.000",-604,981.333,1903.28,16594.4,1
"emission_upland_stem","2000-01-02 00:50:01.000",-599,984.73,1903.47,16529.1,1
"emission_upland_stem","2000-01-02 00:50:05.000",-595,988.565,1903.79,16547.4,1
"emission_upland_stem","2000-01-02 00:50:10.000",-590,991.211,1903.34,16570,1
"emission_upland_stem","2000-01-02 00:50:15.000",-585,995.057,1905.3,16553.9,1
"emission_upland_stem","2000-01-02 00:50:20.000",-580,998.251,1903.82,16514.4,1
"emission_upland_stem","2000-01-02 00:50:25.000",-575,1002.82,1902.7,16557.2,1
"emission_upland_stem","2000-01-02 00:50:30.000",-570,1006.79,1905.27,16535,1
"emission_upland_stem","2000-01-02 00:50:35.000",-565,1010.24,1905.71,16558.8,1
"emission_upland_stem","2000-01-02 00:50:40.000",-560,1014.44,1906.1,16556.6,1
"emission_upland_stem","2000-01-02 00:50:45.000",-555,1017.79,1907.48,16510.9,1
"emission_upland_stem","2000-01-02 00:50:50.000",-550,1021.8,1906.74,16479.9,1
"emission_upland_stem","2000-01-02 00:50:55.000",-545,1025.85,1907.78,16558.9,1
"emission_upland_stem","2000-01-02 00:51:00.000",-540,1029.28,1907.2,16513.4,1
"emission_upland_stem","2000-01-02 00:51:05.000",-535,1033.72,1908.41,16559.9,1
"emission_upland_stem","2000-01-02 00:51:10.000",-530,1037.03,1909.33,16497.8,1
"emission_upland_stem","2000-01-02 00:51:15.000",-525,1041.53,1908.97,16556.3,1
"emission_upland_stem","2000-01-02 00:51:20.000",-520,1043.69,1907.84,16581.6,1
"emission_upland_stem","2000-01-02 00:51:25.000",-515,1046.47,1909.97,16508.7,1
"emission_upland_stem","2000-01-02 00:51:30.000",-510,1048.94,1909.09,16519.7,1
"emission_upland_stem","2000-01-02 00:51:35.000",-505,1053.36,1909.53,16602.2,1
"emission_upland_stem","2000-01-02 00:51:40.000",-500,1056.04,1908.42,16439.5,1
"emission_upland_stem","2000-01-02 00:51:45.000",-495,1059.38,1909.34,16553.6,1
"emission_upland_stem","2000-01-02 00:51:50.000",-490,1062.97,1907.56,16479.1,1
"emission_upland_stem","2000-01-02 00:51:55.000",-485,1066.94,1910.66,16541.3,1
"emission_upland_stem","2000-01-02 00:52:00.000",-480,1070.06,1911.96,16528.6,1
"emission_upland_stem","2000-01-02 00:52:05.000",-475,1073.38,1909.86,16549.5,1
"emission_upland_stem","2000-01-02 00:52:10.000",-470,1077.48,1909.83,16451.4,1
"emission_upland_stem","2000-01-02 00:52:15.000",-465,1079.99,1911,16507.8,1
"emission_upland_stem","2000-01-02 00:52:20.000",-460,1084.24,1911.14,16515.9,1
"emission_upland_stem","2000-01-02 00:52:25.000",-455,1087.19,1912.01,16548.5,1
"emission_upland_stem","2000-01-02 00:52:30.000",-450,1090.34,1911.64,16517.1,1
"emission_upland_stem","2000-01-02 00:52:35.000",-445,1093.4,1911.66,16448.3,1
"emission_upland_stem","2000-01-02 00:52:40.000",-440,1096.61,1911.3,16471.4,1
"emission_upland_stem","2000-01-02 00:52:45.000",-435,1099.52,1912.74,16442.5,1
"emission_upland_stem","2000-01-02 00:52:50.000",-430,1103.06,1911.58,16444.3,1
"emission_upland_stem","2000-01-02 00:52:55.000",-425,1106.28,1914.53,16446.8,1
"emission_upland_stem","2000-01-02 00:53:00.000",-420,1110.18,1913.68,16421.4,1
"emission_upland_stem","2000-01-02 00:53:05.000",-415,1112.21,1913.06,16559.6,1
"emission_upland_stem","2000-01-02 00:53:10.000",-410,1115.94,1914.78,16475.2,1
"emission_upland_stem","2000-01-02 00:53:14.000",-406,1119.43,1914.88,16543.5,1
"emission_upland_stem","2000-01-02 00:53:19.000",-401,1122.35,1914.47,16511.5,1
"emission_upland_stem","2000-01-02 00:53:24.000",-396,1125.63,1915.31,16540,1
"emission_upland_stem","2000-01-02 00:53:29.000",-391,1128.1,1915.82,16546.3,1
"emission_upland_stem","2000-01-02 00:53:34.000",-386,1131.33,1915.4,16545.1,1
"emission_upland_stem","2000-01-02 00:53:39.000",-381,1134.1,1916.55,16492.9,1
"emission_upland_stem","2000-01-02 00:53:44.000",-376,1137.32,1915.79,16455.8,1
"emission_upland_stem","2000-01-02 00:53:49.000",-371,1140.77,1917.21,16509.9,1
"emission_upland_stem","2000-01-02 00:53:54.000",-366,1143.97,1916.89,16468,1
"emission_upland_stem","2000-01-02 00:53:59.000",-361,1146.13,1914.92,16494.7,1
"emission_upland_stem","2000-01-02 00:54:04.000",-356,1149.03,1915.48,16416.7,1
"emission_upland_stem","2000-01-02 00:54:09.000",-351,1152.88,1918.41,16488,1
"emission_upland_stem","2000-01-02 00:54:14.000",-346,1155,1916.51,16476.8,1
"emission_upland_stem","2000-01-02 00:54:19.000",-341,1159.43,1917.95,16581.9,1
"emission_upland_stem","2000-01-02 00:54:24.000",-336,1162.5,1917.72,16503.6,1
"emission_upland_stem","2000-01-02 00:54:29.000",-331,1165.73,1917.47,16528.5,1
"emission_upland_stem","2000-01-02 00:54:34.000",-326,1167.98,1918.33,16469.5,1
"emission_upland_stem","2000-01-02 00:54:39.000",-321,1171.39,1919.08,16517.7,1
"emission_upland_stem","2000-01-02 00:54:44.000",-316,1174.99,1919.68,16509.8,1
"emission_upland_stem","2000-01-02 00:54:49.000",-311,1177.64,1920.01,16527.1,1
"emission_upland_stem","2000-01-02 00:54:54.000",-306,1182.3,1920.1,16556.1,1
"emission_upland_stem","2000-01-02 00:54:59.000",-301,1184.78,1920.49,16463.6,1
"emission_upland_stem","2000-01-02 00:55:04.000",-296,1187.59,1921.3,16521.8,1
"emission_upland_stem","2000-01-02 00:55:09.000",-291,1190.29,1920.74,16521.1,1
"emission_upland_stem","2000-01-02 00:55:14.000",-286,1193.65,1920.24,16513.5,1
"emission_upland_stem","2000-01-02 00:55:19.000",-281,1195.96,1920.85,16557.2,1
"emission_upland_stem","2000-01-02 00:55:24.000",-276,1199.49,1920.56,16513.4,1
"emission_upland_stem","2000-01-02 00:55:29.000",-271,1202.49,1920.69,16461.4,1
"emission_upland_stem","2000-01-02 00:55:34.000",-266,1205.73,1920.47,16445.8,1
"emission_upland_stem","2000-01-02 00:55:39.000",-261,1209.24,1922.25,16525.3,1
"emission_upland_stem","2000-01-02 00:55:44.000",-256,1211.71,1921.2,16476.6,1
"emission_upland_stem","2000-01-02 00:55:49.000",-251,1215.15,1922.36,16488.6,1
"emission_upland_stem","2000-01-02 00:55:54.000",-246,1217.89,1922.59,16511.6,1
"emission_upland_stem","2000-01-02 00:55:59.000",-241,1220.26,1923.08,16449.7,1
"emission_upland_stem","2000-01-02 00:56:04.000",-236,1223.83,1922.47,16485.5,1
"emission_upland_stem","2000-01-02 00:56:09.000",-231,1227.03,1921.79,16509.6,1
"emission_upland_stem","2000-01-02 00:56:14.000",-226,1230.25,1922.75,16540.7,1
"emission_upland_stem","2000-01-02 00:56:18.000",-222,1233.11,1924.43,16573.6,1
"emission_upland_stem","2000-01-02 00:56:23.000",-217,1235.85,1924.21,16496.3,1
"emission_upland_stem","2000-01-02 00:56:28.000",-212,1238.69,1925.35,16450.7,1
"emission_upland_stem","2000-01-02 00:56:33.000",-207,1241.45,1925.6,16520.5,1
"emission_upland_stem","2000-01-02 00:56:38.000",-202,1244.79,1924.36,16491.3,1
"emission_upland_stem","2000-01-02 00:56:43.000",-197,1247.68,1924.95,16577.7,1
"emission_upland_stem","2000-01-02 00:56:48.000",-192,1250.68,1926.54,16517.5,1
"emission_upland_stem","2000-01-02 00:56:53.000",-187,1252.61,1926.16,16467.5,1
"emission_upland_stem","2000-01-02 00:56:58.000",-182,1255.95,1926.22,16475.7,1
"emission_upland_stem","2000-01-02 00:57:03.000",-177,1258.26,1925.49,16502.5,1
"emission_upland_stem","2000-01-02 00:57:08.000",-172,1260.98,1925.54,16492.7,1
"emission_upland_stem","2000-01-02 00:57:13.000",-167,1263.72,1926.86,16469.5,1
"emission_upland_stem","2000-01-02 00:57:18.000",-162,1266.31,1925.16,16511.3,1
"emission_upland_stem","2000-01-02 00:57:23.000",-157,1269.63,1926.84,16502.6,1
"emission_upland_stem","2000-01-02 00:57:28.000",-152,1272.11,1926.83,16482.8,1
"emission_upland_stem","2000-01-02 00:57:33.000",-147,1275.93,1926.81,16513.8,1
"emission_upland_stem","2000-01-02 00:57:38.000",-142,1278.32,1927.67,16577.5,1
"emission_upland_stem","2000-01-02 00:57:43.000",-137,1280.82,1928.38,16460.7,1
"emission_upland_stem","2000-01-02 00:57:48.000",-132,1283.84,1929.33,16507.6,1
"emission_upland_stem","2000-01-02 00:57:53.000",-127,1287.22,1927.75,16443.1,1
"emission_upland_stem","2000-01-02 00:57:58.000",-122,1289.9,1927.87,16572.4,1
"emission_upland_stem","2000-01-02 00:58:03.000",-117,1292.87,1928.96,16487.3,1
"emission_upland_stem","2000-01-02 00:58:08.000",-112,1296.06,1928.93,16554.2,1
"emission_upland_stem","2000-01-02 00:58:13.000",-107,1298.46,1929.22,16559.5,1
"emission_upland_stem","2000-01-02 00:58:18.000",-102,1302.21,1927.95,16453.3,1
"emission_upland_stem","2000-01-02 00:58:23.000",-97,1304.02,1928.31,16448.3,1
"emission_upland_stem","2000-01-02 00:58:28.000",-92,1307,1928.86,16490.8,1
"emission_upland_stem","2000-01-02 00:58:33.000",-87,1310.91,1930.32,16467.2,1
"emission_upland_stem","2000-01-02 00:58:38.000",-82,1313.51,1929.64,16540.4,1
"emission_upland_stem","2000-01-02 00:58:43.000",-77,1316.6,1930.48,16489.4,1
"emission_upland_stem","2000-01-02 00:58:48.000",-72,1319.81,1930.64,16537.8,1
"emission_upland_stem","2000-01-02 00:58:53.000",-67,1321.91,1932.24,16460.9,1
"emission_upland_stem","2000-01-02 00:58:58.000",-62,1325.48,1931.78,16540.5,1
"emission_upland_stem","2000-01-02 00:59:03.000",-57,1327.81,1931.53,16516.5,1
"emission_upland_stem","2000-01-02 00:59:08.000",-52,1331.46,1931.51,16558.5,1
"emission_upland_stem","2000-01-02 00:59:13.000",-47,1334.16,1931.89,16510.6,1
"emission_upland_stem","2000-01-02 00:59:18.000",-42,1336.78,1933.38,16513.9,1
"emission_upland_stem","2000-01-02 00:59:23.000",-37,1340.31,1930.82,16559,1
"emission_upland_stem","2000-01-02 00:59:27.000",-33,1342.73,1932.82,16481.3,1
"emission_upland_stem","2000-01-02 00:59:32.000",-28,1346.13,1933.46,16517.6,1
"emission_upland_stem","2000-01-02 00:59:37.000",-23,1347.75,1932.46,16609,1
"emission_upland_stem","2000-01-02 00:59:42.000",-18,1351.03,1932.34,16448.7,1
"emission_upland_stem","2000-01-02 00:59:47.000",-13,1353.45,1933.4,16520.3,1
"emission_upland_stem","2000-01-02 00:59:52.000",-8,1357,1933.37,16492.7,1
"emission_upland_stem","2000-01-02 00:59:57.000",-3,1359.79,1934.12,16559,1
"emission_upland_stem","2000-01-02 01:00:02.000",2,1362.9,1933.71,16508.5,1
"emission_upland_stem","2000-01-02 01:00:07.000",7,1366.39,1933.37,16499.9,1
"emission_upland_stem","2000-01-02 01:00:12.000",12,1368.88,1933.02,16481.1,1
"emission_upland_stem","2000-01-02 01:00:17.000",17,1371.51,1934.71,16508.1,1
"emission_upland_stem","2000-01-02 01:00:22.000",22,1373.74,1932.4,16465.2,1
"emission_upland_stem","2000-01-02 01:00:27.000",27,1376.72,1933.51,16478.4,1
"emission_upland_stem","2000-01-02 01:00:32.000",32,1379.54,1934.43,16589.2,1
"emission_upland_stem","2000-01-02 01:00:37.000",37,1382.79,1935.48,16484.1,1
"emission_upland_stem","2000-01-02 01:00:42.000",42,1385.26,1934.47,16473.9,1
"emission_upland_stem","2000-01-02 01:00:47.000",47,1387.55,1934.04,16463,1
"emission_upland_stem","2000-01-02 01:00:52.000",52,1390.42,1936.61,16474.2,1
"emission_upland_stem","2000-01-02 01:00:57.000",57,1393.57,1935.3,16524.1,1
"emission_upland_stem","2000-01-02 01:01:02.000",62,1396.23,1934.93,16533.4,1
"emission_upland_stem","2000-01-02 01:01:07.000",67,1398.65,1937.2,16525.5,1
"emission_upland_stem","2000-01-02 01:01:12.000",72,1402.5,1936,16469.9,1
"emission_upland_stem","2000-01-02 01:01:17.000",77,1403.88,1936.92,16458.7,1
"emission_upland_stem","2000-01-02 01:01:22.000",82,1406.97,1936.75,16511.4,1
"emission_upland_stem","2000-01-02 01:01:27.000",87,1410.13,1936.48,16526.1,1
"emission_upland_stem","2000-01-02 01:01:32.000",92,1412.41,1937.17,16525.5,0
"emission_upland_stem","2000-01-02 01:01:37.000",97,1413.93,1937.8,16464.9,0
"emission_upland_stem","2000-01-02 01:01:42.000",102,1417.36,1936.74,16517.1,0
"emission_upland_stem","2000-01-02 01:01:47.000",107,1419.93,1937.58,16476.4,0
"emission_upland_stem","2000-01-02 01:01:52.000",112,1422.92,1937.7,16459.9,0
"emission_upland_stem","2000-01-02 01:01:57.000",117,1425.44,1937.49,16594.6,0
"emission_upland_stem","2000-01-02 01:02:02.000",122,1428.15,1939.7,16448,0
"emission_upland_stem","2000-01-02 01:02:07.000",127,1430.55,1938.46,16521.6,0
"emission_upland_stem","2000-01-02 01:02:12.000",132,1432.63,1938.54,16480.9,0
"emission_upland_stem","2000-01-02 01:02:17.000",137,1435.14,1939.39,16547.4,0
"emission_upland_stem","2000-01-02 01:02:22.000",142,1438.25,1938.9,16516.5,0
"emission_upland_stem","2000-01-02 01:02:27.000",147,1440.82,1938.98,16439,0
"emission_upland_stem","2000-01-02 01:02:31.000",151,1442.65,1939.23,16544.4,0
"emission_upland_stem","2000-01-02 01:02:36.000",156,1445.95,1940.13,16473.9,0
"emission_upland_stem","2000-01-02 01:02:41.000",161,1422.12,1937.43,16559.5,0
"emission_upland_stem","2000-01-02 01:02:46.000",166,919.021,1885.74,16495.7,0
"emission_upland_stem","2000-01-02 01:02:51.000",171,560.017,1851.18,16610.7,0
"emission_upland_stem","2000-01-02 01:02:56.000",176,561.808,1843.67,16923.6,0
"emission_upland_stem","2000-01-02 01:03:01.000",181,503.548,1839.65,17177.5,0
"emission_upland_stem","2000-01-02 01:03:06.000",186,423.254,1841.13,17496,0
"emission_upland_stem","2000-01-02 01:03:11.000",191,398.604,1840.92,17731.9,0
"emission_upland_stem","2000-01-02 01:03:16.000",196,398.021,1843.64,17893.6,0
"emission_upland_stem","2000-01-02 01:03:21.000",201,394.866,1843.14,17969.7,0
"emission_upland_stem","2000-01-02 01:03:26.000",206,434.651,1839.42,17751,0
"emission_upland_stem","2000-01-02 01:03:31.000",211,535.68,1840.28,17775.4,0
"emission_upland_stem","2000-01-02 01:03:36.000",216,923.291,1839.82,18245.2,0
"emission_upland_stem","2000-01-02 01:03:41.000",221,1595.14,1838.34,18316.9,0
"emission_upland_stem","2000-01-02 01:03:46.000",226,1915.57,1837.96,18334,0
"emission_upland_stem","2000-01-02 01:03:51.000",231,1938.03,1838.43,18408.8,0
"emission_upland_stem","2000-01-02 01:03:56.000",236,1932.5,1840,18388.9,0
"emission_upland_stem","2000-01-02 01:04:01.000",241,1944.98,1840.53,18312.9,0
"emission_upland_stem","2000-01-02 01:04:06.000",246,1939.87,1840.98,18264.3,0
"emission_upland_stem","2000-01-02 01:04:11.000",251,1921.71,1841.25,18186.5,0
"emission_upland_stem","2000-01-02 01:04:16.000",256,1903.71,1843.38,18008.9,0
"emission_upland_stem","2000-01-02 01:04:21.000",261,1899.82,1843.02,17717.1,0
"emission_upland_stem","2000-01-02 01:04:26.000",266,1903.21,1842.19,17545.7,0
"emission_upland_stem","2000-01-02 01:04:31.000",271,1906.81,1845.15,17478.1,0
"emission_upland_stem","2000-01-02 01:04:36.000",276,1910.08,1845.25,17371.9,0
"emission_upland_stem","2000-01-02 01:04:41.000",281,1915.29,1845.58,17261.8,0
"emission_upland_stem","2000-01-02 01:04:46.000",286,1917.94,1846.09,17183.4,0
"emission_upland_stem","2000-01-02 01:04:51.000",291,1921.74,1846.59,17088.1,0
"emission_upland_stem","2000-01-02 01:04:56.000",296,1923.72,1846.4,17137.7,0
"emission_upland_stem","2000-01-02 01:05:01.000",301,1927.37,1844.87,17092.5,0
"emission_upland_stem","2000-01-02 01:05:06.000",306,1930.45,1847.21,17055.7,0
"emission_upland_stem","2000-01-02 01:05:11.000",311,1933.58,1845.12,16905.8,0
"emission_upland_stem","2000-01-02 01:05:16.000",316,1937.23,1846.69,17029,0
"emission_upland_stem","2000-01-02 01:05:21.000",321,1940.51,1848.71,16949.8,0
"emission_upland_stem","2000-01-02 01:05:26.000",326,1944.4,1847.24,16902.1,0
"emission_upland_stem","2000-01-02 01:05:31.000",331,1947.89,1848.32,16956.1,0
"emission_upland_stem","2000-01-02 01:05:35.000",335,1950.42,1847.01,16906.7,0
"emission_upland_stem","2000-01-02 01:05:40.000",340,1954.44,1849.68,16851.9,0
"emission_upland_stem","2000-01-02 01:05:45.000",345,1958.09,1848.98,16874.8,0
"emission_upland_stem","2000-01-02 01:05:50.000",350,1961.41,1850.96,16890.9,0
"emission_upland_stem","2000-01-02 01:05:55.000",355,1964.5,1848.46,16764.2,0
"emission_upland_stem","2000-01-02 01:06:00.000",360,1967.69,1851.06,16896.7,0
"emission_upland_stem","2000-01-02 01:06:05.000",365,1971.21,1849.36,16926,0
"emission_upland_stem","2000-01-02 01:06:10.000",370,1975.63,1850.57,16777.9,0
"emission_upland_stem","2000-01-02 01:06:15.000",375,1977.52,1852.34,16818.2,0
"emission_upland_stem","2000-01-02 01:06:20.000",380,1981.7,1849.9,16764.2,0
"emission_upland_stem","2000-01-02 01:06:25.000",385,1985.53,1851.68,16825.7,0
"emission_upland_stem","2000-01-02 01:06:30.000",390,1988.2,1849.82,16714,0
"emission_upland_stem","2000-01-02 01:06:35.000",395,1987.13,1851.48,16764,0
"emission_upland_stem","2000-01-02 01:06:40.000",400,1383.95,1851.99,16704.1,0
"emission_upland_stem","2000-01-02 01:06:45.000",405,636.667,1851.52,16709.2,0
"emission_upland_stem","2000-01-02 01:06:50.000",410,445.323,1850.51,16675.7,0
"emission_upland_stem","2000-01-02 01:06:55.000",415,405.169,1851.17,16479.8,0
"emission_upland_stem","2000-01-02 01:07:00.000",420,397.896,1849.88,16397.5,0
"emission_upland_stem","2000-01-02 01:07:05.000",425,402.303,1850.59,16360.1,0
"emission_upland_stem","2000-01-02 01:07:10.000",430,409.908,1849.59,16511.9,0
"emission_upland_stem","2000-01-02 01:07:15.000",435,422.603,1852.4,16532.3,0
"emission_upland_stem","2000-01-02 01:07:20.000",440,434.669,1849.82,16515.5,0
"emission_upland_stem","2000-01-02 01:07:25.000",445,445.148,1851.42,16555.4,0
"emission_upland_stem","2000-01-02 01:07:30.000",450,451.486,1851.69,16642.5,0
"emission_upland_stem","2000-01-02 01:07:35.000",455,456.334,1853.16,16823.6,0
"emission_upland_stem","2000-01-02 01:07:40.000",460,462.071,1853.3,16772.2,0
"emission_upland_stem","2000-01-02 01:07:45.000",465,467.483,1851.24,16782,0
"emission_upland_stem","2000-01-02 01:07:50.000",470,472.801,1852.01,16833.3,0
"emission_upland_stem","2000-01-02 01:07:55.000",475,478.346,1852.53,16903.1,0
"emission_upland_stem","2000-01-02 01:08:00.000",480,484.166,1851.84,16972.2,0
"emission_upland_stem","2000-01-02 01:08:05.000",485,488.883,1853.02,16915.5,0
"emission_upland_stem","2000-01-02 01:08:10.000",490,494.442,1852.36,17000.4,0
"emission_upland_stem","2000-01-02 01:08:15.000",495,499.402,1853.68,16951.9,0
"emission_upland_stem","2000-01-02 01:08:20.000",500,504.529,1853.32,17050.9,0
"emission_upland_stem","2000-01-02 01:08:25.000",505,510.517,1854.46,17062.1,0
"emission_upland_stem","2000-01-02 01:08:30.000",510,515.229,1854.39,17035.1,0
"emission_upland_stem","2000-01-02 01:08:35.000",515,520.036,1852.77,17000.4,0
"emission_upland_stem","2000-01-02 01:08:39.000",519,525,1855.12,17014.9,0
"emission_upland_stem","2000-01-02 01:08:44.000",524,530.614,1854.32,17084.4,0
"emission_upland_stem","2000-01-02 01:08:49.000",529,503.474,1859.12,17104.1,0
"emission_upland_stem","2000-01-02 01:08:54.000",534,484.38,1853.15,17064.4,0
"emission_upland_stem","2000-01-02 01:08:59.000",539,487.587,1846.7,17104.7,0
"emission_upland_stem","2000-01-02 01:09:04.000",544,479.453,1851.4,16984,0
"emission_upland_stem","2000-01-02 01:09:09.000",549,465.208,1858.9,17126.5,0
"emission_upland_stem","2000-01-02 01:09:14.000",554,456.399,1858.92,17029.9,0
"emission_upland_stem","2000-01-02 01:09:19.000",559,447.742,1860.12,16996,0
"emission_upland_stem","2000-01-02 01:09:24.000",564,441.497,1863.32,16933.7,0
"emission_upland_stem","2000-01-02 01:09:29.000",569,439.722,1865.06,16858.9,0
"emission_upland_stem","2000-01-02 01:09:34.000",574,438.944,1860.94,16847.5,0
"emission_upland_stem","2000-01-02 01:09:39.000",579,438.779,1856.48,16773.2,0
"emission_upland_stem","2000-01-02 01:09:44.000",584,438.467,1852.07,16687.3,0
"emission_upland_stem","2000-01-02 01:09:49.000",589,430.535,1852.57,16692.6,0
"emission_upland_stem","2000-01-02 01:09:54.000",594,428.997,1849.84,16681.1,0
"emission_upland_stem","2000-01-02 01:09:59.000",599,430.313,1848.61,16675.3,0
"emission_upland_stem","2000-01-02 01:10:04.000",604,432.596,1848.36,16617.6,0
"emission_upland_stem","2000-01-02 01:10:09.000",609,430.441,1848.41,16571.3,0
"emission_upland_stem","2000-01-02 01:10:14.000",614,423.686,1849.63,16559.4,0
"emission_upland_stem","2000-01-02 01:10:19.000",619,404.684,1853.79,16537,0
"emission_upland_stem","2000-01-02 01:10:24.000",624,403.219,1851.47,16598.6,0
"emission_upland_stem","2000-01-02 01:10:29.000",629,406.337,1853.39,16516.9,0
"emission_upland_stem","2000-01-02 01:10:34.000",634,409.224,1850.72,16495.7,0
"emission_upland_stem","2000-01-02 01:10:39.000",639,418.126,1853.07,16449.3,0
"emission_upland_stem","2000-01-02 01:10:44.000",644,432.257,1849.63,16508.4,0
"emission_upland_stem","2000-01-02 01:10:49.000",649,439.488,1848.65,16635,0
"emission_upland_stem","2000-01-02 01:10:54.000",654,440.669,1848.57,16605,0
"emission_upland_stem","2000-01-02 01:10:59.000",659,439.025,1850.05,16588.5,0
"emission_upland_stem","2000-01-02 01:11:04.000",664,441.718,1849.56,16650.5,0
"emission_upland_stem","2000-01-02 01:11:09.000",669,436.498,1849.38,16677.1,0
"emission_upland_stem","2000-01-02 01:11:14.000",674,432.177,1851.26,16620.2,0
"emission_upland_stem","2000-01-02 01:11:19.000",679,430.486,1849.52,16605.5,0
"emission_upland_stem","2000-01-02 01:11:24.000",684,423.806,1848.36,16579,0
"emission_upland_stem","2000-01-02 01:11:29.000",689,427.522,1846.6,16541.3,0
"emission_upland_stem","2000-01-02 01:11:34.000",694,443.453,1845.75,16591.4,0
"emission_upland_stem","2000-01-02 01:11:39.000",699,552.195,1843.15,16684.9,0
"emission_upland_stem","2000-01-02 01:11:43.000",703,592.158,1842.77,16761.5,0
"emission_upland_stem","2000-01-02 01:11:48.000",708,610.956,1841.55,16815.6,0
"emission_upland_stem","2000-01-02 01:11:53.000",713,618.891,1840.38,16896.4,0
"emission_upland_stem","2000-01-02 01:11:58.000",718,623.775,1843.62,16942.1,0
"emission_upland_stem","2000-01-02 01:12:03.000",723,629.576,1844.7,17007.8,0
"emission_upland_stem","2000-01-02 01:12:08.000",728,638.141,1842.74,17028.1,0
"emission_upland_stem","2000-01-02 01:12:13.000",733,649.67,1842.39,17042.7,0
"emission_upland_stem","2000-01-02 01:12:18.000",738,652.661,1843.06,17124.8,0
"emission_upland_stem","2000-01-02 01:12:23.000",743,654.537,1843.88,17132.7,0
"emission_upland_stem","2000-01-02 01:12:28.000",748,657.763,1843.74,17145.5,0
"emission_upland_stem","2000-01-02 01:12:33.000",753,660.506,1842.96,17142.1,0
"emission_upland_stem","2000-01-02 01:12:38.000",758,663.994,1842.49,17143.1,0
"emission_upland_stem","2000-01-02 01:12:43.000",763,667.429,1842.13,17181.6,0
"emission_upland_stem","2000-01-02 01:12:48.000",768,670.952,1844.32,17306.2,0
"emission_upland_stem","2000-01-02 01:12:53.000",773,673.863,1846.02,17256.5,0
"emission_upland_stem","2000-01-02 01:12:58.000",778,679.166,1845.83,17199.1,0
"emission_upland_stem","2000-01-02 01:13:03.000",783,683.709,1844.99,17222.6,0
"emission_upland_stem","2000-01-02 01:13:08.000",788,688.845,1846.8,17249.7,0
"emission_upland_stem","2000-01-02 01:13:13.000",793,693.84,1846.64,17158.7,0
"emission_upland_stem","2000-01-02 01:13:18.000",798,699.1,1846.11,17324.8,0
"emission_upland_stem","2000-01-02 01:13:23.000",803,704.271,1847.47,17307.9,0
"emission_upland_stem","2000-01-02 01:13:28.000",808,707.757,1845.91,17170,0
"emission_upland_stem","2000-01-02 01:13:33.000",813,712.518,1846.97,17272.4,0
"emission_upland_stem","2000-01-02 01:13:38.000",818,717.827,1847.69,17226.8,0
"emission_upland_stem","2000-01-02 01:13:43.000",823,722.894,1847.31,17344.9,0
"emission_upland_stem","2000-01-02 01:13:48.000",828,726.563,1848.12,17330.2,0
"emission_upland_stem","2000-01-02 01:13:53.000",833,732.093,1846.83,17381,0
"emission_upland_stem","2000-01-02 01:13:58.000",838,736.743,1847.18,17361.3,0
"emission_upland_stem","2000-01-02 01:14:03.000",843,741.679,1846.85,17318.4,0
"emission_upland_stem","2000-01-02 01:14:08.000",848,746.329,1848.74,17263.2,0
"emission_upland_stem","2000-01-02 01:14:13.000",853,752.382,1849.08,17326.2,0
"emission_upland_stem","2000-01-02 01:14:18.000",858,756.611,1848.92,17414.6,0
"emission_upland_stem","2000-01-02 01:14:23.000",863,761.7,1849.97,17264.3,0
"emission_upland_stem","2000-01-02 01:14:28.000",868,766.651,1849.69,17289.5,0
"emission_upland_stem","2000-01-02 01:14:33.000",873,771.179,1850.73,17290.6,0
"emission_upland_stem","2000-01-02 01:14:38.000",878,776.27,1850.04,17332.1,0
"emission_upland_stem","2000-01-02 01:14:43.000",883,781.655,1848.98,17301,0
"emission_upland_stem","2000-01-02 01:14:48.000",888,786.155,1848.46,17325.5,0
"emission_upland_stem","2000-01-02 01:14:52.000",892,789.894,1851.8,17334.7,0
"emission_upland_stem","2000-01-02 01:14:57.000",897,795.322,1849.87,17293.4,0
"emission_upland_stem","2000-01-02 01:15:02.000",902,800.56,1850.69,17333.7,0
"emission_upland_stem","2000-01-02 01:15:07.000",907,805.081,1852.56,17378,0
"emission_upland_stem","2000-01-02 01:15:12.000",912,810.443,1852.37,17274.9,0
"emission_upland_stem","2000-01-02 01:15:17.000",917,814.742,1849.01,17221.5,0
"emission_upland_stem","2000-01-02 01:15:22.000",922,819.316,1849.99,17311.8,0
"emission_upland_stem","2000-01-02 01:15:27.000",927,824.591,1850.94,17320.4,0
"emission_upland_stem","2000-01-02 01:15:32.000",932,829.797,1850.93,17308.2,0
"emission_upland_stem","2000-01-02 01:15:37.000",937,834.311,1851.18,17346.3,0
"emission_upland_stem","2000-01-02 01:15:42.000",942,838.792,1850.88,17348.5,0
"emission_upland_stem","2000-01-02 01:15:47.000",947,842.941,1852.91,17337.2,0
"emission_upland_stem","2000-01-02 01:15:52.000",952,849.243,1851.3,17366.3,0
"emission_upland_stem","2000-01-02 01:15:57.000",957,853.27,1853.19,17368.3,0
"emission_upland_stem","2000-01-02 01:16:02.000",962,858.148,1851.21,17382,0
"emission_upland_stem","2000-01-02 01:16:07.000",967,862.987,1850.91,17392,0
"emission_upland_stem","2000-01-02 01:16:12.000",972,867.094,1852.32,17407.5,0
"emission_upland_stem","2000-01-02 01:16:17.000",977,872.039,1852.79,17357.4,0
"emission_upland_stem","2000-01-02 01:16:22.000",982,876.799,1854.01,17448.4,0
"emission_upland_stem","2000-01-02 01:16:27.000",987,881.985,1854.25,17416.7,0
"emission_upland_stem","2000-01-02 01:16:32.000",992,886.213,1855.24,17431.4,0
"emission_upland_stem","2000-01-02 01:16:37.000",997,891.432,1852.5,17408.8,0
"emission_upland_stem","2000-01-02 01:16:42.000",1002,896.084,1854.17,17375.4,0
"emission_upland_stem","2000-01-02 01:16:47.000",1007,900.065,1853.44,17427.3,0
"emission_upland_stem","2000-01-02 01:16:52.000",1012,905.019,1855.28,17381,0
"emission_upland_stem","2000-01-02 01:16:57.000",1017,910.167,1854.78,17395.4,0
"emission_upland_stem","2000-01-02 01:17:02.000",1022,914.705,1856.13,17434.9,0
"emission_upland_stem","2000-01-02 01:17:07.000",1027,918.595,1854.85,17393,0
"emission_upland_stem","2000-01-02 01:17:12.000",1032,923.447,1855.63,17402.9,0
"emission_upland_stem","2000-01-02 01:17:17.000",1037,928.391,1856.64,17452.6,0
"emission_upland_stem","2000-01-02 01:17:22.000",1042,933.335,1855.5,17432.2,0
"emission_upland_stem","2000-01-02 01:17:27.000",1047,936.672,1855.09,17332,0
"emission_upland_stem","2000-01-02 01:17:32.000",1052,941.733,1854.97,17481.6,0
"emission_upland_stem","2000-01-02 01:17:37.000",1057,945.916,1855.15,17370,0
"emission_upland_stem","2000-01-02 01:17:42.000",1062,951.04,1856.22,17454.2,0
"emission_upland_stem","2000-01-02 01:17:47.000",1067,955.314,1855.66,17364.2,0
"emission_upland_stem","2000-01-02 01:17:52.000",1072,959.96,1858.11,17432.4,0
"emission_upland_stem","2000-01-02 01:17:56.000",1076,963.925,1856.42,17458.5,0
"emission_upland_stem","2000-01-02 01:18:01.000",1081,968.345,1856.75,17424.1,0
"emission_upland_stem","2000-01-02 01:18:06.000",1086,973.556,1855.46,17420.3,0
"emission_upland_stem","2000-01-02 01:18:11.000",1091,977.817,1858.77,17413.4,0
"emission_upland_stem","2000-01-02 01:18:16.000",1096,982.786,1855.87,17418,0
"emission_upland_stem","2000-01-02 01:18:21.000",1101,986.728,1856.38,17481.7,0
"emission_upland_stem","2000-01-02 01:18:26.000",1106,991.484,1858.13,17433.8,0
"emission_upland_stem","2000-01-02 01:18:31.000",1111,995.97,1857.35,17459,0
"emission_upland_stem","2000-01-02 01:18:36.000",1116,1000.49,1856.94,17411,0
"emission_upland_stem","2000-01-02 01:18:41.000",1121,1003.9,1856.61,17408.3,0
"emission_upland_stem","2000-01-02 01:18:46.000",1126,1009.01,1857.58,17441.7,0
"emission_upland_stem","2000-01-02 01:18:51.000",1131,1013.81,1857.31,17395.3,0
"emission_upland_stem","2000-01-02 01:18:56.000",1136,1017.37,1859.19,17344.1,0
"emission_upland_stem","2000-01-02 01:19:01.000",1141,1022.34,1858.45,17414.1,0
"emission_upland_stem","2000-01-02 01:19:06.000",1146,1026.96,1859.25,17372.7,0
"emission_upland_stem","2000-01-02 01:19:11.000",1151,1031.03,1859.31,17413.1,0
"emission_upland_stem","2000-01-02 01:19:16.000",1156,1036.27,1858.29,17463.4,0
"emission_upland_stem","2000-01-02 01:19:21.000",1161,1040.92,1860.4,17449.9,0
"emission_upland_stem","2000-01-02 01:19:26.000",1166,1044.51,1859.91,17382.9,0
"emission_upland_stem","2000-01-02 01:19:31.000",1171,1049.18,1859.34,17368,0
"emission_upland_stem","2000-01-02 01:19:36.000",1176,1053.33,1858.25,17424.8,0
"emission_upland_stem","2000-01-02 01:19:41.000",1181,1057.59,1858.78,17432.3,0
"emission_upland_stem","2000-01-02 01:19:46.000",1186,1062.19,1860.9,17366.6,0
"emission_upland_stem","2000-01-02 01:19:51.000",1191,1066.61,1859.97,17361,0
"emission_upland_stem","2000-01-02 01:19:56.000",1196,1070.61,1859.53,17372.9,0
"emission_upland_stem","2000-01-02 01:20:01.000",1201,1074.88,1859.73,17346.9,0
"emission_upland_stem","2000-01-02 01:20:06.000",1206,1079.58,1860.45,17520.1,0
"emission_upland_stem","2000-01-02 01:20:11.000",1211,1084.08,1861.6,17413.7,0
"emission_upland_stem","2000-01-02 01:20:16.000",1216,1087.24,1860.04,17439.2,0
"emission_upland_stem","2000-01-02 01:20:21.000",1221,1092.44,1860.44,17455.3,0
"emission_upland_stem","2000-01-02 01:20:26.000",1226,1096.27,1860.66,17437.4,0
"emission_upland_stem","2000-01-02 01:20:31.000",1231,1100.56,1860.61,17377.3,0
"emission_upland_stem","2000-01-02 01:20:36.000",1236,1104.88,1861.76,17416.7,0
"emission_upland_stem","2000-01-02 01:20:41.000",1241,1109.8,1860.56,17448.4,0
"emission_upland_stem","2000-01-02 01:20:46.000",1246,1113.52,1860.17,17459.9,0
"emission_upland_stem","2000-01-02 01:20:51.000",1251,1116.68,1861.46,17332.5,0
"emission_upland_stem","2000-01-02 01:20:56.000",1256,1122.02,1860.69,17358.8,0
"emission_upland_stem","2000-01-02 01:21:00.000",1260,1126.1,1861.07,17417.4,0
"emission_upland_stem","2000-01-02 01:21:05.000",1265,1130.75,1862.09,17477.4,0
"emission_upland_stem","2000-01-02 01:21:10.000",1270,1134.32,1861.31,17398.9,0
"emission_upland_stem","2000-01-02 01:21:15.000",1275,1139.1,1862.45,17363,0
"emission_upland_stem","2000-01-02 01:21:20.000",1280,1143,1862.02,17384.5,0
"emission_upland_stem","2000-01-02 01:21:25.000",1285,1147.23,1860.02,17379.6,0
"emission_upland_stem","2000-01-02 01:21:30.000",1290,1151.62,1863.56,17447.1,0
"emission_upland_stem","2000-01-02 01:21:35.000",1295,1156.44,1862.82,17429.6,0
"emission_upland_stem","2000-01-02 01:21:40.000",1300,1160.46,1862.22,17453.2,0
"emission_upland_stem","2000-01-02 01:21:45.000",1305,1164.35,1859.88,17337.9,0
"emission_upland_stem","2000-01-02 01:21:50.000",1310,1167.99,1863.7,17363.5,0
"emission_upland_stem","2000-01-02 01:21:55.000",1315,1172.35,1862.92,17367.9,0
"emission_upland_stem","2000-01-02 01:22:00.000",1320,1178.04,1862.42,17409.3,0
"emission_upland_stem","2000-01-02 01:22:05.000",1325,1182.46,1864.03,17400.1,0
"emission_upland_stem","2000-01-02 01:22:10.000",1330,1186.15,1864.15,17444.5,0
"emission_upland_stem","2000-01-02 01:22:15.000",1335,1190.59,1862.92,17390.6,0
"emission_upland_stem","2000-01-02 01:22:20.000",1340,1194.19,1862.81,17438.1,0
"emission_upland_stem","2000-01-02 01:22:25.000",1345,1199.47,1865.05,17434.3,0
"emission_upland_stem","2000-01-02 01:22:30.000",1350,1203.29,1863.47,17426.2,0
"emission_upland_stem","2000-01-02 01:22:35.000",1355,1207.23,1865.24,17488.7,0
"emission_upland_stem","2000-01-02 01:22:40.000",1360,1211.64,1863.22,17517.7,0
"emission_upland_stem","2000-01-02 01:22:45.000",1365,1215.19,1864.56,17491,0
"emission_upland_stem","2000-01-02 01:22:50.000",1370,1218.87,1864.36,17433.5,0
"emission_upland_stem","2000-01-02 01:22:55.000",1375,1224.04,1863.11,17388,0
"emission_upland_stem","2000-01-02 01:23:00.000",1380,1229,1863.74,17644.5,0
"emission_upland_stem","2000-01-02 01:23:05.000",1385,1231.99,1864.88,17448.3,0
"emission_upland_stem","2000-01-02 01:23:10.000",1390,1236.94,1865.83,17513.5,0
"emission_upland_stem","2000-01-02 01:23:15.000",1395,1241.3,1864.53,17433.9,0
"emission_upland_stem","2000-01-02 01:23:20.000",1400,1244.25,1866,17430.3,0
"emission_upland_stem","2000-01-02 01:23:25.000",1405,1249.44,1865.59,17429.4,0
"emission_upland_stem","2000-01-02 01:23:30.000",1410,1254.12,1866.57,17429,0
"emission_upland_stem","2000-01-02 01:23:35.000",1415,1258.06,1866.95,17509.3,0
"emission_upland_stem","2000-01-02 01:23:40.000",1420,1261.77,1863.83,17478.8,0
"emission_upland_stem","2000-01-02 01:23:45.000",1425,1265.51,1866.43,17390.2,0
"emission_upland_stem","2000-01-02 01:23:50.000",1430,1269.83,1866.13,17469,0
"emission_upland_stem","2000-01-02 01:23:55.000",1435,1259.82,1864.53,17387.4,0
"emission_upland_stem","2000-01-02 01:24:00.000",1440,884.547,1860.34,17429,0
"emission_upland_stem","2000-01-02 01:24:05.000",1445,555.4,1858.68,17509,0
"emission_upland_stem","2000-01-02 01:24:09.000",1449,471.224,1857.44,17468,0
"emission_upland_stem","2000-01-02 01:24:14.000",1454,459.771,1856.06,17475.1,0
"emission_upland_stem","2000-01-02 01:24:19.000",1459,452.315,1856.47,17325.9,0
"emission_upland_stem","2000-01-02 01:24:24.000",1464,455.956,1858.11,17371.5,0
"emission_upland_stem","2000-01-02 01:24:29.000",1469,478.091,1859.28,17348,0
"emission_upland_stem","2000-01-02 01:24:34.000",1474,495.663,1858.4,17321.7,0
"emission_upland_stem","2000-01-02 01:24:39.000",1479,502.914,1860.1,17245.2,0
"emission_upland_stem","2000-01-02 01:24:44.000",1484,502.413,1858.62,17324.8,0
"emission_upland_stem","2000-01-02 01:24:49.000",1489,503.176,1857.23,17250.2,0
"emission_upland_stem","2000-01-02 01:24:54.000",1494,507.752,1858.98,17220.1,0
"emission_upland_stem","2000-01-02 01:24:59.000",1499,510.745,1858.91,17276.8,0
"below_detection_stem","2000-01-03 00:40:00.000",-1200,394.704,1822.41,14363.6,0
"below_detection_stem","2000-01-03 00:40:05.000",-1195,394.831,1821.83,14127.2,0
"below_detection_stem","2000-01-03 00:40:10.000",-1190,393.062,1821.06,14174.1,0
"below_detection_stem","2000-01-03 00:40:14.000",-1186,392.936,1820.93,14187.8,0
"below_detection_stem","2000-01-03 00:40:19.000",-1181,396.293,1819.71,14200.9,0
"below_detection_stem","2000-01-03 00:40:24.000",-1176,397.21,1818.81,14123.4,0
"below_detection_stem","2000-01-03 00:40:29.000",-1171,397.489,1821.97,14328.5,0
"below_detection_stem","2000-01-03 00:40:34.000",-1166,397.699,1821.26,14291.1,0
"below_detection_stem","2000-01-03 00:40:39.000",-1161,395.766,1820.37,14301.9,0
"below_detection_stem","2000-01-03 00:40:44.000",-1156,395.568,1820.69,14321.9,0
"below_detection_stem","2000-01-03 00:40:49.000",-1151,393.895,1822.09,14242.8,0
"below_detection_stem","2000-01-03 00:40:54.000",-1146,387.452,1823.16,14001.7,0
"below_detection_stem","2000-01-03 00:40:59.000",-1141,382.33,1825.24,13873.3,0
"below_detection_stem","2000-01-03 00:41:04.000",-1136,381.502,1825.84,13747.3,0
"below_detection_stem","2000-01-03 00:41:09.000",-1131,381.444,1824.07,13489.5,0
"below_detection_stem","2000-01-03 00:41:14.000",-1126,386.33,1822.58,13512.5,0
"below_detection_stem","2000-01-03 00:41:19.000",-1121,391.548,1823.06,13667.3,0
"below_detection_stem","2000-01-03 00:41:24.000",-1116,395.49,1819.33,13743.2,0
"below_detection_stem","2000-01-03 00:41:29.000",-1111,399.729,1819,13961.7,0
"below_detection_stem","2000-01-03 00:41:34.000",-1106,403.139,1817.61,14061.5,0
"below_detection_stem","2000-01-03 00:41:39.000",-1101,405.099,1815.72,14100.9,0
"below_detection_stem","2000-01-03 00:41:44.000",-1096,406.215,1816.8,14164.7,0
"below_detection_stem","2000-01-03 00:41:49.000",-1091,405.911,1816.79,14254.1,0
"below_detection_stem","2000-01-03 00:41:54.000",-1086,401.943,1817.37,14159.3,0
"below_detection_stem","2000-01-03 00:41:59.000",-1081,397.468,1818.29,14121.9,0
"below_detection_stem","2000-01-03 00:42:04.000",-1076,397.707,1818.7,14133.9,0
"below_detection_stem","2000-01-03 00:42:09.000",-1071,401.101,1817.77,14023.9,0
"below_detection_stem","2000-01-03 00:42:14.000",-1066,402.448,1817.48,14006,0
"below_detection_stem","2000-01-03 00:42:19.000",-1061,400.212,1815.91,14060.9,0
"below_detection_stem","2000-01-03 00:42:24.000",-1056,399.627,1818.04,14105.9,0
"below_detection_stem","2000-01-03 00:42:29.000",-1051,400.943,1816,14026.2,0
"below_detection_stem","2000-01-03 00:42:34.000",-1046,402.085,1817.88,14116.5,0
"below_detection_stem","2000-01-03 00:42:39.000",-1041,402.34,1817.16,14167,0
"below_detection_stem","2000-01-03 00:42:44.000",-1036,402.884,1815.44,14073.8,0
"below_detection_stem","2000-01-03 00:42:49.000",-1031,399.537,1816.63,14058.7,0
"below_detection_stem","2000-01-03 00:42:54.000",-1026,400.104,1816.58,13963.1,0
"below_detection_stem","2000-01-03 00:42:59.000",-1021,404.633,1817.11,13998.4,0
"below_detection_stem","2000-01-03 00:43:04.000",-1016,408.888,1813.37,14051.3,0
"below_detection_stem","2000-01-03 00:43:09.000",-1011,406.354,1817.04,14175.5,0
"below_detection_stem","2000-01-03 00:43:14.000",-1006,400.93,1815.32,14129.8,0
"below_detection_stem","2000-01-03 00:43:18.000",-1002,401.525,1816.3,14079.3,0
"below_detection_stem","2000-01-03 00:43:23.000",-997,401.69,1817.58,14049.6,0
"below_detection_stem","2000-01-03 00:43:28.000",-992,402.405,1816.13,14000.5,0
"below_detection_stem","2000-01-03 00:43:33.000",-987,402.381,1816.1,14082.5,0
"below_detection_stem","2000-01-03 00:43:38.000",-982,402.362,1817.42,14190.3,0
"below_detection_stem","2000-01-03 00:43:43.000",-977,397.052,1818.96,14142.3,0
"below_detection_stem","2000-01-03 00:43:48.000",-972,398.346,1817.4,14062.6,0
"below_detection_stem","2000-01-03 00:43:53.000",-967,402.165,1819.06,14110.4,0
"below_detection_stem","2000-01-03 00:43:58.000",-962,402.334,1816.29,14041.2,0
"below_detection_stem","2000-01-03 00:44:03.000",-957,402.678,1817.44,14146.3,0
"below_detection_stem","2000-01-03 00:44:08.000",-952,404.829,1816.15,14136.2,0
"below_detection_stem","2000-01-03 00:44:13.000",-947,406.862,1814.81,14130.2,0
"below_detection_stem","2000-01-03 00:44:18.000",-942,406.648,1815.55,14235.6,0
"below_detection_stem","2000-01-03 00:44:23.000",-937,406.399,1816.45,14191.5,0
"below_detection_stem","2000-01-03 00:44:28.000",-932,411.234,1813.65,14308.4,0
"below_detection_stem","2000-01-03 00:44:33.000",-927,409.612,1812.8,14331.8,0
"below_detection_stem","2000-01-03 00:44:38.000",-922,405.31,1816.96,14459.1,0
"below_detection_stem","2000-01-03 00:44:43.000",-917,404.091,1816.01,14496.5,0
"below_detection_stem","2000-01-03 00:44:48.000",-912,401.302,1816.4,14407.3,0
"below_detection_stem","2000-01-03 00:44:53.000",-907,398.695,1820.2,14380.2,0
"below_detection_stem","2000-01-03 00:44:58.000",-902,398.798,1818.66,14282.2,0
"below_detection_stem","2000-01-03 00:45:03.000",-897,398.082,1819.93,14268.7,0
"below_detection_stem","2000-01-03 00:45:08.000",-892,400.235,1819.55,14304.3,0
"below_detection_stem","2000-01-03 00:45:13.000",-887,402.292,1818.32,14201.9,0
"below_detection_stem","2000-01-03 00:45:18.000",-882,405.921,1815.82,14194.6,0
"below_detection_stem","2000-01-03 00:45:23.000",-877,408.935,1816.43,14260.5,0
"below_detection_stem","2000-01-03 00:45:28.000",-872,411.63,1816.21,14260.4,0
"below_detection_stem","2000-01-03 00:45:33.000",-867,411.876,1818.48,14394.5,0
"below_detection_stem","2000-01-03 00:45:38.000",-862,411.129,1818.06,14348.7,0
"below_detection_stem","2000-01-03 00:45:43.000",-857,411.43,1815.81,14317,0
"below_detection_stem","2000-01-03 00:45:48.000",-852,408.351,1814.7,14403.4,0
"below_detection_stem","2000-01-03 00:45:53.000",-847,402.619,1816.9,14284.3,0
"below_detection_stem","2000-01-03 00:45:58.000",-842,403.055,1816.54,14260.4,0
"below_detection_stem","2000-01-03 00:46:03.000",-837,398.92,1818.32,14285.9,0
"below_detection_stem","2000-01-03 00:46:08.000",-832,397.291,1821.06,14439,0
"below_detection_stem","2000-01-03 00:46:13.000",-827,395.786,1821.34,14209.2,0
"below_detection_stem","2000-01-03 00:46:18.000",-822,394.458,1821.33,14246.3,0
"below_detection_stem","2000-01-03 00:46:22.000",-818,393.162,1822.5,14235.1,0
"below_detection_stem","2000-01-03 00:46:27.000",-813,391.668,1821.55,14120.5,0
"below_detection_stem","2000-01-03 00:46:32.000",-808,389.817,1823.11,14056.5,0
"below_detection_stem","2000-01-03 00:46:37.000",-803,388.936,1823.35,14112.4,0
"below_detection_stem","2000-01-03 00:46:42.000",-798,389.328,1822.17,13994.5,0
"below_detection_stem","2000-01-03 00:46:47.000",-793,389.964,1823.45,14088,0
"below_detection_stem","2000-01-03 00:46:52.000",-788,390.688,1823.16,14104.9,0
"below_detection_stem","2000-01-03 00:46:57.000",-783,395.658,1820.91,14151.7,0
"below_detection_stem","2000-01-03 00:47:02.000",-778,401.448,1820.48,14264.5,0
"below_detection_stem","2000-01-03 00:47:07.000",-773,401.751,1821.16,14322.6,0
"below_detection_stem","2000-01-03 00:47:12.000",-768,399.945,1821.13,14387.6,0
"below_detection_stem","2000-01-03 00:47:17.000",-763,403.965,1821.4,14269.3,0
"below_detection_stem","2000-01-03 00:47:22.000",-758,396.445,1822.16,14389.2,0
"below_detection_stem","2000-01-03 00:47:27.000",-753,394.555,1821.81,14309.3,0
"below_detection_stem","2000-01-03 00:47:32.000",-748,392.364,1821.67,14270.2,0
"below_detection_stem","2000-01-03 00:47:37.000",-743,392.929,1822.99,14271,0
"below_detection_stem","2000-01-03 00:47:42.000",-738,393.346,1823.09,14211.5,0
"below_detection_stem","2000-01-03 00:47:47.000",-733,389.388,1822.43,14234.5,0
"below_detection_stem","2000-01-03 00:47:52.000",-728,389.135,1826.12,14221.2,0
"below_detection_stem","2000-01-03 00:47:57.000",-723,392.05,1822.04,14249.8,0
"below_detection_stem","2000-01-03 00:48:02.000",-718,397.752,1821.73,14209.8,0
"below_detection_stem","2000-01-03 00:48:07.000",-713,397.613,1822.63,14330.2,0
"below_detection_stem","2000-01-03 00:48:12.000",-708,400.497,1820.48,14342.3,0
"below_detection_stem","2000-01-03 00:48:17.000",-703,398.364,1822.9,14484.8,0
"below_detection_stem","2000-01-03 00:48:22.000",-698,395.973,1823.85,14427.5,0
"below_detection_stem","2000-01-03 00:48:27.000",-693,405.358,1825.86,14228.5,0
"below_detection_stem","2000-01-03 00:48:32.000",-688,409.526,1823.9,13865.2,0
"below_detection_stem","2000-01-03 00:48:37.000",-683,401.873,1822.48,13740.9,0
"below_detection_stem","2000-01-03 00:48:42.000",-678,408.765,1822.1,13934.2,0
"below_detection_stem","2000-01-03 00:48:47.000",-673,410.985,1818.21,13971.4,0
"below_detection_stem","2000-01-03 00:48:52.000",-668,406.405,1820.91,14154.3,0
"below_detection_stem","2000-01-03 00:48:57.000",-663,460.058,1824.1,14237.1,0
"below_detection_stem","2000-01-03 00:49:02.000",-658,493.386,1825.33,14967.6,0
"below_detection_stem","2000-01-03 00:49:07.000",-653,499.729,1823.65,15667.1,0
"below_detection_stem","2000-01-03 00:49:12.000",-648,507.712,1824.6,16372.8,0
"below_detection_stem","2000-01-03 00:49:17.000",-643,512.125,1825.1,16643.4,0
"below_detection_stem","2000-01-03 00:49:22.000",-638,516.463,1823.03,16850.1,0
"below_detection_stem","2000-01-03 00:49:26.000",-634,520.622,1825.93,17206.4,0
"below_detection_stem","2000-01-03 00:49:31.000",-629,526.335,1825.96,17022.4,0
"below_detection_stem","2000-01-03 00:49:36.000",-624,531.458,1824.15,17318,0
"below_detection_stem","2000-01-03 00:49:41.000",-619,537.816,1827.34,17508.2,0
"below_detection_stem","2000-01-03 00:49:46.000",-614,542.197,1825.87,17464.2,0
"below_detection_stem","2000-01-03 00:49:51.000",-609,547.567,1825.65,17575.8,0
"below_detection_stem","2000-01-03 00:49:56.000",-604,553.191,1826.71,17566.1,0
"below_detection_stem","2000-01-03 00:50:01.000",-599,558.041,1825.7,17543.6,0
"below_detection_stem","2000-01-03 00:50:06.000",-594,562.462,1826.53,17577.4,0
"below_detection_stem","2000-01-03 00:50:11.000",-589,567.52,1828.14,17778.2,0
"below_detection_stem","2000-01-03 00:50:16.000",-584,570.783,1826.58,17597.1,0
"below_detection_stem","2000-01-03 00:50:21.000",-579,573.848,1829.37,17731,0
"below_detection_stem","2000-01-03 00:50:26.000",-574,576.837,1825.71,17681.6,1
"below_detection_stem","2000-01-03 00:50:31.000",-569,580.915,1825.99,17682.3,1
"below_detection_stem","2000-01-03 00:50:36.000",-564,585.322,1827.47,17689.5,1
"below_detection_stem","2000-01-03 00:50:41.000",-559,588.953,1826.54,17651.3,1
"below_detection_stem","2000-01-03 00:50:46.000",-554,592.083,1826.16,17658.7,1
"below_detection_stem","2000-01-03 00:50:51.000",-549,595.548,1827.45,17611.9,1
"below_detection_stem","2000-01-03 00:50:56.000",-544,599.237,1826.83,17681.5,1
"below_detection_stem","2000-01-03 00:51:01.000",-539,603.824,1825.23,17913.6,1
"below_detection_stem","2000-01-03 00:51:06.000",-534,607.905,1827.37,17880.3,1
"below_detection_stem","2000-01-03 00:51:11.000",-529,610.702,1824.46,17835.1,1
"below_detection_stem","2000-01-03 00:51:16.000",-524,614.141,1826.39,17948.9,1
"below_detection_stem","2000-01-03 00:51:21.000",-519,617.362,1826.21,17928.8,1
"below_detection_stem","2000-01-03 00:51:26.000",-514,620.996,1824.58,17945.9,1
"below_detection_stem","2000-01-03 00:51:31.000",-509,625.697,1827.83,17668.9,1
"below_detection_stem","2000-01-03 00:51:36.000",-504,631.178,1826.66,17946.2,1
"below_detection_stem","2000-01-03 00:51:41.000",-499,634.927,1825.24,17952.4,1
"below_detection_stem","2000-01-03 00:51:46.000",-494,639.84,1826.49,17890.2,1
"below_detection_stem","2000-01-03 00:51:51.000",-489,643.634,1826.58,17889.7,1
"below_detection_stem","2000-01-03 00:51:56.000",-484,648.115,1826.78,17828.5,1
"below_detection_stem","2000-01-03 00:52:01.000",-479,652.908,1827.85,17763.5,1
"below_detection_stem","2000-01-03 00:52:06.000",-474,656.906,1826.67,17700.3,1
"below_detection_stem","2000-01-03 00:52:11.000",-469,661.321,1825.71,17844.3,1
"below_detection_stem","2000-01-03 00:52:16.000",-464,665.696,1824.74,17903.6,1
"below_detection_stem","2000-01-03 00:52:21.000",-459,669.809,1827.49,17739.8,1
"below_detection_stem","2000-01-03 00:52:26.000",-454,674.158,1826.71,17866.1,1
"below_detection_stem","2000-01-03 00:52:30.000",-450,678.698,1828.05,17683.8,1
"below_detection_stem","2000-01-03 00:52:35.000",-445,682.483,1826.28,17698.4,1
"below_detection_stem","2000-01-03 00:52:40.000",-440,687.407,1827.54,17707.2,1
"below_detection_stem","2000-01-03 00:52:45.000",-435,691.275,1826.8,17591.8,1
"below_detection_stem","2000-01-03 00:52:50.000",-430,694.849,1827.09,17748.6,1
"below_detection_stem","2000-01-03 00:52:55.000",-425,700.058,1827.76,17726.4,1
"below_detection_stem","2000-01-03 00:53:00.000",-420,703.607,1825.86,17698,1
"below_detection_stem","2000-01-03 00:53:05.000",-415,707.704,1828.34,17679,1
"below_detection_stem","2000-01-03 00:53:10.000",-410,712.435,1830.1,17839.7,1
"below_detection_stem","2000-01-03 00:53:15.000",-405,716.212,1826.83,17657,1
"below_detection_stem","2000-01-03 00:53:20.000",-400,719.641,1828.83,17715.2,1
"below_detection_stem","2000-01-03 00:53:25.000",-395,723.895,1826.76,17581.4,1
"below_detection_stem","2000-01-03 00:53:30.000",-390,728.105,1828.32,17617.6,1
"below_detection_stem","2000-01-03 00:53:35.000",-385,733.764,1826.06,17812.8,1
"below_detection_stem","2000-01-03 00:53:40.000",-380,737.908,1825.61,17596.4,1
"below_detection_stem","2000-01-03 00:53:45.000",-375,741.981,1825.44,17531.4,1
"below_detection_stem","2000-01-03 00:53:50.000",-370,745.899,1826.89,17417.6,1
"below_detection_stem","2000-01-03 00:53:55.000",-365,750.077,1827.98,17619.1,1
"below_detection_stem","2000-01-03 00:54:00.000",-360,753.766,1827.9,17278.6,1
"below_detection_stem","2000-01-03 00:54:05.000",-355,758.87,1828.79,17318.9,1
"below_detection_stem","2000-01-03 00:54:10.000",-350,762.231,1826.28,17138.6,1
"below_detection_stem","2000-01-03 00:54:15.000",-345,767.439,1826.68,17361.7,1
"below_detection_stem","2000-01-03 00:54:20.000",-340,772.445,1827.92,17622.5,1
"below_detection_stem","2000-01-03 00:54:25.000",-335,776.584,1826.85,17745.9,1
"below_detection_stem","2000-01-03 00:54:30.000",-330,780.986,1827.55,17742,1
"below_detection_stem","2000-01-03 00:54:35.000",-325,784.363,1829.2,17255.4,1
"below_detection_stem","2000-01-03 00:54:40.000",-320,786.598,1826.24,17446.2,1
"below_detection_stem","2000-01-03 00:54:45.000",-315,791.171,1827.61,17646.6,1
"below_detection_stem","2000-01-03 00:54:50.000",-310,794.635,1827.13,17410.8,1
"below_detection_stem","2000-01-03 00:54:55.000",-305,798.02,1826.59,17561.7,1
"below_detection_stem","2000-01-03 00:55:00.000",-300,799.855,1828.37,17158.2,1
"below_detection_stem","2000-01-03 00:55:05.000",-295,801.376,1828.59,17363.6,1
"below_detection_stem","2000-01-03 00:55:10.000",-290,802.39,1826.99,17282.3,1
"below_detection_stem","2000-01-03 00:55:15.000",-285,801.932,1828.76,17253.6,1
"below_detection_stem","2000-01-03 00:55:20.000",-280,801.751,1828.04,17047.2,1
"below_detection_stem","2000-01-03 00:55:25.000",-275,801.893,1826.2,17385.7,1
"below_detection_stem","2000-01-03 00:55:30.000",-270,799.585,1827.95,17303.9,1
"below_detection_stem","2000-01-03 00:55:35.000",-265,798.481,1826.13,17281.3,1
"below_detection_stem","2000-01-03 00:55:39.000",-261,798.325,1826.61,17168,1
"below_detection_stem","2000-01-03 00:55:44.000",-256,799.202,1827.47,17243.8,1
"below_detection_stem","2000-01-03 00:55:49.000",-251,801.577,1828.76,17294.4,1
"below_detection_stem","2000-01-03 00:55:54.000",-246,804.713,1827.03,17173.1,1
"below_detection_stem","2000-01-03 00:55:59.000",-241,807.642,1825.79,17178.3,1
"below_detection_stem","2000-01-03 00:56:04.000",-236,811.448,1825.83,17157.3,1
"below_detection_stem","2000-01-03 00:56:09.000",-231,815.339,1827.52,17227.3,1
"below_detection_stem","2000-01-03 00:56:14.000",-226,818.67,1827.31,17051.7,1
"below_detection_stem","2000-01-03 00:56:19.000",-221,822.556,1826.21,17221.6,1
"below_detection_stem","2000-01-03 00:56:24.000",-216,827.546,1827.7,17093.1,1
"below_detection_stem","2000-01-03 00:56:29.000",-211,830.105,1826.18,16951,1
"below_detection_stem","2000-01-03 00:56:34.000",-206,835.349,1829.1,17348.6,1
"below_detection_stem","2000-01-03 00:56:39.000",-201,838.592,1824.65,16984.9,1
"below_detection_stem","2000-01-03 00:56:44.000",-196,842.348,1826.18,17139.6,1
"below_detection_stem","2000-01-03 00:56:49.000",-191,846.42,1827.15,17140.2,1
"below_detection_stem","2000-01-03 00:56:54.000",-186,849.764,1828.07,17050.2,1
"below_detection_stem","2000-01-03 00:56:59.000",-181,853.056,1826.71,17127.2,1
"below_detection_stem","2000-01-03 00:57:04.000",-176,857.593,1827.41,17069.9,1
"below_detection_stem","2000-01-03 00:57:09.000",-171,861.546,1826.86,17120.6,1
"below_detection_stem","2000-01-03 00:57:14.000",-166,865.508,1828.52,17135.2,1
"below_detection_stem","2000-01-03 00:57:19.000",-161,868.458,1825.35,17062.5,1
"below_detection_stem","2000-01-03 00:57:24.000",-156,871.531,1827.19,17087.5,1
"below_detection_stem","2000-01-03 00:57:29.000",-151,875.201,1828.39,17013.1,1
"below_detection_stem","2000-01-03 00:57:34.000",-146,878.089,1826.49,16993.2,1
"below_detection_stem","2000-01-03 00:57:39.000",-141,882.285,1826.24,17133.8,1
"below_detection_stem","2000-01-03 00:57:44.000",-136,885.848,1827.51,17078.4,1
"below_detection_stem","2000-01-03 00:57:49.000",-131,889.313,1826.76,16936.2,1
"below_detection_stem","2000-01-03 00:57:54.000",-126,892.753,1827.65,17099.8,1
"below_detection_stem","2000-01-03 00:57:59.000",-121,896.28,1825.26,17074.6,1
"below_detection_stem","2000-01-03 00:58:04.000",-116,900.4,1826.42,17141.9,1
"below_detection_stem","2000-01-03 00:58:09.000",-111,904.108,1826.74,17026.2,1
"below_detection_stem","2000-01-03 00:58:14.000",-106,907.737,1824.73,17074.9,1
"below_detection_stem","2000-01-03 00:58:19.000",-101,911.694,1827.58,17108.6,1
"below_detection_stem","2000-01-03 00:58:24.000",-96,915.642,1828.38,17135.2,1
"below_detection_stem","2000-01-03 00:58:29.000",-91,919.734,1826.99,17215.2,1
"below_detection_stem","2000-01-03 00:58:34.000",-86,923.829,1828.05,17058.1,1
"below_detection_stem","2000-01-03 00:58:39.000",-81,925.612,1827.54,17080.5,1
"below_detection_stem","2000-01-03 00:58:43.000",-77,929.899,1827.91,17037,1
"below_detection_stem","2000-01-03 00:58:48.000",-72,933.556,1828.05,16947.4,1
"below_detection_stem","2000-01-03 00:58:53.000",-67,935.779,1825.85,17058.5,1
"below_detection_stem","2000-01-03 00:58:58.000",-62,939.807,1828.31,16992.6,1
"below_detection_stem","2000-01-03 00:59:03.000",-57,943.076,1826.01,17070.9,1
"below_detection_stem","2000-01-03 00:59:08.000",-52,946.17,1825.65,17053.8,1
"below_detection_stem","2000-01-03 00:59:13.000",-47,950.788,1826.95,17071.2,1
"below_detection_stem","2000-01-03 00:59:18.000",-42,952.932,1826.09,17069.7,1
"below_detection_stem","2000-01-03 00:59:23.000",-37,956.387,1826.71,16986.3,1
"below_detection_stem","2000-01-03 00:59:28.000",-32,961.395,1824.78,17205.8,1
"below_detection_stem","2000-01-03 00:59:33.000",-27,965.501,1826.04,17183.7,1
"below_detection_stem","2000-01-03 00:59:38.000",-22,970.016,1826.82,17108.5,1
"below_detection_stem","2000-01-03 00:59:43.000",-17,973.226,1825.32,17040.8,1
"below_detection_stem","2000-01-03 00:59:48.000",-12,978.246,1827.69,17263.5,1
"below_detection_stem","2000-01-03 00:59:53.000",-7,982.506,1825.94,17172.7,1
"below_detection_stem","2000-01-03 00:59:58.000",-2,986.166,1825.74,17204.7,1
"below_detection_stem","2000-01-03 01:00:03.000",3,989.851,1826.39,17200.1,1
"below_detection_stem","2000-01-03 01:00:08.000",8,992.753,1824.17,17217,1
"below_detection_stem","2000-01-03 01:00:13.000",13,996.727,1826.17,17312.8,1
"below_detection_stem","2000-01-03 01:00:18.000",18,999.924,1825.6,17234.1,1
"below_detection_stem","2000-01-03 01:00:23.000",23,1002.47,1825.04,17259.9,1
"below_detection_stem","2000-01-03 01:00:28.000",28,1005.93,1824.8,17238.5,1
"below_detection_stem","2000-01-03 01:00:33.000",33,1009.15,1825.72,17198.7,1
"below_detection_stem","2000-01-03 01:00:38.000",38,1012.78,1826.02,17170.3,1
"below_detection_stem","2000-01-03 01:00:43.000",43,1016.91,1827.66,17322.9,1
"below_detection_stem","2000-01-03 01:00:48.000",48,1019.09,1825.96,17196.4,1
"below_detection_stem","2000-01-03 01:00:53.000",53,1023.1,1825.47,17340.7,1
"below_detection_stem","2000-01-03 01:00:58.000",58,1026.22,1825.93,17135.9,1
"below_detection_stem","2000-01-03 01:01:03.000",63,1029.41,1826.82,17376,1
"below_detection_stem","2000-01-03 01:01:08.000",68,1032.92,1827.04,17291.3,1
"below_detection_stem","2000-01-03 01:01:13.000",73,1034.7,1825.22,17298.2,1
"below_detection_stem","2000-01-03 01:01:18.000",78,1038.58,1824.71,17278.7,1
"below_detection_stem","2000-01-03 01:01:23.000",83,1042.33,1826.31,17227.2,1
"below_detection_stem","2000-01-03 01:01:28.000",88,1045.33,1825.17,17225.4,1
"below_detection_stem","2000-01-03 01:01:33.000",93,1047.2,1825.53,17301.9,1
"below_detection_stem","2000-01-03 01:01:38.000",98,1047.58,1825.11,17071.9,1
"below_detection_stem","2000-01-03 01:01:43.000",103,1050.69,1825.35,17197.3,1
"below_detection_stem","2000-01-03 01:01:47.000",107,1052.66,1824.82,17261.1,1
"below_detection_stem","2000-01-03 01:01:52.000",112,1054.69,1826.1,17276.6,1
"below_detection_stem","2000-01-03 01:01:57.000",117,1057.53,1826.58,17302.4,1
"below_detection_stem","2000-01-03 01:02:02.000",122,1059.33,1824.18,17320.6,1
"below_detection_stem","2000-01-03 01:02:07.000",127,1062.16,1827.15,17290.1,1
"below_detection_stem","2000-01-03 01:02:12.000",132,1064.24,1825.5,17333.8,1
"below_detection_stem","2000-01-03 01:02:17.000",137,1066.23,1824.74,17323.7,1
"below_detection_stem","2000-01-03 01:02:22.000",142,1068.49,1828.1,17372.8,1
"below_detection_stem","2000-01-03 01:02:27.000",147,1070.18,1825.8,17254.2,1
"below_detection_stem","2000-01-03 01:02:32.000",152,1073.32,1825.6,17286.5,1
"below_detection_stem","2000-01-03 01:02:37.000",157,1075.72,1825.6,17458.8,1
"below_detection_stem","2000-01-03 01:02:42.000",162,1079.98,1824.26,17356.4,1
"below_detection_stem","2000-01-03 01:02:47.000",167,1084.16,1826.56,17410.9,1
"below_detection_stem","2000-01-03 01:02:52.000",172,1087.79,1825.23,17302.6,1
"below_detection_stem","2000-01-03 01:02:57.000",177,1091.59,1826.57,17407.8,1
"below_detection_stem","2000-01-03 01:03:02.000",182,1095.33,1824.98,17362.6,1
"below_detection_stem","2000-01-03 01:03:07.000",187,1099.1,1826.44,17261.8,1
"below_detection_stem","2000-01-03 01:03:12.000",192,1102.53,1829.36,17316.3,1
"below_detection_stem","2000-01-03 01:03:17.000",197,1104.96,1824.85,17301.6,1
"below_detection_stem","2000-01-03 01:03:22.000",202,1108.93,1827.51,17329.3,1
"below_detection_stem","2000-01-03 01:03:27.000",207,1112.68,1825.52,17266,1
"below_detection_stem","2000-01-03 01:03:32.000",212,1115.89,1827.85,17272.8,1
"below_detection_stem","2000-01-03 01:03:37.000",217,1118.44,1826.95,17267.7,1
"below_detection_stem","2000-01-03 01:03:42.000",222,1122.47,1825.96,17276.2,1
"below_detection_stem","2000-01-03 01:03:47.000",227,1126.21,1827.57,17299.5,1
"below_detection_stem","2000-01-03 01:03:52.000",232,1128.1,1825.94,17276.6,1
"below_detection_stem","2000-01-03 01:03:57.000",237,1132.68,1827.15,17393.7,1
"below_detection_stem","2000-01-03 01:04:02.000",242,1135.55,1826.39,17244.2,1
"below_detection_stem","2000-01-03 01:04:07.000",247,1138.71,1826.6,17259.4,1
"below_detection_stem","2000-01-03 01:04:12.000",252,1141.34,1825.78,17339.5,1
"below_detection_stem","2000-01-03 01:04:17.000",257,1144.23,1825.97,17223.7,1
"below_detection_stem","2000-01-03 01:04:22.000",262,1147.09,1828.15,17258.8,1
"below_detection_stem","2000-01-03 01:04:27.000",267,1151.08,1826.94,17446.5,1
"below_detection_stem","2000-01-03 01:04:32.000",272,1153.66,1828.86,17316.3,1
"below_detection_stem","2000-01-03 01:04:37.000",277,1155.66,1826.26,17191.8,1
"below_detection_stem","2000-01-03 01:04:42.000",282,1156.16,1825.08,17303.1,1
"below_detection_stem","2000-01-03 01:04:46.000",286,1158.07,1827.11,17314.5,1
"below_detection_stem","2000-01-03 01:04:51.000",291,1159.04,1826.18,17230.9,1
"below_detection_stem","2000-01-03 01:04:56.000",296,1161.27,1827.58,17346.3,1
"below_detection_stem","2000-01-03 01:05:01.000",301,1163.38,1827.14,17267.8,1
"below_detection_stem","2000-01-03 01:05:06.000",306,1165.12,1827.98,17209.6,1
"below_detection_stem","2000-01-03 01:05:11.000",311,1167.42,1828.54,17351,1
"below_detection_stem","2000-01-03 01:05:16.000",316,1169.6,1825.13,17281.5,1
"below_detection_stem","2000-01-03 01:05:21.000",321,1172.5,1828.14,17443.6,1
"below_detection_stem","2000-01-03 01:05:26.000",326,1174.21,1828.99,17334.9,1
"below_detection_stem","2000-01-03 01:05:31.000",331,1176.4,1827.19,17463.1,1
"below_detection_stem","2000-01-03 01:05:36.000",336,1179.46,1829.74,17265,1
"below_detection_stem","2000-01-03 01:05:41.000",341,1180.54,1827.35,17351.3,1
"below_detection_stem","2000-01-03 01:05:46.000",346,1183.37,1829.47,17450.9,1
"below_detection_stem","2000-01-03 01:05:51.000",351,1184.67,1828.23,17352.1,1
"below_detection_stem","2000-01-03 01:05:56.000",356,1188.09,1828.78,17443.2,1
"below_detection_stem","2000-01-03 01:06:01.000",361,1190.79,1827.62,17427.7,1
"below_detection_stem","2000-01-03 01:06:06.000",366,1192.94,1827.07,17487.2,1
"below_detection_stem","2000-01-03 01:06:11.000",371,1196.54,1827.8,17428.9,1
"below_detection_stem","2000-01-03 01:06:16.000",376,1198.7,1827.48,17372.7,1
"below_detection_stem","2000-01-03 01:06:21.000",381,1201.89,1828.85,17672.3,1
"below_detection_stem","2000-01-03 01:06:26.000",386,1204.04,1827.57,17339.8,1
"below_detection_stem","2000-01-03 01:06:31.000",391,1207.49,1828.63,17480.8,1
"below_detection_stem","2000-01-03 01:06:36.000",396,1210.34,1827.95,17477.7,1
"below_detection_stem","2000-01-03 01:06:41.000",401,1212.22,1829.24,17452,1
"below_detection_stem","2000-01-03 01:06:46.000",406,1214.89,1828.3,17578.5,1
"below_detection_stem","2000-01-03 01:06:51.000",411,1215.76,1827.13,17426.1,1
"below_detection_stem","2000-01-03 01:06:56.000",416,1219.25,1829.12,17522.6,1
"below_detection_stem","2000-01-03 01:07:01.000",421,1219.88,1826.47,17501.7,1
"below_detection_stem","2000-01-03 01:07:06.000",426,1222.64,1827.76,17456.8,1
"below_detection_stem","2000-01-03 01:07:11.000",431,1225.47,1827.86,17459.8,1
"below_detection_stem","2000-01-03 01:07:16.000",436,1227.6,1827.26,17465.6,1
"below_detection_stem","2000-01-03 01:07:21.000",441,1230.44,1828.12,17537,1
"below_detection_stem","2000-01-03 01:07:26.000",446,1231.99,1828,17476.2,1
"below_detection_stem","2000-01-03 01:07:31.000",451,1235.2,1827.29,17601.1,1
"below_detection_stem","2000-01-03 01:07:36.000",456,1237.9,1827.53,17480.6,1
"below_detection_stem","2000-01-03 01:07:41.000",461,1239.57,1827.67,17467.8,1
"below_detection_stem","2000-01-03 01:07:46.000",466,1242.95,1830.65,17647.7,1
"below_detection_stem","2000-01-03 01:07:50.000",470,1244.42,1826.58,17509.7,1
"below_detection_stem","2000-01-03 01:07:55.000",475,1247.37,1828.61,17547.6,1
"below_detection_stem","2000-01-03 01:08:00.000",480,1249.15,1829.33,17426.9,1
"below_detection_stem","2000-01-03 01:08:05.000",485,1251.41,1827.14,17438.3,1
"below_detection_stem","2000-01-03 01:08:10.000",490,1253.02,1826.89,17503.1,1
"below_detection_stem","2000-01-03 01:08:15.000",495,1255.56,1826.62,17444.2,1
"below_detection_stem","2000-01-03 01:08:20.000",500,1258.43,1829.29,17576.7,1
"below_detection_stem","2000-01-03 01:08:25.000",505,1260.39,1828.13,17430,1
"below_detection_stem","2000-01-03 01:08:30.000",510,1263.53,1828.74,17526.6,1
"below_detection_stem","2000-01-03 01:08:35.000",515,1264.49,1827.26,17362.2,1
"below_detection_stem","2000-01-03 01:08:40.000",520,1267.54,1829.02,17532.1,1
"below_detection_stem","2000-01-03 01:08:45.000",525,1269.85,1829.41,17515,1
"below_detection_stem","2000-01-03 01:08:50.000",530,1271.91,1828.05,17488.6,1
"below_detection_stem","2000-01-03 01:08:55.000",535,1275.31,1829.89,17453.6,1
"below_detection_stem","2000-01-03 01:09:00.000",540,1277.35,1828.39,17435.7,1
"below_detection_stem","2000-01-03 01:09:05.000",545,1280.8,1827.9,17375.4,1
"below_detection_stem","2000-01-03 01:09:10.000",550,1282,1825.65,17256.4,1
"below_detection_stem","2000-01-03 01:09:15.000",555,1286.07,1829.24,17493.1,0
"below_detection_stem","2000-01-03 01:09:20.000",560,1288.54,1826.83,17420.6,0
"below_detection_stem","2000-01-03 01:09:25.000",565,1290.55,1827.53,17414.1,0
"below_detection_stem","2000-01-03 01:09:30.000",570,1294.18,1828.3,17435.2,0
"below_detection_stem","2000-01-03 01:09:35.000",575,1295.32,1826.6,17410.8,0
"below_detection_stem","2000-01-03 01:09:40.000",580,1297.72,1827.99,17428.1,0
"below_detection_stem","2000-01-03 01:09:45.000",585,1298.66,1827.63,17401.5,0
"below_detection_stem","2000-01-03 01:09:50.000",590,1300.79,1830.19,17329.7,0
"below_detection_stem","2000-01-03 01:09:55.000",595,1302.81,1827.85,17380.8,0
"below_detection_stem","2000-01-03 01:10:00.000",600,1302.71,1827.09,17357.9,0
"below_detection_stem","2000-01-03 01:10:05.000",605,1305.52,1830.65,17349,0
"below_detection_stem","2000-01-03 01:10:10.000",610,1307.56,1827.12,17281.9,0
"below_detection_stem","2000-01-03 01:10:15.000",615,1310.91,1828.11,17199.2,0
"below_detection_stem","2000-01-03 01:10:20.000",620,1311.1,1825.19,17166.5,0
"below_detection_stem","2000-01-03 01:10:25.000",625,1310.98,1828.3,17256.7,0
"below_detection_stem","2000-01-03 01:10:30.000",630,1310.6,1828.69,17111.8,0
"below_detection_stem","2000-01-03 01:10:35.000",635,1310.8,1828.68,17204,0
"below_detection_stem","2000-01-03 01:10:40.000",640,1310.01,1825.74,17249,0
"below_detection_stem","2000-01-03 01:10:45.000",645,1310.1,1825.61,17166.3,0
"below_detection_stem","2000-01-03 01:10:50.000",650,1315.58,1828.01,17148.4,0
"below_detection_stem","2000-01-03 01:10:54.000",654,1317.57,1826.35,17214,0
"below_detection_stem","2000-01-03 01:10:59.000",659,1318.16,1827.55,17119.6,0
"below_detection_stem","2000-01-03 01:11:04.000",664,1315.05,1826.37,17089.8,0
"below_detection_stem","2000-01-03 01:11:09.000",669,1309.9,1826.44,17186,0
"below_detection_stem","2000-01-03 01:11:14.000",674,1305.61,1828,17116,0
"below_detection_stem","2000-01-03 01:11:19.000",679,1305.79,1826.8,17190.3,0
"below_detection_stem","2000-01-03 01:11:24.000",684,1307.37,1827.59,17145.9,0
"below_detection_stem","2000-01-03 01:11:29.000",689,1310.84,1827.97,17157,0
"below_detection_stem","2000-01-03 01:11:34.000",694,1315.78,1827.97,17229.2,0
"below_detection_stem","2000-01-03 01:11:39.000",699,1317.98,1827.12,17156.1,0
"below_detection_stem","2000-01-03 01:11:44.000",704,1321.86,1826.72,17180.3,0
"below_detection_stem","2000-01-03 01:11:49.000",709,1250.89,1826.24,17099.5,0
"below_detection_stem","2000-01-03 01:11:54.000",714,764.67,1825.67,17134.2,0
"below_detection_stem","2000-01-03 01:11:59.000",719,508.213,1824.35,17052.2,0
"below_detection_stem","2000-01-03 01:12:04.000",724,458.726,1824.62,16773.7,0
"below_detection_stem","2000-01-03 01:12:09.000",729,455.52,1825.19,17158.9,0
"below_detection_stem","2000-01-03 01:12:14.000",734,459.517,1824.89,17139.6,0
"below_detection_stem","2000-01-03 01:12:19.000",739,465.112,1825.6,17104.1,0
"below_detection_stem","2000-01-03 01:12:24.000",744,473.301,1823.4,17045.9,0
"below_detection_stem","2000-01-03 01:12:29.000",749,481.284,1825.31,17154.9,0
"below_detection_stem","2000-01-03 01:12:34.000",754,483.815,1823.95,16794.2,0
"below_detection_stem","2000-01-03 01:12:39.000",759,486.693,1825.67,17199.6,0
"below_detection_stem","2000-01-03 01:12:44.000",764,491.544,1823.26,17277.3,0
"below_detection_stem","2000-01-03 01:12:49.000",769,496.13,1824.77,17277.5,0
"below_detection_stem","2000-01-03 01:12:54.000",774,499.221,1823.15,17112.7,0
"below_detection_stem","2000-01-03 01:12:59.000",779,503.839,1823.43,17290.7,0
"below_detection_stem","2000-01-03 01:13:04.000",784,508.434,1825.08,17073.4,0
"below_detection_stem","2000-01-03 01:13:09.000",789,513.832,1824.56,17113.8,0
"below_detection_stem","2000-01-03 01:13:14.000",794,517.98,1823.02,17007.9,0
"below_detection_stem","2000-01-03 01:13:19.000",799,522.151,1825.88,16966.9,0
"below_detection_stem","2000-01-03 01:13:24.000",804,526.914,1826.44,16910.6,0
"below_detection_stem","2000-01-03 01:13:29.000",809,530.81,1823.27,16816.2,0
"below_detection_stem","2000-01-03 01:13:34.000",814,535.245,1823.9,16803.2,0
"below_detection_stem","2000-01-03 01:13:39.000",819,539.428,1823.67,16802.9,0
"below_detection_stem","2000-01-03 01:13:44.000",824,543.926,1825.59,16920.1,0
"below_detection_stem","2000-01-03 01:13:49.000",829,549.474,1825.15,16835.4,0
"below_detection_stem","2000-01-03 01:13:54.000",834,555.199,1825.34,16828.8,0
"below_detection_stem","2000-01-03 01:13:58.000",838,560.735,1825.93,16834.1,0
"below_detection_stem","2000-01-03 01:14:03.000",843,565.231,1824.22,16751.5,0
"below_detection_stem","2000-01-03 01:14:08.000",848,570.235,1825.71,16680.8,0
"below_detection_stem","2000-01-03 01:14:13.000",853,574.179,1824.69,16643.2,0
"below_detection_stem","2000-01-03 01:14:18.000",858,578.991,1825.14,16722.5,0
"below_detection_stem","2000-01-03 01:14:23.000",863,582.325,1824.77,16701.7,0
"below_detection_stem","2000-01-03 01:14:28.000",868,587.66,1824.7,16747,0
"below_detection_stem","2000-01-03 01:14:33.000",873,591.948,1823.8,16665.7,0
"below_detection_stem","2000-01-03 01:14:38.000",878,596.533,1825.47,16785,0
"below_detection_stem","2000-01-03 01:14:43.000",883,601.406,1824.6,16678.5,0
"below_detection_stem","2000-01-03 01:14:48.000",888,605.531,1824.53,16749.9,0
"below_detection_stem","2000-01-03 01:14:53.000",893,608.863,1825.53,16690.7,0
"below_detection_stem","2000-01-03 01:14:58.000",898,613.691,1823.51,16812.6,0
"below_detection_stem","2000-01-03 01:15:03.000",903,618.738,1824.81,16688.5,0
"below_detection_stem","2000-01-03 01:15:08.000",908,623.126,1823.52,16794.1,0
"below_detection_stem","2000-01-03 01:15:13.000",913,627.516,1826.63,16769.6,0
"below_detection_stem","2000-01-03 01:15:18.000",918,631.534,1824.99,16821.3,0
"below_detection_stem","2000-01-03 01:15:23.000",923,636.844,1825.77,16824.3,0
"below_detection_stem","2000-01-03 01:15:28.000",928,641.317,1822.82,16806.3,0
"below_detection_stem","2000-01-03 01:15:33.000",933,646.154,1823.8,16809,0
"below_detection_stem","2000-01-03 01:15:38.000",938,650.185,1824.51,16779.3,0
"below_detection_stem","2000-01-03 01:15:43.000",943,653.937,1823.18,16885.8,0
"below_detection_stem","2000-01-03 01:15:48.000",948,657.877,1825.82,16972.3,0
"below_detection_stem","2000-01-03 01:15:53.000",953,661.001,1823.48,16875.4,0
"below_detection_stem","2000-01-03 01:15:58.000",958,665.079,1825.2,16811.2,0
"below_detection_stem","2000-01-03 01:16:03.000",963,668.667,1824.88,16818.3,0
"below_detection_stem","2000-01-03 01:16:08.000",968,672.899,1826.03,16951.1,0
"below_detection_stem","2000-01-03 01:16:13.000",973,676.125,1823.25,16856.6,0
"below_detection_stem","2000-01-03 01:16:18.000",978,679.763,1826.93,16822.3,0
"below_detection_stem","2000-01-03 01:16:23.000",983,683.063,1824.16,16675.1,0
"below_detection_stem","2000-01-03 01:16:28.000",988,687.631,1825.93,16854.4,0
"below_detection_stem","2000-01-03 01:16:33.000",993,691.046,1824.72,16810.4,0
"below_detection_stem","2000-01-03 01:16:38.000",998,695,1825.95,16839.3,0
"below_detection_stem","2000-01-03 01:16:43.000",1003,698.749,1823.38,16764,0
"below_detection_stem","2000-01-03 01:16:48.000",1008,703.155,1825.01,16967.4,0
"below_detection_stem","2000-01-03 01:16:53.000",1013,707.923,1825.88,16813.8,0
"below_detection_stem","2000-01-03 01:16:58.000",1018,711.439,1825.33,16877.7,0
"below_detection_stem","2000-01-03 01:17:02.000",1022,715.63,1826.7,16888.3,0
"below_detection_stem","2000-01-03 01:17:07.000",1027,719.562,1825.86,16863.3,0
"below_detection_stem","2000-01-03 01:17:12.000",1032,723.598,1826.91,16900.1,0
"below_detection_stem","2000-01-03 01:17:17.000",1037,728.262,1826.9,16811.2,0
"below_detection_stem","2000-01-03 01:17:22.000",1042,733.609,1826.46,16895,0
"below_detection_stem","2000-01-03 01:17:27.000",1047,738.539,1825.13,16815.7,0
"below_detection_stem","2000-01-03 01:17:32.000",1052,743.157,1827.46,16839.2,0
"below_detection_stem","2000-01-03 01:17:37.000",1057,745.961,1825.07,16760.8,0
"below_detection_stem","2000-01-03 01:17:42.000",1062,751.169,1824.81,16832.3,0
"below_detection_stem","2000-01-03 01:17:47.000",1067,753.88,1825.15,16742,0
"below_detection_stem","2000-01-03 01:17:52.000",1072,758.827,1824.85,16887.2,0
"below_detection_stem","2000-01-03 01:17:57.000",1077,762.285,1824.38,16887.2,0
"below_detection_stem","2000-01-03 01:18:02.000",1082,765.085,1826.04,16951.2,0
"below_detection_stem","2000-01-03 01:18:07.000",1087,769.904,1824.67,16862,0
"below_detection_stem","2000-01-03 01:18:12.000",1092,774.522,1825.44,16985.4,0
"below_detection_stem","2000-01-03 01:18:17.000",1097,779.456,1825.59,16876.3,0
"below_detection_stem","2000-01-03 01:18:22.000",1102,784.171,1825.37,16942.7,0
"below_detection_stem","2000-01-03 01:18:27.000",1107,788.372,1826.49,16904.1,0
"below_detection_stem","2000-01-03 01:18:32.000",1112,792.279,1825.3,16827.1,0
"below_detection_stem","2000-01-03 01:18:37.000",1117,796.288,1826.06,16854,0
"below_detection_stem","2000-01-03 01:18:42.000",1122,800.184,1825.27,16869.6,0
"below_detection_stem","2000-01-03 01:18:47.000",1127,803.927,1826.35,16855.5,0
"below_detection_stem","2000-01-03 01:18:52.000",1132,806.965,1824.02,16807.8,0
"below_detection_stem","2000-01-03 01:18:57.000",1137,811.646,1825.91,16857.7,0
"below_detection_stem","2000-01-03 01:19:02.000",1142,816.046,1827.76,16658.3,0
"below_detection_stem","2000-01-03 01:19:07.000",1147,818.518,1826.11,16801,0
"below_detection_stem","2000-01-03 01:19:12.000",1152,821.682,1826.38,16769.8,0
"below_detection_stem","2000-01-03 01:19:17.000",1157,824.137,1826.33,16825,0
"below_detection_stem","2000-01-03 01:19:22.000",1162,826.897,1824.28,16755.8,0
"below_detection_stem","2000-01-03 01:19:27.000",1167,830.814,1825.03,16914.1,0
"below_detection_stem","2000-01-03 01:19:32.000",1172,834.339,1826.09,16818,0
"below_detection_stem","2000-01-03 01:19:37.000",1177,838.113,1826.73,16867,0
"below_detection_stem","2000-01-03 01:19:42.000",1182,841.481,1826.52,16919.9,0
"below_detection_stem","2000-01-03 01:19:47.000",1187,844.84,1828.1,17071.3,0
"below_detection_stem","2000-01-03 01:19:52.000",1192,849.168,1826.08,17018,0
"below_detection_stem","2000-01-03 01:19:57.000",1197,851.912,1825.62,17048.1,0
"below_detection_stem","2000-01-03 01:20:02.000",1202,857.051,1826.52,17049.1,0
"below_detection_stem","2000-01-03 01:20:06.000",1206,860.415,1826.23,17063.1,0
"below_detection_stem","2000-01-03 01:20:11.000",1211,864.083,1824.93,17181.8,0
"below_detection_stem","2000-01-03 01:20:16.000",1216,867.93,1825.39,17171.4,0
"below_detection_stem","2000-01-03 01:20:21.000",1221,872.562,1826.39,17270.8,0
"below_detection_stem","2000-01-03 01:20:26.000",1226,875.402,1825.6,17193.7,0
"below_detection_stem","2000-01-03 01:20:31.000",1231,880.381,1826.49,17385,0
"below_detection_stem","2000-01-03 01:20:36.000",1236,883.523,1825.26,17293.5,0
"below_detection_stem","2000-01-03 01:20:41.000",1241,887.101,1827.71,17379.4,0
"below_detection_stem","2000-01-03 01:20:46.000",1246,889.715,1826.53,17324.8,0
"below_detection_stem","2000-01-03 01:20:51.000",1251,892.766,1827.57,17380.3,0
"below_detection_stem","2000-01-03 01:20:56.000",1256,896.195,1824.82,17363.3,0
"below_detection_stem","2000-01-03 01:21:01.000",1261,900.206,1827.86,17556.8,0
"below_detection_stem","2000-01-03 01:21:06.000",1266,903.553,1825.73,17487.1,0
"below_detection_stem","2000-01-03 01:21:11.000",1271,907.523,1828.16,17593.8,0
"below_detection_stem","2000-01-03 01:21:16.000",1276,910.331,1825.27,17456.4,0
"below_detection_stem","2000-01-03 01:21:21.000",1281,914.386,1826.97,17631.6,0
"below_detection_stem","2000-01-03 01:21:26.000",1286,917.154,1825.93,17637.4,0
"below_detection_stem","2000-01-03 01:21:31.000",1291,922.29,1827.52,17689.4,0
"below_detection_stem","2000-01-03 01:21:36.000",1296,925.104,1825.69,17617,0
"below_detection_stem","2000-01-03 01:21:41.000",1301,929.242,1825.84,17593.8,0
"below_detection_stem","2000-01-03 01:21:46.000",1306,932.41,1825.63,17553.5,0
"below_detection_stem","2000-01-03 01:21:51.000",1311,937.703,1826.35,17685.8,0
"below_detection_stem","2000-01-03 01:21:56.000",1316,939.667,1826.79,17505.3,0
"below_detection_stem","2000-01-03 01:22:01.000",1321,943.452,1826.03,17668.9,0
"below_detection_stem","2000-01-03 01:22:06.000",1326,945.903,1826,17470.3,0
"below_detection_stem","2000-01-03 01:22:11.000",1331,950.694,1826.45,17659.4,0
"below_detection_stem","2000-01-03 01:22:16.000",1336,953.349,1825.69,17663.3,0
"below_detection_stem","2000-01-03 01:22:21.000",1341,957.275,1827.58,17723.4,0
"below_detection_stem","2000-01-03 01:22:26.000",1346,960.953,1825.84,17736.6,0
"below_detection_stem","2000-01-03 01:22:31.000",1351,964.463,1825.43,17582.7,0
"below_detection_stem","2000-01-03 01:22:36.000",1356,966.951,1824.77,17610.7,0
"below_detection_stem","2000-01-03 01:22:41.000",1361,971.277,1827.7,17669.5,0
"below_detection_stem","2000-01-03 01:22:46.000",1366,974.94,1826.21,17574.7,0
"below_detection_stem","2000-01-03 01:22:51.000",1371,979.98,1827.99,17714.7,0
"below_detection_stem","2000-01-03 01:22:56.000",1376,982.968,1826.59,17725.4,0
"below_detection_stem","2000-01-03 01:23:01.000",1381,987.474,1826.47,17672,0
"below_detection_stem","2000-01-03 01:23:06.000",1386,992.237,1826.34,17532.5,0
"below_detection_stem","2000-01-03 01:23:10.000",1390,995.898,1827.52,17483,0
"below_detection_stem","2000-01-03 01:23:15.000",1395,998.841,1826.26,17508.8,0
"below_detection_stem","2000-01-03 01:23:20.000",1400,1002.99,1825.99,17449.7,0
"below_detection_stem","2000-01-03 01:23:25.000",1405,1005.59,1824.95,17520.4,0
"below_detection_stem","2000-01-03 01:23:30.000",1410,1008.7,1828.62,17577.7,0
"below_detection_stem","2000-01-03 01:23:35.000",1415,1011.41,1826.5,17394.4,0
"below_detection_stem","2000-01-03 01:23:40.000",1420,1016.49,1826.5,17399.8,0
"below_detection_stem","2000-01-03 01:23:45.000",1425,1019.83,1827.08,17378.7,0
"below_detection_stem","2000-01-03 01:23:50.000",1430,1023.21,1828.09,17485.6,0
"below_detection_stem","2000-01-03 01:23:55.000",1435,1026.67,1824.95,17417.2,0
"below_detection_stem","2000-01-03 01:24:00.000",1440,1030.8,1828.09,17436.5,0
"below_detection_stem","2000-01-03 01:24:05.000",1445,1032.36,1825.28,17374.3,0
"below_detection_stem","2000-01-03 01:24:10.000",1450,1036.46,1827.3,17293.2,0
"below_detection_stem","2000-01-03 01:24:15.000",1455,1039.82,1826.2,17365.8,0
"below_detection_stem","2000-01-03 01:24:20.000",1460,1043.68,1828.08,17425.1,0
"below_detection_stem","2000-01-03 01:24:25.000",1465,1046.94,1825.86,17306.1,0
"below_detection_stem","2000-01-03 01:24:30.000",1470,1050.48,1826.86,17310.8,0
"below_detection_stem","2000-01-03 01:24:35.000",1475,1053.07,1827.3,17353.3,0
"below_detection_stem","2000-01-03 01:24:40.000",1480,1057.29,1825.84,17356.4,0
"below_detection_stem","2000-01-03 01:24:45.000",1485,1061.55,1826.21,17234.7,0
"below_detection_stem","2000-01-03 01:24:50.000",1490,1064.29,1826.7,17361.9,0
"below_detection_stem","2000-01-03 01:24:55.000",1495,1067.58,1826.78,17327.4,0
"below_detection_stem","2000-01-03 01:25:00.000",1500,1071.89,1827.94,17304.2,0
"failed_closure_stem","2000-01-04 00:57:13.000",-167,189.389,1004.65,4072.5,0
"failed_closure_stem","2000-01-04 00:57:14.000",-166,380.264,2011.42,4114.1,0
"failed_closure_stem","2000-01-04 00:57:15.000",-165,379.78,2012.43,4316.8,0
"failed_closure_stem","2000-01-04 00:57:16.000",-164,379.716,2012.78,4510.2,0
"failed_closure_stem","2000-01-04 00:57:17.000",-163,379.583,2011.62,4389.2,0
"failed_closure_stem","2000-01-04 00:57:18.000",-162,381.067,2010.75,4435.8,0
"failed_closure_stem","2000-01-04 00:57:19.000",-161,380.773,2009.9,4591.6,0
"failed_closure_stem","2000-01-04 00:57:20.000",-160,380.248,2011.79,4568.2,0
"failed_closure_stem","2000-01-04 00:57:21.000",-159,379.033,2009.62,4350.7,0
"failed_closure_stem","2000-01-04 00:57:22.000",-158,379.188,2012.94,4598.1,0
"failed_closure_stem","2000-01-04 00:57:23.000",-157,379.466,2010.8,4619.5,0
"failed_closure_stem","2000-01-04 00:57:24.000",-156,379.934,2011.52,4669.1,0
"failed_closure_stem","2000-01-04 00:57:25.000",-155,379.893,2011.74,4664.4,0
"failed_closure_stem","2000-01-04 00:57:26.000",-154,379.464,2011.31,4894.9,0
"failed_closure_stem","2000-01-04 00:57:27.000",-153,380.315,2013.25,4801.8,0
"failed_closure_stem","2000-01-04 00:57:28.000",-152,380.845,2014.23,4763.8,0
"failed_closure_stem","2000-01-04 00:57:29.000",-151,382.56,2012.65,4806.9,0
"failed_closure_stem","2000-01-04 00:57:30.000",-150,383.57,2016.49,4770.9,0
"failed_closure_stem","2000-01-04 00:57:31.000",-149,384.241,2010.82,4327.8,0
"failed_closure_stem","2000-01-04 00:57:32.000",-148,384.719,2011.75,4523.6,0
"failed_closure_stem","2000-01-04 00:57:33.000",-147,384.526,2013.96,4629.3,0
"failed_closure_stem","2000-01-04 00:57:34.000",-146,383.446,2013.99,4641.2,0
"failed_closure_stem","2000-01-04 00:57:35.000",-145,383.294,2012.85,4687.5,0
"failed_closure_stem","2000-01-04 00:57:36.000",-144,383.383,2015.03,4790.8,0
"failed_closure_stem","2000-01-04 00:57:37.000",-143,382.853,2012.07,4479.5,0
"failed_closure_stem","2000-01-04 00:57:38.000",-142,383.327,2013.9,4675.6,0
"failed_closure_stem","2000-01-04 00:57:39.000",-141,382.594,2011.57,4652.6,0
"failed_closure_stem","2000-01-04 00:57:40.000",-140,382.925,2014.16,4459.7,0
"failed_closure_stem","2000-01-04 00:57:41.000",-139,381.929,2016.19,4470.9,0
"failed_closure_stem","2000-01-04 00:57:42.000",-138,381.637,2014.4,4254.2,0
"failed_closure_stem","2000-01-04 00:57:43.000",-137,382.623,2013.7,4166.2,0
"failed_closure_stem","2000-01-04 00:57:44.000",-136,381.794,2013.44,4174.4,0
"failed_closure_stem","2000-01-04 00:57:45.000",-135,381.769,2013.4,3983.6,0
"failed_closure_stem","2000-01-04 00:57:46.000",-134,381.516,2012.13,4186.8,0
"failed_closure_stem","2000-01-04 00:57:47.000",-133,382.318,2011.74,3936.2,0
"failed_closure_stem","2000-01-04 00:57:48.000",-132,381.428,2013.04,4103.3,0
"failed_closure_stem","2000-01-04 00:57:49.000",-131,381.918,2012.05,4216.3,0
"failed_closure_stem","2000-01-04 00:57:50.000",-130,381.139,2014.53,3869.3,0
"failed_closure_stem","2000-01-04 00:57:51.000",-129,381.204,2011.69,4064.2,0
"failed_closure_stem","2000-01-04 00:57:52.000",-128,381.151,2014.51,3885,0
"failed_closure_stem","2000-01-04 00:57:53.000",-127,380.467,2010.23,3955.4,0
"failed_closure_stem","2000-01-04 00:57:54.000",-126,380.75,2013.36,3834.2,0
"failed_closure_stem","2000-01-04 00:57:55.000",-125,380.982,2010.36,3848.9,0
"failed_closure_stem","2000-01-04 00:57:56.000",-124,380.488,2012.47,3957.6,0
"failed_closure_stem","2000-01-04 00:57:57.000",-123,380.835,2014.17,4054.9,0
"failed_closure_stem","2000-01-04 00:57:58.000",-122,382.032,2015.58,3959.8,0
"failed_closure_stem","2000-01-04 00:57:59.000",-121,383.955,2014.03,3994.6,0
"failed_closure_stem","2000-01-04 00:58:00.000",-120,392.155,2013.73,4282.9,0
"failed_closure_stem","2000-01-04 00:58:01.000",-119,449.662,2012.45,4185.5,0
"failed_closure_stem","2000-01-04 00:58:02.000",-118,496.847,2011.77,4041.1,0
"failed_closure_stem","2000-01-04 00:58:03.000",-117,491.01,2011.37,4351.2,0
"failed_closure_stem","2000-01-04 00:58:04.000",-116,466.772,2012.88,4647.8,0
"failed_closure_stem","2000-01-04 00:58:05.000",-115,445.602,2013.75,4669.2,0
"failed_closure_stem","2000-01-04 00:58:06.000",-114,428.02,2015.27,4540.4,0
"failed_closure_stem","2000-01-04 00:58:07.000",-113,416.297,2014.31,4659.3,0
"failed_closure_stem","2000-01-04 00:58:08.000",-112,409.273,2014.15,4931.1,0
"failed_closure_stem","2000-01-04 00:58:09.000",-111,403.727,2012.9,4613.8,0
"failed_closure_stem","2000-01-04 00:58:10.000",-110,400.498,2013.42,4993.7,0
"failed_closure_stem","2000-01-04 00:58:11.000",-109,396.743,2016.85,4973.6,0
"failed_closure_stem","2000-01-04 00:58:12.000",-108,394.85,2017.41,4947.8,0
"failed_closure_stem","2000-01-04 00:58:13.000",-107,392.945,2017.28,4999.3,0
"failed_closure_stem","2000-01-04 00:58:14.000",-106,391.352,2018.06,4920.8,0
"failed_closure_stem","2000-01-04 00:58:15.000",-105,390.647,2017.41,4827.8,0
"failed_closure_stem","2000-01-04 00:58:16.000",-104,389.109,2016.39,4856,0
"failed_closure_stem","2000-01-04 00:58:17.000",-103,388.285,2017.62,5033,0
"failed_closure_stem","2000-01-04 00:58:18.000",-102,387.467,2019.07,5016.4,0
"failed_closure_stem","2000-01-04 00:58:19.000",-101,387.778,2016.5,5024.9,0
"failed_closure_stem","2000-01-04 00:58:20.000",-100,388.156,2016.29,4810.6,0
"failed_closure_stem","2000-01-04 00:58:21.000",-99,387.609,2015.68,4976.5,0
"failed_closure_stem","2000-01-04 00:58:22.000",-98,388.392,2015.16,4913.6,0
"failed_closure_stem","2000-01-04 00:58:23.000",-97,388.66,2015.64,4723.3,0
"failed_closure_stem","2000-01-04 00:58:24.000",-96,390.209,2018.35,5098.7,0
"failed_closure_stem","2000-01-04 00:58:25.000",-95,391.251,2017.92,4958,0
"failed_closure_stem","2000-01-04 00:58:26.000",-94,390.24,2015.19,4734.9,0
"failed_closure_stem","2000-01-04 00:58:27.000",-93,390.146,2015.51,4604.7,0
"failed_closure_stem","2000-01-04 00:58:28.000",-92,390.217,2014.73,4868.4,0
"failed_closure_stem","2000-01-04 00:58:29.000",-91,390.126,2015.35,4748.3,0
"failed_closure_stem","2000-01-04 00:58:30.000",-90,389.579,2015.27,4898,0
"failed_closure_stem","2000-01-04 00:58:31.000",-89,389.425,2012.92,4873.6,0
"failed_closure_stem","2000-01-04 00:58:32.000",-88,389.527,2012.97,4580.4,0
"failed_closure_stem","2000-01-04 00:58:33.000",-87,390.229,2012.64,4872.1,0
"failed_closure_stem","2000-01-04 00:58:34.000",-86,392.129,2010.63,5008.2,0
"failed_closure_stem","2000-01-04 00:58:35.000",-85,391.697,2013.03,4846.7,0
"failed_closure_stem","2000-01-04 00:58:36.000",-84,391.659,2009.44,4774.4,0
"failed_closure_stem","2000-01-04 00:58:37.000",-83,392.026,2012.9,5211.2,0
"failed_closure_stem","2000-01-04 00:58:38.000",-82,392.948,2012.47,4965.4,0
"failed_closure_stem","2000-01-04 00:58:39.000",-81,391.535,2014.63,4758.6,0
"failed_closure_stem","2000-01-04 00:58:40.000",-80,392.374,2012.13,4691.5,0
"failed_closure_stem","2000-01-04 00:58:41.000",-79,392.418,2011.8,4847.2,0
"failed_closure_stem","2000-01-04 00:58:42.000",-78,391.975,2011.33,4484.6,0
"failed_closure_stem","2000-01-04 00:58:43.000",-77,391.342,2009.98,4236.1,0
"failed_closure_stem","2000-01-04 00:58:44.000",-76,392.671,2007.44,4436.3,0
"failed_closure_stem","2000-01-04 00:58:45.000",-75,391.015,2007.79,4361.4,0
"failed_closure_stem","2000-01-04 00:58:46.000",-74,391.781,2008.22,4375.2,0
"failed_closure_stem","2000-01-04 00:58:47.000",-73,390.18,2009.08,4067.9,0
"failed_closure_stem","2000-01-04 00:58:48.000",-72,390.547,2008.47,4158.4,0
"failed_closure_stem","2000-01-04 00:58:49.000",-71,390.855,2009.51,4152.1,0
"failed_closure_stem","2000-01-04 00:58:50.000",-70,392.032,2010.97,4192.9,0
"failed_closure_stem","2000-01-04 00:58:51.000",-69,392.613,2009.75,4201.8,0
"failed_closure_stem","2000-01-04 00:58:52.000",-68,392.426,2011.17,4039.5,0
"failed_closure_stem","2000-01-04 00:58:53.000",-67,392.094,2008.01,4282.5,0
"failed_closure_stem","2000-01-04 00:58:54.000",-66,393.158,2010.99,4410.7,0
"failed_closure_stem","2000-01-04 00:58:55.000",-65,393.813,2008.95,4337.4,0
"failed_closure_stem","2000-01-04 00:58:56.000",-64,392.861,2009.96,4275.2,0
"failed_closure_stem","2000-01-04 00:58:57.000",-63,392.635,2009.98,4248.6,0
"failed_closure_stem","2000-01-04 00:58:58.000",-62,392.946,2008.32,4232.7,0
"failed_closure_stem","2000-01-04 00:58:59.000",-61,393.674,2008.94,4706.1,0
"failed_closure_stem","2000-01-04 00:59:00.000",-60,392.681,2009.48,4384.9,0
"failed_closure_stem","2000-01-04 00:59:01.000",-59,392.29,2013.13,4568,0
"failed_closure_stem","2000-01-04 00:59:02.000",-58,393.089,2010.61,4637.1,0
"failed_closure_stem","2000-01-04 00:59:03.000",-57,392.911,2007.34,4596.3,0
"failed_closure_stem","2000-01-04 00:59:04.000",-56,394.303,2010.38,4710.6,0
"failed_closure_stem","2000-01-04 00:59:05.000",-55,393.367,2009.33,4837,0
"failed_closure_stem","2000-01-04 00:59:06.000",-54,392.296,2008.9,4705.1,0
"failed_closure_stem","2000-01-04 00:59:07.000",-53,392.734,2009.6,4830.2,0
"failed_closure_stem","2000-01-04 00:59:08.000",-52,392.421,2010.73,4640.3,0
"failed_closure_stem","2000-01-04 00:59:09.000",-51,392.792,2009.66,4738.1,0
"failed_closure_stem","2000-01-04 00:59:10.000",-50,391.778,2014.48,4759.9,0
"failed_closure_stem","2000-01-04 00:59:11.000",-49,391.876,2011.28,4773.3,0
"failed_closure_stem","2000-01-04 00:59:12.000",-48,391.727,2011.68,4818.4,0
"failed_closure_stem","2000-01-04 00:59:13.000",-47,392.152,2010.21,4519.9,0
"failed_closure_stem","2000-01-04 00:59:14.000",-46,392.318,2010.32,4726.3,0
"failed_closure_stem","2000-01-04 00:59:15.000",-45,392.143,2010.65,4838.5,0
"failed_closure_stem","2000-01-04 00:59:16.000",-44,392.796,2012.39,4649.8,0
"failed_closure_stem","2000-01-04 00:59:17.000",-43,392.453,2009.7,4532.4,0
"failed_closure_stem","2000-01-04 00:59:18.000",-42,394.067,2010.69,4939.9,0
"failed_closure_stem","2000-01-04 00:59:19.000",-41,393.524,2012.31,4777.1,0
"failed_closure_stem","2000-01-04 00:59:20.000",-40,393.156,2007.95,4921,0
"failed_closure_stem","2000-01-04 00:59:21.000",-39,393.546,2008.72,4972,0
"failed_closure_stem","2000-01-04 00:59:22.000",-38,393.206,2009.42,4666.5,0
"failed_closure_stem","2000-01-04 00:59:23.000",-37,393.089,2008.93,4691.6,0
"failed_closure_stem","2000-01-04 00:59:24.000",-36,393.792,2014.27,4942.1,0
"failed_closure_stem","2000-01-04 00:59:25.000",-35,392.578,2009.73,4957.6,0
"failed_closure_stem","2000-01-04 00:59:26.000",-34,392.962,2011.76,4998.5,0
"failed_closure_stem","2000-01-04 00:59:27.000",-33,392.597,2010.27,4925,0
"failed_closure_stem","2000-01-04 00:59:28.000",-32,392.77,2010.6,4727.2,0
"failed_closure_stem","2000-01-04 00:59:29.000",-31,392.231,2008.52,4725.6,0
"failed_closure_stem","2000-01-04 00:59:30.000",-30,392.916,2008.39,5054,0
"failed_closure_stem","2000-01-04 00:59:31.000",-29,391.618,2009.43,4844.2,0
"failed_closure_stem","2000-01-04 00:59:32.000",-28,392.394,2009.57,4872.2,0
"failed_closure_stem","2000-01-04 00:59:33.000",-27,393.328,2009.04,4938.9,0
"failed_closure_stem","2000-01-04 00:59:34.000",-26,393.996,2008.89,4762.4,0
"failed_closure_stem","2000-01-04 00:59:35.000",-25,394.472,2011.17,4966.5,0
"failed_closure_stem","2000-01-04 00:59:36.000",-24,396.258,2010.52,4959.1,0
"failed_closure_stem","2000-01-04 00:59:37.000",-23,397.572,2010.38,4871.3,0
"failed_closure_stem","2000-01-04 00:59:38.000",-22,399.102,2010.11,4848.6,0
"failed_closure_stem","2000-01-04 00:59:39.000",-21,400.022,2006.24,4715,0
"failed_closure_stem","2000-01-04 00:59:40.000",-20,401.53,2010.61,5058,0
"failed_closure_stem","2000-01-04 00:59:41.000",-19,401.58,2008.32,4700.4,0
"failed_closure_stem","2000-01-04 00:59:42.000",-18,402.72,2008.4,4891.4,0
"failed_closure_stem","2000-01-04 00:59:43.000",-17,403.009,2009.69,4868.1,0
"failed_closure_stem","2000-01-04 00:59:44.000",-16,403.495,2010.63,4927,0
"failed_closure_stem","2000-01-04 00:59:45.000",-15,403.64,2009.59,4876.2,0
"failed_closure_stem","2000-01-04 00:59:46.000",-14,403.403,2008.93,4877.1,0
"failed_closure_stem","2000-01-04 00:59:47.000",-13,403.446,2009.02,4882.5,0
"failed_closure_stem","2000-01-04 00:59:48.000",-12,404.083,2009.5,4965.1,0
"failed_closure_stem","2000-01-04 00:59:49.000",-11,403.374,2012.44,4621.6,0
"failed_closure_stem","2000-01-04 00:59:50.000",-10,403.842,2010.87,4981.6,0
"failed_closure_stem","2000-01-04 00:59:51.000",-9,403.891,2010.89,4845.7,0
"failed_closure_stem","2000-01-04 00:59:52.000",-8,402.685,2011.09,4680.2,0
"failed_closure_stem","2000-01-04 00:59:53.000",-7,403.505,2011.42,5051.6,0
"failed_closure_stem","2000-01-04 00:59:54.000",-6,403.031,2016.36,5195.9,0
"failed_closure_stem","2000-01-04 00:59:55.000",-5,403.038,2011.33,4707.6,0
"failed_closure_stem","2000-01-04 00:59:56.000",-4,402.557,2009.7,4614.3,0
"failed_closure_stem","2000-01-04 00:59:57.000",-3,401.62,2014.36,4866.4,0
"failed_closure_stem","2000-01-04 00:59:57.000",-3,402.094,2009.76,4922.1,0
"failed_closure_stem","2000-01-04 00:59:58.000",-2,401.174,2012.24,4659.2,0
"failed_closure_stem","2000-01-04 01:00:00.000",0,399.96,2009.37,4586.6,0
"failed_closure_stem","2000-01-04 01:00:00.000",0,399.071,2009.94,4513.9,0
"failed_closure_stem","2000-01-04 01:00:01.000",1,399.703,2010.5,4717.1,0
"failed_closure_stem","2000-01-04 01:00:02.000",2,398.838,2011.58,4591.5,0
"failed_closure_stem","2000-01-04 01:00:03.000",3,397.631,2010.66,4393.1,0
"failed_closure_stem","2000-01-04 01:00:04.000",4,396.083,2011.3,4717.9,0
"failed_closure_stem","2000-01-04 01:00:05.000",5,396.633,2010.79,4624.7,0
"failed_closure_stem","2000-01-04 01:00:06.000",6,396.11,2013.03,4859.5,0
"failed_closure_stem","2000-01-04 01:00:07.000",7,395.239,2013.98,4608.1,0
"failed_closure_stem","2000-01-04 01:00:08.000",8,395.349,2011.94,4749.5,0
"failed_closure_stem","2000-01-04 01:00:09.000",9,394.935,2009.84,4856.9,0
"failed_closure_stem","2000-01-04 01:00:10.000",10,393.979,2009.97,4460.7,0
"failed_closure_stem","2000-01-04 01:00:11.000",11,392.74,2011.81,4841.3,0
"failed_closure_stem","2000-01-04 01:00:12.000",12,391.415,2012.15,4587.2,0
"failed_closure_stem","2000-01-04 01:00:13.000",13,390.774,2012.99,4738.8,0
"failed_closure_stem","2000-01-04 01:00:14.000",14,389.812,2011.98,4698.9,0
"failed_closure_stem","2000-01-04 01:00:15.000",15,390.223,2012.84,4953.5,0
"failed_closure_stem","2000-01-04 01:00:16.000",16,388.791,2011.83,4487.1,0
"failed_closure_stem","2000-01-04 01:00:17.000",17,388.259,2012.6,4641.2,0
"failed_closure_stem","2000-01-04 01:00:18.000",18,388.748,2012.2,4782,0
"failed_closure_stem","2000-01-04 01:00:19.000",19,388.01,2015.27,4792.6,0
"failed_closure_stem","2000-01-04 01:00:20.000",20,387.772,2012.71,4987.3,0
"failed_closure_stem","2000-01-04 01:00:21.000",21,387.62,2011.27,5005.7,0
"failed_closure_stem","2000-01-04 01:00:22.000",22,388.095,2012.43,4997.2,0
"failed_closure_stem","2000-01-04 01:00:23.000",23,387.579,2011.42,4713.8,0
"failed_closure_stem","2000-01-04 01:00:24.000",24,388.702,2011.19,4984.8,0
"failed_closure_stem","2000-01-04 01:00:25.000",25,387.5,2010.59,4930.9,0
"failed_closure_stem","2000-01-04 01:00:26.000",26,387.027,2011.11,4756.3,0
"failed_closure_stem","2000-01-04 01:00:27.000",27,387.295,2011.62,4915.8,0
"failed_closure_stem","2000-01-04 01:00:28.000",28,387.288,2013.22,4849.8,0
"failed_closure_stem","2000-01-04 01:00:29.000",29,386.846,2011.04,4843.8,0
"failed_closure_stem","2000-01-04 01:00:30.000",30,385.901,2011.3,4739.4,0
"failed_closure_stem","2000-01-04 01:00:31.000",31,386.994,2013.08,4822.4,0
"failed_closure_stem","2000-01-04 01:00:32.000",32,386.732,2012.04,4974.4,0
"failed_closure_stem","2000-01-04 01:00:33.000",33,386.643,2013.01,4984.4,0
"failed_closure_stem","2000-01-04 01:00:34.000",34,387.399,2008.64,4553.8,0
"failed_closure_stem","2000-01-04 01:00:35.000",35,386.556,2009.86,4863.5,0
"failed_closure_stem","2000-01-04 01:00:36.000",36,386.606,2014.62,4997.6,0
"failed_closure_stem","2000-01-04 01:00:37.000",37,385.908,2010.57,4808.7,0
"failed_closure_stem","2000-01-04 01:00:38.000",38,387.893,2011.78,5014.8,0
"failed_closure_stem","2000-01-04 01:00:39.000",39,387.163,2013.11,4851.6,0
"failed_closure_stem","2000-01-04 01:00:40.000",40,387.385,2010.82,4844.1,0
"failed_closure_stem","2000-01-04 01:00:41.000",41,387.577,2010.43,4855.2,0
"failed_closure_stem","2000-01-04 01:00:42.000",42,387.39,2013.52,5206.7,0
"failed_closure_stem","2000-01-04 01:00:43.000",43,387.763,2011.77,4922.1,0
"failed_closure_stem","2000-01-04 01:00:44.000",44,387.226,2011.98,4627.6,0
"failed_closure_stem","2000-01-04 01:00:45.000",45,386.506,2011.67,4762.4,0
"failed_closure_stem","2000-01-04 01:00:46.000",46,387.719,2012.6,4915.9,0
"failed_closure_stem","2000-01-04 01:00:47.000",47,387.873,2010.24,4526.5,0
"failed_closure_stem","2000-01-04 01:00:48.000",48,387.02,2010.3,4725.3,0
"failed_closure_stem","2000-01-04 01:00:49.000",49,387.688,2011.14,5002.4,0
"failed_closure_stem","2000-01-04 01:00:50.000",50,388.668,2011.14,4803.7,0
"failed_closure_stem","2000-01-04 01:00:51.000",51,388.709,2010.69,4410.6,0
"failed_closure_stem","2000-01-04 01:00:52.000",52,389.651,2011.28,4900.5,0
"failed_closure_stem","2000-01-04 01:00:53.000",53,389.365,2012.75,4812.8,0
"failed_closure_stem","2000-01-04 01:00:54.000",54,389.375,2010.06,4786.9,0
"failed_closure_stem","2000-01-04 01:00:55.000",55,388.358,2012.56,4923.7,0
"failed_closure_stem","2000-01-04 01:00:56.000",56,388.433,2011.47,4759.5,0
"failed_closure_stem","2000-01-04 01:00:57.000",57,388.109,2013,4636.8,0
"failed_closure_stem","2000-01-04 01:00:58.000",58,387.623,2010.57,4622.1,0
"failed_closure_stem","2000-01-04 01:00:59.000",59,388.309,2011.15,4716.5,0
"failed_closure_stem","2000-01-04 01:01:00.000",60,387.72,2011.61,4760.2,0
"failed_closure_stem","2000-01-04 01:01:01.000",61,387.861,2014.48,4634.9,0
"failed_closure_stem","2000-01-04 01:01:02.000",62,387.492,2013.67,4819.6,0
"failed_closure_stem","2000-01-04 01:01:03.000",63,387.215,2012.66,4670.7,0
"failed_closure_stem","2000-01-04 01:01:04.000",64,386.781,2013.09,4401.9,1
"failed_closure_stem","2000-01-04 01:01:05.000",65,388.401,2011.57,4760.8,1
"failed_closure_stem","2000-01-04 01:01:06.000",66,387.67,2011.55,4490.9,1
"failed_closure_stem","2000-01-04 01:01:07.000",67,388.908,2012.93,4470.1,1
"failed_closure_stem","2000-01-04 01:01:08.000",68,388.737,2012.62,4551.4,1
"failed_closure_stem","2000-01-04 01:01:09.000",69,389.91,2014.17,4691.6,1
"failed_closure_stem","2000-01-04 01:01:10.000",70,389.004,2011.46,4775.7,1
"failed_closure_stem","2000-01-04 01:01:11.000",71,390.252,2013.26,4777.5,1
"failed_closure_stem","2000-01-04 01:01:12.000",72,390.275,2011.78,4883,1
"failed_closure_stem","2000-01-04 01:01:13.000",73,390.111,2014.55,4902.1,1
"failed_closure_stem","2000-01-04 01:01:14.000",74,390.447,2012.5,4459.5,1
"failed_closure_stem","2000-01-04 01:01:15.000",75,392.034,2009.73,4863.9,1
"failed_closure_stem","2000-01-04 01:01:16.000",76,390.952,2011.55,4687.4,1
"failed_closure_stem","2000-01-04 01:01:17.000",77,393.164,2010.09,4414.8,1
"failed_closure_stem","2000-01-04 01:01:18.000",78,392.363,2011.25,4735.6,1
"failed_closure_stem","2000-01-04 01:01:19.000",79,393.634,2012.53,4558.2,1
"failed_closure_stem","2000-01-04 01:01:20.000",80,393.794,2010.46,4457.4,1
"failed_closure_stem","2000-01-04 01:01:21.000",81,394.065,2011.9,4624.3,1
"failed_closure_stem","2000-01-04 01:01:22.000",82,395.867,2009.58,4600.2,1
"failed_closure_stem","2000-01-04 01:01:23.000",83,396.79,2010.23,4691,1
"failed_closure_stem","2000-01-04 01:01:24.000",84,397.101,2011.59,4714.3,1
"failed_closure_stem","2000-01-04 01:01:25.000",85,396.885,2012.03,4606.5,1
"failed_closure_stem","2000-01-04 01:01:26.000",86,397.765,2009.83,4805,1
"failed_closure_stem","2000-01-04 01:01:27.000",87,398.453,2010.69,4657.4,1
"failed_closure_stem","2000-01-04 01:01:28.000",88,398.26,2011.39,4660.1,1
"failed_closure_stem","2000-01-04 01:01:29.000",89,398.78,2011.11,4465.7,1
"failed_closure_stem","2000-01-04 01:01:30.000",90,398.77,2009.22,4559.8,1
"failed_closure_stem","2000-01-04 01:01:31.000",91,399.198,2009.51,4681.3,1
"failed_closure_stem","2000-01-04 01:01:32.000",92,399.882,2007.81,5017.3,1
"failed_closure_stem","2000-01-04 01:01:33.000",93,399.601,2012.24,4808.9,1
"failed_closure_stem","2000-01-04 01:01:34.000",94,399.287,2012.14,4694.1,1
"failed_closure_stem","2000-01-04 01:01:35.000",95,400.238,2012.87,4744.2,1
"failed_closure_stem","2000-01-04 01:01:36.000",96,400.391,2010.04,4587.7,1
"failed_closure_stem","2000-01-04 01:01:37.000",97,400.615,2009.72,5093.3,1
"failed_closure_stem","2000-01-04 01:01:38.000",98,400.067,2012.69,4851.2,1
"failed_closure_stem","2000-01-04 01:01:39.000",99,400.459,2010.99,4822.9,1
"failed_closure_stem","2000-01-04 01:01:40.000",100,399.982,2011,4707,1
"failed_closure_stem","2000-01-04 01:01:41.000",101,399.909,2010.04,4723,1
"failed_closure_stem","2000-01-04 01:01:42.000",102,399.817,2010.94,4825,1
"failed_closure_stem","2000-01-04 01:01:43.000",103,399.462,2009.76,4607.3,1
"failed_closure_stem","2000-01-04 01:01:44.000",104,399.174,2014.44,4784.4,1
"failed_closure_stem","2000-01-04 01:01:45.000",105,399.421,2011.15,4936.3,1
"failed_closure_stem","2000-01-04 01:01:46.000",106,397.922,2010.26,4722.2,1
"failed_closure_stem","2000-01-04 01:01:47.000",107,398.068,2012.11,4768.6,1
"failed_closure_stem","2000-01-04 01:01:48.000",108,397.088,2012.95,4766.2,1
"failed_closure_stem","2000-01-04 01:01:49.000",109,395.607,2012.89,4570.4,1
"failed_closure_stem","2000-01-04 01:01:50.000",110,394.297,2015.05,4679.4,1
"failed_closure_stem","2000-01-04 01:01:51.000",111,393.518,2012.77,4690,1
"failed_closure_stem","2000-01-04 01:01:52.000",112,392.732,2014.59,4769.9,1
"failed_closure_stem","2000-01-04 01:01:53.000",113,392.054,2012.79,4419.1,1
"failed_closure_stem","2000-01-04 01:01:54.000",114,391.584,2015.21,4595.6,1
"failed_closure_stem","2000-01-04 01:01:55.000",115,391.794,2014.35,4838.4,1
"failed_closure_stem","2000-01-04 01:01:56.000",116,389.781,2011.48,4488.4,1
"failed_closure_stem","2000-01-04 01:01:57.000",117,390.463,2014.4,4195.7,1
"failed_closure_stem","2000-01-04 01:01:58.000",118,390.848,2014.69,4725.5,1
"failed_closure_stem","2000-01-04 01:01:59.000",119,390.566,2010.08,4445.7,1
"failed_closure_stem","2000-01-04 01:02:00.000",120,390.284,2014.53,4585.6,1
"failed_closure_stem","2000-01-04 01:02:01.000",121,390.177,2012.12,4403.6,1
"failed_closure_stem","2000-01-04 01:02:02.000",122,390.392,2014.48,4511.8,1
"failed_closure_stem","2000-01-04 01:02:03.000",123,389.961,2013.36,4287.9,1
"failed_closure_stem","2000-01-04 01:02:04.000",124,390.214,2012.22,4446.5,1
"failed_closure_stem","2000-01-04 01:02:05.000",125,390.676,2013.72,4561.7,1
"failed_closure_stem","2000-01-04 01:02:06.000",126,389.776,2011.84,4550.2,1
"failed_closure_stem","2000-01-04 01:02:07.000",127,389.621,2011.52,4328.9,1
"failed_closure_stem","2000-01-04 01:02:08.000",128,390.739,2012.28,4148.8,1
"failed_closure_stem","2000-01-04 01:02:09.000",129,390.549,2010.7,4365.3,1
"failed_closure_stem","2000-01-04 01:02:10.000",130,390.889,2014.54,4549.2,1
"failed_closure_stem","2000-01-04 01:02:11.000",131,391.365,2010.5,4454.8,1
"failed_closure_stem","2000-01-04 01:02:12.000",132,391.707,2011.87,4714.7,1
"failed_closure_stem","2000-01-04 01:02:13.000",133,391.748,2013.09,4510.7,1
"failed_closure_stem","2000-01-04 01:02:14.000",134,392.301,2009.89,4413,1
"failed_closure_stem","2000-01-04 01:02:15.000",135,393.177,2010.86,4645.7,1
"failed_closure_stem","2000-01-04 01:02:16.000",136,393.08,2013.88,4542.6,1
"failed_closure_stem","2000-01-04 01:02:17.000",137,392.706,2009.17,4556.4,1
"failed_closure_stem","2000-01-04 01:02:18.000",138,393.053,2013.83,4777.7,1
"failed_closure_stem","2000-01-04 01:02:19.000",139,394.577,2011.88,4517.4,1
"failed_closure_stem","2000-01-04 01:02:20.000",140,396.268,2012.81,4678.6,1
"failed_closure_stem","2000-01-04 01:02:21.000",141,398.929,2015.15,4793,1
"failed_closure_stem","2000-01-04 01:02:22.000",142,399.673,2014.87,4595.3,1
"failed_closure_stem","2000-01-04 01:02:23.000",143,401.548,2011.33,4554.1,1
"failed_closure_stem","2000-01-04 01:02:24.000",144,403.425,2015.47,4556.4,1
"failed_closure_stem","2000-01-04 01:02:25.000",145,403.076,2015.34,4591.8,1
"failed_closure_stem","2000-01-04 01:02:26.000",146,404.922,2014.95,4614.8,1
"failed_closure_stem","2000-01-04 01:02:27.000",147,405.036,2016.03,4832.7,1
"failed_closure_stem","2000-01-04 01:02:28.000",148,406.735,2014.47,4383.4,1
"failed_closure_stem","2000-01-04 01:02:29.000",149,407.562,2015.24,4581.2,1
"failed_closure_stem","2000-01-04 01:02:30.000",150,407.64,2014.06,4500.3,1
"failed_closure_stem","2000-01-04 01:02:31.000",151,407.411,2016.56,4673,1
"failed_closure_stem","2000-01-04 01:02:32.000",152,407.714,2009.96,4304.9,1
"failed_closure_stem","2000-01-04 01:02:33.000",153,408.184,2011.62,4056.9,1
"failed_closure_stem","2000-01-04 01:02:34.000",154,408.045,2014.25,4382.5,1
"failed_closure_stem","2000-01-04 01:02:35.000",155,408.663,2012.27,4190.1,1
"failed_closure_stem","2000-01-04 01:02:36.000",156,408.892,2013.4,4320.2,1
"failed_closure_stem","2000-01-04 01:02:37.000",157,409.021,2014.78,4491.9,1
"failed_closure_stem","2000-01-04 01:02:38.000",158,408.814,2013.15,4303.6,1
"failed_closure_stem","2000-01-04 01:02:39.000",159,407.961,2012.16,4254.6,1
"failed_closure_stem","2000-01-04 01:02:40.000",160,408.201,2012.77,4192.7,1
"failed_closure_stem","2000-01-04 01:02:41.000",161,407.092,2013.65,4276.4,1
"failed_closure_stem","2000-01-04 01:02:42.000",162,406.061,2012.73,4015.7,1
"failed_closure_stem","2000-01-04 01:02:43.000",163,406.166,2013.19,4667.3,1
"failed_closure_stem","2000-01-04 01:02:44.000",164,404.849,2011.48,4289.9,1
"failed_closure_stem","2000-01-04 01:02:45.000",165,404.494,2011.57,4475.3,1
"failed_closure_stem","2000-01-04 01:02:46.000",166,403.616,2012.37,4327,1
"failed_closure_stem","2000-01-04 01:02:47.000",167,403.588,2013.06,4498.1,1
"failed_closure_stem","2000-01-04 01:02:48.000",168,402.956,2014.15,4672.3,1
"failed_closure_stem","2000-01-04 01:02:49.000",169,401.288,2014.63,4560.5,1
"failed_closure_stem","2000-01-04 01:02:50.000",170,400.248,2015.08,4326,1
"failed_closure_stem","2000-01-04 01:02:51.000",171,400.004,2014.57,4569,1
"failed_closure_stem","2000-01-04 01:02:52.000",172,399.345,2015.31,4317.3,1
"failed_closure_stem","2000-01-04 01:02:53.000",173,398.127,2016.4,4501,1
"failed_closure_stem","2000-01-04 01:02:54.000",174,397.93,2015.49,4319,1
"failed_closure_stem","2000-01-04 01:02:55.000",175,397.536,2014.91,4482.9,1
"failed_closure_stem","2000-01-04 01:02:56.000",176,395.908,2013.03,3973.5,1
"failed_closure_stem","2000-01-04 01:02:57.000",177,396.298,2013.45,4244,1
"failed_closure_stem","2000-01-04 01:02:58.000",178,396.402,2012.53,4404.3,1
"failed_closure_stem","2000-01-04 01:02:59.000",179,396.133,2013.7,4255.8,1
"failed_closure_stem","2000-01-04 01:03:00.000",180,394.66,2014.24,4315.9,1
"failed_closure_stem","2000-01-04 01:03:01.000",181,393.68,2012.94,3913,1
"failed_closure_stem","2000-01-04 01:03:02.000",182,393.347,2013.65,4020.2,1
"failed_closure_stem","2000-01-04 01:03:03.000",183,392.179,2011.84,4217.8,1
"failed_closure_stem","2000-01-04 01:03:04.000",184,391.288,2015.99,4024,1
"failed_closure_stem","2000-01-04 01:03:05.000",185,390.745,2013.22,3871.9,1
"failed_closure_stem","2000-01-04 01:03:06.000",186,390.193,2007.71,3824.6,1
"failed_closure_stem","2000-01-04 01:03:07.000",187,390.685,2009.18,3916.9,1
"failed_closure_stem","2000-01-04 01:03:07.000",187,389.4,2008.92,3966.4,1
"failed_closure_stem","2000-01-04 01:03:08.000",188,389.298,2007.86,3942.9,1
"failed_closure_stem","2000-01-04 01:03:09.000",189,387.813,2011.13,3786.2,1
"failed_closure_stem","2000-01-04 01:03:10.000",190,388.123,2007.66,4230.2,1
"failed_closure_stem","2000-01-04 01:03:11.000",191,387.995,2011.29,3848.1,1
"failed_closure_stem","2000-01-04 01:03:12.000",192,387.011,2010.07,4112.6,1
"failed_closure_stem","2000-01-04 01:03:13.000",193,387.694,2010.86,4042.2,1
"failed_closure_stem","2000-01-04 01:03:14.000",194,386.619,2011.1,4040.2,1
"failed_closure_stem","2000-01-04 01:03:15.000",195,387.084,2007.74,4017.3,1
"failed_closure_stem","2000-01-04 01:03:16.000",196,387.219,2006.92,3904.2,1
"failed_closure_stem","2000-01-04 01:03:17.000",197,387.562,2009.62,4394.5,1
"failed_closure_stem","2000-01-04 01:03:18.000",198,388.536,2012.28,4315.6,1
"failed_closure_stem","2000-01-04 01:03:19.000",199,389.02,2010.92,4267.9,1
"failed_closure_stem","2000-01-04 01:03:20.000",200,389.278,2007.35,4390.1,1
"failed_closure_stem","2000-01-04 01:03:21.000",201,389.527,2010.75,4301.9,1
"failed_closure_stem","2000-01-04 01:03:22.000",202,389.609,2011.21,4125.1,1
"failed_closure_stem","2000-01-04 01:03:23.000",203,390.788,2010.64,4355.2,1
"failed_closure_stem","2000-01-04 01:03:24.000",204,391.441,2007.85,3970.3,1
"failed_closure_stem","2000-01-04 01:03:25.000",205,391.783,2011.3,4150.7,1
"failed_closure_stem","2000-01-04 01:03:26.000",206,393.058,2013.16,3889.2,1
"failed_closure_stem","2000-01-04 01:03:27.000",207,393.481,2006.96,4222.6,1
"failed_closure_stem","2000-01-04 01:03:28.000",208,393.092,2011.09,4172.8,1
"failed_closure_stem","2000-01-04 01:03:29.000",209,392.93,2008.26,4144.7,1
"failed_closure_stem","2000-01-04 01:03:30.000",210,393.426,2010.32,3721.7,1
"failed_closure_stem","2000-01-04 01:03:31.000",211,391.699,2011.73,3924.8,1
"failed_closure_stem","2000-01-04 01:03:32.000",212,391.441,2011.32,4246.2,1
"failed_closure_stem","2000-01-04 01:03:33.000",213,389.801,2012.58,4124.2,1
"failed_closure_stem","2000-01-04 01:03:34.000",214,389.536,2012.68,4199.3,1
"failed_closure_stem","2000-01-04 01:03:35.000",215,388.667,2010.6,3990.3,1
"failed_closure_stem","2000-01-04 01:03:36.000",216,387.692,2012.11,3975.3,1
"failed_closure_stem","2000-01-04 01:03:37.000",217,386.784,2010.28,3809.1,1
"failed_closure_stem","2000-01-04 01:03:38.000",218,388.096,2014.41,4440,1
"failed_closure_stem","2000-01-04 01:03:39.000",219,387.21,2010.41,4004,1
"failed_closure_stem","2000-01-04 01:03:40.000",220,387.54,2015.57,4485,1
"failed_closure_stem","2000-01-04 01:03:41.000",221,388.29,2013.25,4115.4,1
"failed_closure_stem","2000-01-04 01:03:42.000",222,388.208,2014.59,4124.4,1
"failed_closure_stem","2000-01-04 01:03:43.000",223,390.455,2013.16,4690.2,1
"failed_closure_stem","2000-01-04 01:03:44.000",224,390.941,2015.27,4182.5,1
"failed_closure_stem","2000-01-04 01:03:45.000",225,390.915,2013.87,4106.5,1
"failed_closure_stem","2000-01-04 01:03:46.000",226,392.406,2016.2,4417.6,1
"failed_closure_stem","2000-01-04 01:03:47.000",227,392.562,2014.4,4081.7,1
"failed_closure_stem","2000-01-04 01:03:48.000",228,394.306,2015.54,4076.8,1
"failed_closure_stem","2000-01-04 01:03:49.000",229,394.995,2014.21,4102.8,1
"failed_closure_stem","2000-01-04 01:03:50.000",230,394.345,2015.36,3898.2,1
"failed_closure_stem","2000-01-04 01:03:51.000",231,394.004,2014.16,4167.6,1
"failed_closure_stem","2000-01-04 01:03:52.000",232,393.829,2013.55,3797.9,1
"failed_closure_stem","2000-01-04 01:03:53.000",233,394.78,2014.81,3904.7,1
"failed_closure_stem","2000-01-04 01:03:54.000",234,394.505,2010.87,3621.2,1
"failed_closure_stem","2000-01-04 01:03:55.000",235,393.787,2012.3,3705.3,1
"failed_closure_stem","2000-01-04 01:03:56.000",236,395.357,2012.3,3899.3,1
"failed_closure_stem","2000-01-04 01:03:57.000",237,394.6,2013.8,3928.6,1
"failed_closure_stem","2000-01-04 01:03:58.000",238,395.34,2011.61,4001.3,1
"failed_closure_stem","2000-01-04 01:03:59.000",239,395.229,2012.42,3611.9,1
"failed_closure_stem","2000-01-04 01:04:00.000",240,395.264,2012.28,3899,1
"failed_closure_stem","2000-01-04 01:04:01.000",241,397.07,2013.03,4253.9,1
"failed_closure_stem","2000-01-04 01:04:02.000",242,396.181,2010.1,3968.9,1
"failed_closure_stem","2000-01-04 01:04:03.000",243,397.236,2011.44,3839.2,1
"failed_closure_stem","2000-01-04 01:04:04.000",244,397.421,2017.44,4348.1,1
"failed_closure_stem","2000-01-04 01:04:05.000",245,398.259,2012.03,4083.5,1
"failed_closure_stem","2000-01-04 01:04:06.000",246,396.766,2014.63,4278.2,1
"failed_closure_stem","2000-01-04 01:04:07.000",247,393.979,2013.98,4370.7,1
"failed_closure_stem","2000-01-04 01:04:08.000",248,390.647,2011.89,3998.4,1
"failed_closure_stem","2000-01-04 01:04:09.000",249,389.616,2013.52,4185.1,1
"failed_closure_stem","2000-01-04 01:04:10.000",250,388.657,2013.12,4331.3,1
"failed_closure_stem","2000-01-04 01:04:11.000",251,387.348,2013.84,4142.6,1
"failed_closure_stem","2000-01-04 01:04:12.000",252,385.836,2015.35,3869.7,1
"failed_closure_stem","2000-01-04 01:04:13.000",253,384.204,2009.33,4003,1
"failed_closure_stem","2000-01-04 01:04:14.000",254,384.912,2011.1,3734.8,1
"failed_closure_stem","2000-01-04 01:04:15.000",255,383.762,2010.84,3622.3,1
"failed_closure_stem","2000-01-04 01:04:16.000",256,383.423,2010.23,3627.2,1
"failed_closure_stem","2000-01-04 01:04:17.000",257,383.411,2012.5,3452.9,1
"failed_closure_stem","2000-01-04 01:04:18.000",258,382.311,2008.63,3229.9,1
"failed_closure_stem","2000-01-04 01:04:19.000",259,382.162,2010.23,3675.6,1
"failed_closure_stem","2000-01-04 01:04:20.000",260,381.852,2008.68,3524.7,1
"failed_closure_stem","2000-01-04 01:04:21.000",261,381.579,2010.75,3677.1,1
"failed_closure_stem","2000-01-04 01:04:22.000",262,382.103,2008.74,3714.9,1
"failed_closure_stem","2000-01-04 01:04:23.000",263,381.039,2010.8,3653.2,1
"failed_closure_stem","2000-01-04 01:04:24.000",264,381.662,2011.34,3485.1,1
"failed_closure_stem","2000-01-04 01:04:25.000",265,381.775,2011.37,3730.3,1
"failed_closure_stem","2000-01-04 01:04:26.000",266,381.718,2009.77,3812.6,1
"failed_closure_stem","2000-01-04 01:04:27.000",267,382.182,2011.69,3711.2,1
"failed_closure_stem","2000-01-04 01:04:28.000",268,382.832,2012.7,3702.6,1
"failed_closure_stem","2000-01-04 01:04:29.000",269,381.904,2013.79,3649.1,1
"failed_closure_stem","2000-01-04 01:04:30.000",270,383.119,2011.95,3886.8,1
"failed_closure_stem","2000-01-04 01:04:31.000",271,381.874,2011.24,3887.3,1
"failed_closure_stem","2000-01-04 01:04:32.000",272,382.536,2009.29,3732.9,1
"failed_closure_stem","2000-01-04 01:04:33.000",273,382.873,2010.29,3637.9,1
"failed_closure_stem","2000-01-04 01:04:34.000",274,382.271,2009.94,3790.9,1
"failed_closure_stem","2000-01-04 01:04:35.000",275,381.027,2008.86,3382.6,1
"failed_closure_stem","2000-01-04 01:04:36.000",276,381.393,2008.08,3618.6,1
"failed_closure_stem","2000-01-04 01:04:37.000",277,382.652,2009.6,3859.4,1
"failed_closure_stem","2000-01-04 01:04:38.000",278,380.996,2009.01,3814.6,1
"failed_closure_stem","2000-01-04 01:04:39.000",279,381.757,2010.56,3727,1
"failed_closure_stem","2000-01-04 01:04:40.000",280,382.271,2009.4,3886.7,1
"failed_closure_stem","2000-01-04 01:04:41.000",281,382.644,2014.88,4151,1
"failed_closure_stem","2000-01-04 01:04:42.000",282,381.665,2011.61,3707.2,1
"failed_closure_stem","2000-01-04 01:04:43.000",283,383.413,2013.74,4158.8,1
"failed_closure_stem","2000-01-04 01:04:44.000",284,383.609,2011.49,3845.6,1
"failed_closure_stem","2000-01-04 01:04:45.000",285,383.383,2012.23,4121,1
"failed_closure_stem","2000-01-04 01:04:46.000",286,384.974,2013.54,4088.1,1
"failed_closure_stem","2000-01-04 01:04:47.000",287,386.049,2012.08,4169.3,1
"failed_closure_stem","2000-01-04 01:04:48.000",288,385.83,2012.43,4169.2,1
"failed_closure_stem","2000-01-04 01:04:49.000",289,386.195,2012.89,3986.7,1
"failed_closure_stem","2000-01-04 01:04:50.000",290,386.857,2011.04,3870.7,1
"failed_closure_stem","2000-01-04 01:04:51.000",291,386.527,2012.15,3659.6,1
"failed_closure_stem","2000-01-04 01:04:52.000",292,386.779,2012.25,4275.5,1
"failed_closure_stem","2000-01-04 01:04:53.000",293,387.393,2010.92,3912,1
"failed_closure_stem","2000-01-04 01:04:54.000",294,387.881,2010.6,4041.7,1
"failed_closure_stem","2000-01-04 01:04:55.000",295,387.791,2010.79,3988.3,1
"failed_closure_stem","2000-01-04 01:04:56.000",296,388.094,2011.63,3817.9,1
"failed_closure_stem","2000-01-04 01:04:57.000",297,388.248,2009.64,3812.2,1
"failed_closure_stem","2000-01-04 01:04:58.000",298,388.712,2011.79,3736.2,1
"failed_closure_stem","2000-01-04 01:04:59.000",299,388.477,2011.33,3686,1
"failed_closure_stem","2000-01-04 01:05:00.000",300,389.047,2012.48,3831.8,1
"failed_closure_stem","2000-01-04 01:05:01.000",301,389.466,2013.67,4301.3,1
"failed_closure_stem","2000-01-04 01:05:02.000",302,389.708,2010.8,4047.2,1
"failed_closure_stem","2000-01-04 01:05:03.000",303,390.252,2013.61,4058.8,1
"failed_closure_stem","2000-01-04 01:05:04.000",304,389.318,2010.84,4136.5,1
"failed_closure_stem","2000-01-04 01:05:05.000",305,390.08,2010.25,4133.7,1
"failed_closure_stem","2000-01-04 01:05:06.000",306,388.931,2014.73,4395,1
"failed_closure_stem","2000-01-04 01:05:07.000",307,388.486,2011.2,4514.3,1
"failed_closure_stem","2000-01-04 01:05:08.000",308,386.45,2010.94,4565.4,1
"failed_closure_stem","2000-01-04 01:05:09.000",309,386.635,2011.13,4369.7,1
"failed_closure_stem","2000-01-04 01:05:10.000",310,385.11,2009.39,4260.7,1
"failed_closure_stem","2000-01-04 01:05:11.000",311,384.587,2009.99,4240.8,1
"failed_closure_stem","2000-01-04 01:05:12.000",312,383.311,2009.19,4257.7,1
"failed_closure_stem","2000-01-04 01:05:13.000",313,384.123,2009.74,4062,1
"failed_closure_stem","2000-01-04 01:05:14.000",314,382.693,2009.2,4043.1,1
"failed_closure_stem","2000-01-04 01:05:15.000",315,383.024,2009.92,4114.6,1
"failed_closure_stem","2000-01-04 01:05:16.000",316,383.264,2009.1,3755.1,1
"failed_closure_stem","2000-01-04 01:05:17.000",317,383.279,2008.81,4057.1,1
"failed_closure_stem","2000-01-04 01:05:18.000",318,383.49,2010.58,3897.8,1
"failed_closure_stem","2000-01-04 01:05:19.000",319,383.494,2011.52,4222.3,1
"failed_closure_stem","2000-01-04 01:05:20.000",320,383.195,2009.34,4085.8,1
"failed_closure_stem","2000-01-04 01:05:21.000",321,382.689,2010.96,3980.5,1
"failed_closure_stem","2000-01-04 01:05:22.000",322,381.619,2013.64,4045.1,1
"failed_closure_stem","2000-01-04 01:05:23.000",323,382.623,2012.93,4468,1
"failed_closure_stem","2000-01-04 01:05:24.000",324,382.624,2010.49,4430.8,1
"failed_closure_stem","2000-01-04 01:05:25.000",325,382.893,2011.6,4890.7,1
"failed_closure_stem","2000-01-04 01:05:26.000",326,382.928,2012.02,3949.3,1
"failed_closure_stem","2000-01-04 01:05:27.000",327,381.942,2012.03,4212,1
"failed_closure_stem","2000-01-04 01:05:28.000",328,382.184,2012.75,4355.6,1
"failed_closure_stem","2000-01-04 01:05:29.000",329,382.394,2011.78,4277.3,1
"failed_closure_stem","2000-01-04 01:05:30.000",330,381.671,2012.06,4346.1,1
"failed_closure_stem","2000-01-04 01:05:31.000",331,381.96,2013.36,4146.2,1
"failed_closure_stem","2000-01-04 01:05:32.000",332,381.822,2010.74,4235.9,1
"failed_closure_stem","2000-01-04 01:05:33.000",333,382.58,2012.22,4245.6,1
"failed_closure_stem","2000-01-04 01:05:34.000",334,382.139,2009.14,4384.5,1
"failed_closure_stem","2000-01-04 01:05:35.000",335,382.501,2009.09,4235.8,1
"failed_closure_stem","2000-01-04 01:05:36.000",336,382.549,2013.02,4227.1,1
"failed_closure_stem","2000-01-04 01:05:37.000",337,383.733,2009.71,4257.8,1
"failed_closure_stem","2000-01-04 01:05:38.000",338,382.725,2012.72,4357,1
"failed_closure_stem","2000-01-04 01:05:39.000",339,383.803,2013.97,4245.8,1
"failed_closure_stem","2000-01-04 01:05:40.000",340,385.056,2012.7,4226.2,1
"failed_closure_stem","2000-01-04 01:05:41.000",341,384.086,2014.42,4520.8,1
"failed_closure_stem","2000-01-04 01:05:42.000",342,386.156,2015,4444.8,1
"failed_closure_stem","2000-01-04 01:05:43.000",343,386.066,2012.32,4264.1,1
"failed_closure_stem","2000-01-04 01:05:44.000",344,385.926,2015.11,4582.7,1
"failed_closure_stem","2000-01-04 01:05:45.000",345,386.376,2014.05,4547.9,1
"failed_closure_stem","2000-01-04 01:05:46.000",346,386.541,2013.76,4556.1,1
"failed_closure_stem","2000-01-04 01:05:47.000",347,386.699,2012.98,4464.8,1
"failed_closure_stem","2000-01-04 01:05:48.000",348,386.246,2013.44,4524.8,1
"failed_closure_stem","2000-01-04 01:05:49.000",349,385.726,2013.62,4486.5,1
"failed_closure_stem","2000-01-04 01:05:50.000",350,386.314,2012.6,4399.6,1
"failed_closure_stem","2000-01-04 01:05:51.000",351,386.228,2010.95,4556.6,1
"failed_closure_stem","2000-01-04 01:05:52.000",352,385.64,2011.02,4219.5,1
"failed_closure_stem","2000-01-04 01:05:53.000",353,385.975,2011.03,4162.6,1
"failed_closure_stem","2000-01-04 01:05:54.000",354,386.038,2011.27,4311.3,1
"failed_closure_stem","2000-01-04 01:05:55.000",355,385.722,2014.72,4137,1
"failed_closure_stem","2000-01-04 01:05:56.000",356,387.427,2014.3,4295.8,1
"failed_closure_stem","2000-01-04 01:05:57.000",357,386.919,2013.6,4164.2,1
"failed_closure_stem","2000-01-04 01:05:58.000",358,386.904,2014.23,4382.9,1
"failed_closure_stem","2000-01-04 01:05:59.000",359,386.219,2012.48,4105.4,1
"failed_closure_stem","2000-01-04 01:06:00.000",360,385.917,2012.4,3992.4,1
"failed_closure_stem","2000-01-04 01:06:01.000",361,385.46,2008.73,4224,1
"failed_closure_stem","2000-01-04 01:06:02.000",362,385.835,2010.95,4336.7,1
"failed_closure_stem","2000-01-04 01:06:03.000",363,386.028,2013.8,4232.6,1
"failed_closure_stem","2000-01-04 01:06:04.000",364,387.33,2010.88,4066.3,1
"failed_closure_stem","2000-01-04 01:06:05.000",365,387.085,2009.94,4055.1,1
"failed_closure_stem","2000-01-04 01:06:06.000",366,387.768,2012.98,3950.2,1
"failed_closure_stem","2000-01-04 01:06:07.000",367,388.029,2010.72,4044.9,1
"failed_closure_stem","2000-01-04 01:06:08.000",368,389.394,2013.21,4094.9,1
"failed_closure_stem","2000-01-04 01:06:09.000",369,390.144,2011.59,3732.9,1
"failed_closure_stem","2000-01-04 01:06:10.000",370,390.382,2011,3914,1
"failed_closure_stem","2000-01-04 01:06:11.000",371,392.146,2011.55,4032.1,1
"failed_closure_stem","2000-01-04 01:06:12.000",372,391.594,2011.02,3838.2,1
"failed_closure_stem","2000-01-04 01:06:13.000",373,392.659,2011.23,4026.3,1
"failed_closure_stem","2000-01-04 01:06:13.000",373,393.333,2010.8,4076.1,1
"failed_closure_stem","2000-01-04 01:06:14.000",374,393.655,2012.79,3907.9,1
"failed_closure_stem","2000-01-04 01:06:15.000",375,393.35,2011.28,3950.3,1
"failed_closure_stem","2000-01-04 01:06:16.000",376,393.59,2011.55,4002.1,1
"failed_closure_stem","2000-01-04 01:06:17.000",377,394.261,2010.51,4112.9,1
"failed_closure_stem","2000-01-04 01:06:18.000",378,394.576,2011.85,4140.1,1
"failed_closure_stem","2000-01-04 01:06:19.000",379,394.701,2014.97,4268.4,1
"failed_closure_stem","2000-01-04 01:06:20.000",380,395.043,2009.31,4105.2,1
"failed_closure_stem","2000-01-04 01:06:21.000",381,394.112,2012.39,4288,1
"failed_closure_stem","2000-01-04 01:06:22.000",382,393.867,2012.96,4265.2,1
"failed_closure_stem","2000-01-04 01:06:23.000",383,393.66,2014.84,4345.3,1
"failed_closure_stem","2000-01-04 01:06:24.000",384,393.222,2015.53,4583.2,1
"failed_closure_stem","2000-01-04 01:06:25.000",385,393.473,2013.56,4246.4,1
"failed_closure_stem","2000-01-04 01:06:26.000",386,394.761,2014.13,4361.4,1
"failed_closure_stem","2000-01-04 01:06:27.000",387,393.975,2015.79,4226.5,1
"failed_closure_stem","2000-01-04 01:06:28.000",388,395.27,2014.86,4380.4,1
"failed_closure_stem","2000-01-04 01:06:29.000",389,394.59,2015.24,4115.8,1
"failed_closure_stem","2000-01-04 01:06:30.000",390,396.273,2016.09,4445.7,1
"failed_closure_stem","2000-01-04 01:06:31.000",391,395.933,2014.3,4150.9,1
"failed_closure_stem","2000-01-04 01:06:32.000",392,396.091,2013.51,3896.2,1
"failed_closure_stem","2000-01-04 01:06:33.000",393,396.329,2016.35,4187.4,1
"failed_closure_stem","2000-01-04 01:06:34.000",394,397.002,2018.78,4253.7,1
"failed_closure_stem","2000-01-04 01:06:35.000",395,396.183,2015.88,4331.5,1
"failed_closure_stem","2000-01-04 01:06:36.000",396,394.937,2017.14,4588.7,1
"failed_closure_stem","2000-01-04 01:06:37.000",397,395.824,2018.87,4248.1,1
"failed_closure_stem","2000-01-04 01:06:38.000",398,395.171,2015.54,4307.3,1
"failed_closure_stem","2000-01-04 01:06:39.000",399,394.218,2014.51,4177.1,1
"failed_closure_stem","2000-01-04 01:06:40.000",400,394.475,2013.8,4002.5,1
"failed_closure_stem","2000-01-04 01:06:41.000",401,394.71,2014.69,3957.6,1
"failed_closure_stem","2000-01-04 01:06:42.000",402,395.423,2014.46,3811.1,1
"failed_closure_stem","2000-01-04 01:06:43.000",403,395.077,2011.39,3834.5,1
"failed_closure_stem","2000-01-04 01:06:44.000",404,395.768,2013.31,3633,1
"failed_closure_stem","2000-01-04 01:06:45.000",405,396.389,2012.79,3941.2,1
"failed_closure_stem","2000-01-04 01:06:46.000",406,397.67,2013.96,3856.3,1
"failed_closure_stem","2000-01-04 01:06:47.000",407,397.465,2016.59,4066.5,1
"failed_closure_stem","2000-01-04 01:06:48.000",408,398.472,2015.5,3920,1
"failed_closure_stem","2000-01-04 01:06:49.000",409,397.996,2012.57,3913.6,1
"failed_closure_stem","2000-01-04 01:06:50.000",410,398.762,2015.93,4195.2,1
"failed_closure_stem","2000-01-04 01:06:51.000",411,399.35,2014.9,4154.3,1
"failed_closure_stem","2000-01-04 01:06:52.000",412,401.316,2014.17,4241.7,1
"failed_closure_stem","2000-01-04 01:06:53.000",413,401.394,2015.01,4259.3,0
"failed_closure_stem","2000-01-04 01:06:54.000",414,403.953,2015.6,4500.8,0
"failed_closure_stem","2000-01-04 01:06:55.000",415,403.366,2014.93,4035.9,0
"failed_closure_stem","2000-01-04 01:06:56.000",416,403.72,2014.63,3963.2,0
"failed_closure_stem","2000-01-04 01:06:57.000",417,403.294,2014.1,3906.7,0
"failed_closure_stem","2000-01-04 01:06:58.000",418,401.673,2010.98,4068.2,0
"failed_closure_stem","2000-01-04 01:06:59.000",419,400.684,2013.16,4135,0
"failed_closure_stem","2000-01-04 01:07:00.000",420,400.236,2012.57,3926.6,0
"failed_closure_stem","2000-01-04 01:07:01.000",421,400.765,2014.58,4141.5,0
"failed_closure_stem","2000-01-04 01:07:02.000",422,400.153,2013.02,4172.7,0
"failed_closure_stem","2000-01-04 01:07:03.000",423,399.974,2016.53,4209.6,0
"failed_closure_stem","2000-01-04 01:07:04.000",424,398.396,2016.45,3917.1,0
"failed_closure_stem","2000-01-04 01:07:05.000",425,396.989,2014.43,4311.5,0
"failed_closure_stem","2000-01-04 01:07:06.000",426,394.914,2013.34,3968.4,0
"failed_closure_stem","2000-01-04 01:07:07.000",427,393.419,2011.44,3956.3,0
"failed_closure_stem","2000-01-04 01:07:08.000",428,392.842,2010.05,3901.6,0
"failed_closure_stem","2000-01-04 01:07:09.000",429,390.672,2014.51,4213.3,0
"failed_closure_stem","2000-01-04 01:07:10.000",430,389.917,2010.4,4076.4,0
"failed_closure_stem","2000-01-04 01:07:11.000",431,388.275,2011,3963.1,0
"failed_closure_stem","2000-01-04 01:07:12.000",432,388.347,2012.74,4108.3,0
"failed_closure_stem","2000-01-04 01:07:13.000",433,388.19,2012.5,4482.3,0
"failed_closure_stem","2000-01-04 01:07:14.000",434,387.821,2011.04,4302.9,0
"failed_closure_stem","2000-01-04 01:07:15.000",435,386.791,2011.95,4480.8,0
"failed_closure_stem","2000-01-04 01:07:16.000",436,387.491,2012.54,4819.9,0
"failed_closure_stem","2000-01-04 01:07:17.000",437,387.384,2011.65,4678.4,0
"failed_closure_stem","2000-01-04 01:07:18.000",438,387.587,2013.4,5060.6,0
"failed_closure_stem","2000-01-04 01:07:19.000",439,387.314,2014.52,4837,0
"failed_closure_stem","2000-01-04 01:07:20.000",440,387.878,2012.46,4631.9,0
"failed_closure_stem","2000-01-04 01:07:21.000",441,387.84,2012.13,4748.6,0
"failed_closure_stem","2000-01-04 01:07:22.000",442,388.519,2012.42,4979.3,0
"failed_closure_stem","2000-01-04 01:07:23.000",443,388.617,2015.88,4919.9,0
"failed_closure_stem","2000-01-04 01:07:24.000",444,388.894,2014.2,4931.8,0
"failed_closure_stem","2000-01-04 01:07:25.000",445,388.779,2015.02,5135,0
"failed_closure_stem","2000-01-04 01:07:26.000",446,388.645,2013.55,4516.8,0
"failed_closure_stem","2000-01-04 01:07:27.000",447,389.734,2010.69,4721.3,0
"failed_closure_stem","2000-01-04 01:07:28.000",448,389.331,2010.62,4475.6,0
"failed_closure_stem","2000-01-04 01:07:29.000",449,389.129,2011.62,4503.6,0
"failed_closure_stem","2000-01-04 01:07:30.000",450,389.238,2009.99,4360.8,0
"failed_closure_stem","2000-01-04 01:07:31.000",451,388.629,2013.2,4311,0
"failed_closure_stem","2000-01-04 01:07:32.000",452,388.41,2011.18,4741.8,0
"failed_closure_stem","2000-01-04 01:07:33.000",453,388.691,2014.42,4457.2,0
"failed_closure_stem","2000-01-04 01:07:34.000",454,388.278,2012.73,4507.5,0
"failed_closure_stem","2000-01-04 01:07:35.000",455,387.937,2014.28,4538.4,0
"failed_closure_stem","2000-01-04 01:07:36.000",456,387.849,2012.64,4440.8,0
"failed_closure_stem","2000-01-04 01:07:37.000",457,389.108,2012.74,4392.5,0
"failed_closure_stem","2000-01-04 01:07:38.000",458,387.855,2013.2,4522.5,0
"failed_closure_stem","2000-01-04 01:07:39.000",459,387.931,2015.42,4463.5,0
"failed_closure_stem","2000-01-04 01:07:40.000",460,388.643,2013.93,4311.3,0
"failed_closure_stem","2000-01-04 01:07:41.000",461,388.739,2013.9,4504.7,0
"failed_closure_stem","2000-01-04 01:07:42.000",462,389.505,2015.58,4350.3,0
"failed_closure_stem","2000-01-04 01:07:43.000",463,389.982,2012.98,4263,0
"failed_closure_stem","2000-01-04 01:07:44.000",464,389.978,2010.44,4324,0
"failed_closure_stem","2000-01-04 01:07:45.000",465,390.778,2012.17,4319.7,0
"failed_closure_stem","2000-01-04 01:07:46.000",466,390.461,2012,4197.3,0
"failed_closure_stem","2000-01-04 01:07:47.000",467,389.766,2013.42,3961.8,0
"failed_closure_stem","2000-01-04 01:07:48.000",468,390.127,2011.64,4284.9,0
"failed_closure_stem","2000-01-04 01:07:49.000",469,388.533,2010.62,4056.1,0
"failed_closure_stem","2000-01-04 01:07:50.000",470,389.96,2012.89,4314.6,0
"failed_closure_stem","2000-01-04 01:07:51.000",471,387.793,2013,4140.1,0
"failed_closure_stem","2000-01-04 01:07:52.000",472,388.015,2013.51,4425.4,0
"failed_closure_stem","2000-01-04 01:07:53.000",473,388.229,2015.21,4353.5,0
"failed_closure_stem","2000-01-04 01:07:54.000",474,386.803,2015.39,4382.5,0
"failed_closure_stem","2000-01-04 01:07:55.000",475,386.938,2015.19,4691.4,0
"failed_closure_stem","2000-01-04 01:07:56.000",476,385.99,2012.16,4629.4,0
"failed_closure_stem","2000-01-04 01:07:57.000",477,385.907,2012.73,5115.1,0
"failed_closure_stem","2000-01-04 01:07:58.000",478,385.507,2014.24,4662.3,0
"failed_closure_stem","2000-01-04 01:07:59.000",479,384.72,2012.95,4765.4,0
"failed_closure_stem","2000-01-04 01:08:00.000",480,385.015,2014.29,4802.5,0
"failed_closure_stem","2000-01-04 01:08:01.000",481,385.085,2015.96,4559.5,0
"failed_closure_stem","2000-01-04 01:08:02.000",482,384.282,2016.63,4787.1,0
"failed_closure_stem","2000-01-04 01:08:03.000",483,384.585,2015.51,4789.5,0
"failed_closure_stem","2000-01-04 01:08:04.000",484,384.951,2017.37,4839.6,0
"failed_closure_stem","2000-01-04 01:08:05.000",485,384.811,2014.56,4890.1,0
"failed_closure_stem","2000-01-04 01:08:06.000",486,384.808,2016.25,4798.2,0
"failed_closure_stem","2000-01-04 01:08:07.000",487,384.71,2017.37,4960.2,0
"failed_closure_stem","2000-01-04 01:08:08.000",488,384.469,2016.29,5015.5,0
"failed_closure_stem","2000-01-04 01:08:09.000",489,384.299,2016.62,4800.3,0
"failed_closure_stem","2000-01-04 01:08:10.000",490,384.015,2014.26,4795.9,0
"failed_closure_stem","2000-01-04 01:08:11.000",491,383.757,2015.58,5013.1,0
"failed_closure_stem","2000-01-04 01:08:12.000",492,383.327,2016.78,5053.9,0
"failed_closure_stem","2000-01-04 01:08:13.000",493,383.94,2013.48,4844.8,0
"failed_closure_stem","2000-01-04 01:08:14.000",494,384.187,2011.24,4895.8,0
"failed_closure_stem","2000-01-04 01:08:15.000",495,383.031,2014.97,4503.9,0
"failed_closure_stem","2000-01-04 01:08:16.000",496,383.173,2014.87,4835.8,0
"failed_closure_stem","2000-01-04 01:08:17.000",497,382.758,2013.04,4393.4,0
"failed_closure_stem","2000-01-04 01:08:18.000",498,383.191,2013.7,4525.3,0
"failed_closure_stem","2000-01-04 01:08:19.000",499,383.233,2013.91,4515.3,0
"failed_closure_stem","2000-01-04 01:08:20.000",500,383.677,2016.28,4462.5,0
"failed_closure_stem","2000-01-04 01:08:21.000",501,382.882,2010.78,4550.6,0
"failed_closure_stem","2000-01-04 01:08:22.000",502,383.044,2011.96,4364.4,0
"failed_closure_stem","2000-01-04 01:08:23.000",503,383.241,2013.12,4506.1,0
"failed_closure_stem","2000-01-04 01:08:24.000",504,383.77,2010.41,4648.6,0
"failed_closure_stem","2000-01-04 01:08:25.000",505,385.222,2011.84,4581.9,0
"failed_closure_stem","2000-01-04 01:08:26.000",506,384.468,2012.24,4730.9,0
"failed_closure_stem","2000-01-04 01:08:27.000",507,384.055,2012.31,4534.4,0
"failed_closure_stem","2000-01-04 01:08:28.000",508,384.396,2011.19,4432.7,0
"failed_closure_stem","2000-01-04 01:08:29.000",509,384.121,2012.6,4624.1,0
"failed_closure_stem","2000-01-04 01:08:30.000",510,384.848,2012.54,4439.6,0
"failed_closure_stem","2000-01-04 01:08:31.000",511,385.036,2012.53,4450.3,0
"failed_closure_stem","2000-01-04 01:08:32.000",512,385.209,2013.57,4386.5,0
"failed_closure_stem","2000-01-04 01:08:33.000",513,385.259,2013.74,4550.4,0
"failed_closure_stem","2000-01-04 01:08:34.000",514,385.467,2014.58,4648,0
"failed_closure_stem","2000-01-04 01:08:35.000",515,385.423,2012.24,4390.8,0
"failed_closure_stem","2000-01-04 01:08:36.000",516,386.147,2014.12,4569.8,0
"failed_closure_stem","2000-01-04 01:08:37.000",517,385.428,2010.63,4220.9,0
"failed_closure_stem","2000-01-04 01:08:38.000",518,385.796,2012.96,4653.6,0
"failed_closure_stem","2000-01-04 01:08:39.000",519,385.893,2010.92,4528.9,0
"failed_closure_stem","2000-01-04 01:08:40.000",520,387.295,2011.21,4336.1,0
"failed_closure_stem","2000-01-04 01:08:41.000",521,386.591,2015.39,4876.8,0
"failed_closure_stem","2000-01-04 01:08:42.000",522,386.886,2012.39,4897.9,0
"failed_closure_stem","2000-01-04 01:08:43.000",523,387.043,2011.51,4694,0
"failed_closure_stem","2000-01-04 01:08:44.000",524,387.711,2010.36,5162.2,0
"failed_closure_stem","2000-01-04 01:08:45.000",525,386.942,2012.79,4912.8,0
"failed_closure_stem","2000-01-04 01:08:46.000",526,387.361,2011.96,4835.1,0
"failed_closure_stem","2000-01-04 01:08:47.000",527,387.509,2011.68,5009.4,0
"failed_closure_stem","2000-01-04 01:08:48.000",528,387.66,2009.32,4611.2,0
"failed_closure_stem","2000-01-04 01:08:49.000",529,387.559,2014.34,4956.5,0
"failed_closure_stem","2000-01-04 01:08:50.000",530,387.965,2011.39,4737.2,0
"failed_closure_stem","2000-01-04 01:08:51.000",531,386.293,2016.32,5006.2,0
"failed_closure_stem","2000-01-04 01:08:52.000",532,386.941,2017.29,5209.4,0
"failed_closure_stem","2000-01-04 01:08:53.000",533,385.895,2011.63,4813.6,0
"failed_closure_stem","2000-01-04 01:08:54.000",534,386.555,2013.64,5065.6,0
"failed_closure_stem","2000-01-04 01:08:55.000",535,385.439,2015.51,5183.8,0
"failed_closure_stem","2000-01-04 01:08:56.000",536,385.27,2014.44,4866,0
"failed_closure_stem","2000-01-04 01:08:57.000",537,385.209,2013.47,4951.4,0
"failed_closure_stem","2000-01-04 01:08:58.000",538,385.185,2011.69,5150.8,0
"failed_closure_stem","2000-01-04 01:08:59.000",539,385.633,2014.47,5256.6,0
"failed_closure_stem","2000-01-04 01:09:00.000",540,384.844,2014.64,5102.1,0
"failed_closure_stem","2000-01-04 01:09:01.000",541,384.64,2015.33,5009.6,0
"failed_closure_stem","2000-01-04 01:09:02.000",542,384.234,2015.54,5135,0
"failed_closure_stem","2000-01-04 01:09:03.000",543,385.594,2015.43,4882.9,0
"failed_closure_stem","2000-01-04 01:09:04.000",544,384.767,2016.27,5059,0
"failed_closure_stem","2000-01-04 01:09:05.000",545,385.144,2017.19,5367,0
"failed_closure_stem","2000-01-04 01:09:06.000",546,385.029,2015.24,5325.5,0
"failed_closure_stem","2000-01-04 01:09:07.000",547,385.544,2013.97,5188.3,0
"failed_closure_stem","2000-01-04 01:09:08.000",548,384.905,2012.44,5216.8,0
"failed_closure_stem","2000-01-04 01:09:09.000",549,385.267,2016.66,5007.7,0
"failed_closure_stem","2000-01-04 01:09:10.000",550,385.977,2013.46,5038.3,0
"failed_closure_stem","2000-01-04 01:09:11.000",551,384.923,2012.29,4839.4,0
"failed_closure_stem","2000-01-04 01:09:12.000",552,385.117,2011.86,4605.3,0
"failed_closure_stem","2000-01-04 01:09:13.000",553,385.2,2014.33,4865.7,0
"failed_closure_stem","2000-01-04 01:09:14.000",554,385.089,2015.99,4793.5,0
"failed_closure_stem","2000-01-04 01:09:15.000",555,385.927,2018.32,5070.4,0
"failed_closure_stem","2000-01-04 01:09:16.000",556,385.747,2016.07,5034.7,0
"failed_closure_stem","2000-01-04 01:09:16.000",556,384.677,2015.06,5032.2,0
"failed_closure_stem","2000-01-04 01:09:17.000",557,385.839,2013.32,4791.3,0
"failed_closure_stem","2000-01-04 01:09:18.000",558,385.693,2018.01,5135.7,0
"failed_closure_stem","2000-01-04 01:09:19.000",559,384.768,2015.71,4929,0
"failed_closure_stem","2000-01-04 01:09:20.000",560,385.152,2016.61,5142.1,0
"failed_closure_stem","2000-01-04 01:09:21.000",561,385.718,2017.18,5035.6,0
"failed_closure_stem","2000-01-04 01:09:22.000",562,385.586,2020.48,5126.3,0
"failed_closure_stem","2000-01-04 01:09:23.000",563,385.051,2017.13,5172.4,0
"failed_closure_stem","2000-01-04 01:09:24.000",564,386.402,2018.7,5166.3,0
"failed_closure_stem","2000-01-04 01:09:25.000",565,386.194,2017.4,5041.6,0
"failed_closure_stem","2000-01-04 01:09:26.000",566,386.833,2017.63,4775,0
"failed_closure_stem","2000-01-04 01:09:27.000",567,387.426,2016.82,5235.6,0
"failed_closure_stem","2000-01-04 01:09:28.000",568,386.658,2019.41,4929.5,0
"failed_closure_stem","2000-01-04 01:09:29.000",569,388.049,2016.76,4964.6,0
"failed_closure_stem","2000-01-04 01:09:30.000",570,388.334,2018.9,5136.9,0
"failed_closure_stem","2000-01-04 01:09:31.000",571,388.576,2021.18,5464.9,0
"failed_closure_stem","2000-01-04 01:09:32.000",572,387.94,2023.31,5132.3,0
"failed_closure_stem","2000-01-04 01:09:33.000",573,389.283,2022.41,5081.9,0
"failed_closure_stem","2000-01-04 01:09:34.000",574,388.572,2019.19,4950.3,0
"failed_closure_stem","2000-01-04 01:09:35.000",575,388.55,2020.59,5137.1,0
"failed_closure_stem","2000-01-04 01:09:36.000",576,388.33,2019.53,4895,0
"failed_closure_stem","2000-01-04 01:09:37.000",577,388.701,2017.35,4969.6,0
"failed_closure_stem","2000-01-04 01:09:38.000",578,388.035,2017.77,4896.7,0
"failed_closure_stem","2000-01-04 01:09:39.000",579,387.913,2017.4,4758.4,0
"failed_closure_stem","2000-01-04 01:09:40.000",580,389.957,2016.1,5126,0
"failed_closure_stem","2000-01-04 01:09:41.000",581,389.032,2015.46,4822,0
"failed_closure_stem","2000-01-04 01:09:42.000",582,390.517,2016.3,5313.1,0
"failed_closure_stem","2000-01-04 01:09:43.000",583,390.159,2015.24,5008.1,0
"failed_closure_stem","2000-01-04 01:09:44.000",584,390.589,2017.53,4959.6,0
"failed_closure_stem","2000-01-04 01:09:45.000",585,391.521,2021.09,5283.9,0
"failed_closure_stem","2000-01-04 01:09:46.000",586,391.357,2018.11,4809.8,0
"failed_closure_stem","2000-01-04 01:09:47.000",587,392.199,2017.42,4937.1,0
"failed_closure_stem","2000-01-04 01:09:48.000",588,391.877,2015.82,5068.2,0
"failed_closure_stem","2000-01-04 01:09:49.000",589,392.341,2019.21,4766.7,0
"failed_closure_stem","2000-01-04 01:09:50.000",590,392.429,2017.59,4877.6,0
"failed_closure_stem","2000-01-04 01:09:51.000",591,392.697,2014.84,4675.3,0
"failed_closure_stem","2000-01-04 01:09:52.000",592,392.247,2016.01,5012.4,0
"failed_closure_stem","2000-01-04 01:09:53.000",593,393.061,2014.37,4885.2,0
"failed_closure_stem","2000-01-04 01:09:54.000",594,393.869,2011.39,5062.8,0
"failed_closure_stem","2000-01-04 01:09:55.000",595,392.755,2015.85,4956.1,0
"failed_closure_stem","2000-01-04 01:09:56.000",596,391.757,2013.1,4992.9,0
"failed_closure_stem","2000-01-04 01:09:57.000",597,391.88,2013.72,4449.2,0
"failed_closure_stem","2000-01-04 01:09:58.000",598,390.587,2015.1,4591.5,0
"failed_closure_stem","2000-01-04 01:09:59.000",599,389.4,2015.78,4679,0
"failed_closure_stem","2000-01-04 01:10:00.000",600,388.345,2015.81,4619.9,0
"failed_closure_stem","2000-01-04 01:10:01.000",601,387.223,2017.22,4730.9,0
"failed_closure_stem","2000-01-04 01:10:02.000",602,387.324,2013.9,4493.5,0
"failed_closure_stem","2000-01-04 01:10:03.000",603,386.557,2013.15,4842,0
"failed_closure_stem","2000-01-04 01:10:04.000",604,387.064,2009.4,4842,0
"failed_closure_stem","2000-01-04 01:10:05.000",605,386.406,2011.04,4865.6,0
"failed_closure_stem","2000-01-04 01:10:06.000",606,385.98,2012.44,5040.4,0
"failed_closure_stem","2000-01-04 01:10:07.000",607,386.314,2012.96,4737.2,0
"failed_closure_stem","2000-01-04 01:10:08.000",608,385.169,2016.8,4997.6,0
"failed_closure_stem","2000-01-04 01:10:09.000",609,385.374,2014.49,5050.4,0
"failed_closure_stem","2000-01-04 01:10:10.000",610,386.242,2015.27,4758.6,0
"failed_closure_stem","2000-01-04 01:10:11.000",611,385.724,2017.87,4944.9,0
"failed_closure_stem","2000-01-04 01:10:12.000",612,385.816,2014.5,5105.1,0
"failed_closure_stem","2000-01-04 01:10:13.000",613,385.169,2012.5,4549.2,0
"failed_closure_stem","2000-01-04 01:10:14.000",614,385.365,2016.45,4747.4,0
"failed_closure_stem","2000-01-04 01:10:15.000",615,383.942,2008.99,4606.9,0
"failed_closure_stem","2000-01-04 01:10:16.000",616,383.399,2013.14,4964,0
"failed_closure_stem","2000-01-04 01:10:17.000",617,383.566,2011.21,4391.5,0
"failed_closure_stem","2000-01-04 01:10:18.000",618,385.579,2012.37,5080.2,0
"failed_closure_stem","2000-01-04 01:10:19.000",619,384.685,2012.88,5191.3,0
"failed_closure_stem","2000-01-04 01:10:20.000",620,385.515,2010.61,4999,0
"failed_closure_stem","2000-01-04 01:10:21.000",621,384.549,2015.08,5162.5,0
"failed_closure_stem","2000-01-04 01:10:22.000",622,384.661,2013.42,5122.7,0
"failed_closure_stem","2000-01-04 01:10:23.000",623,385.188,2014.86,5578,0
"failed_closure_stem","2000-01-04 01:10:24.000",624,384.679,2015.06,5295.6,0
"failed_closure_stem","2000-01-04 01:10:25.000",625,385.086,2015.16,5247.8,0
"failed_closure_stem","2000-01-04 01:10:26.000",626,385.356,2014.84,5284.9,0
"failed_closure_stem","2000-01-04 01:10:27.000",627,384.431,2016.64,5187.7,0
"failed_closure_stem","2000-01-04 01:10:28.000",628,386.134,2016.75,5440.7,0
"failed_closure_stem","2000-01-04 01:10:29.000",629,384.108,2018.54,5041.2,0
"failed_closure_stem","2000-01-04 01:10:30.000",630,385.492,2015.68,4857.4,0
"failed_closure_stem","2000-01-04 01:10:31.000",631,384.952,2015.04,4872.1,0
"failed_closure_stem","2000-01-04 01:10:32.000",632,384.739,2015.95,5088.7,0
"failed_closure_stem","2000-01-04 01:10:33.000",633,384.016,2018.87,5195,0
"failed_closure_stem","2000-01-04 01:10:34.000",634,384.88,2014.97,5370.1,0
"failed_closure_stem","2000-01-04 01:10:35.000",635,385.994,2014.53,5525.4,0
"failed_closure_stem","2000-01-04 01:10:36.000",636,385.82,2015.58,5221,0
"failed_closure_stem","2000-01-04 01:10:37.000",637,385.441,2015.58,5615,0
"failed_closure_stem","2000-01-04 01:10:38.000",638,386.689,2016.23,5416.2,0
"failed_closure_stem","2000-01-04 01:10:39.000",639,385.863,2016.76,5414.1,0
"failed_closure_stem","2000-01-04 01:10:40.000",640,386.181,2018.33,5084.6,0
"failed_closure_stem","2000-01-04 01:10:41.000",641,386.799,2015.68,5108.6,0
"failed_closure_stem","2000-01-04 01:10:42.000",642,385.578,2014.14,4881.1,0
"failed_closure_stem","2000-01-04 01:10:43.000",643,385.43,2014.31,4905.5,0
"failed_closure_stem","2000-01-04 01:10:44.000",644,385.109,2015.39,4894.4,0
"failed_closure_stem","2000-01-04 01:10:45.000",645,384.018,2014.69,5045.4,0
"failed_closure_stem","2000-01-04 01:10:46.000",646,385.616,2016.62,4729.8,0
"failed_closure_stem","2000-01-04 01:10:47.000",647,385.193,2012.22,5068.5,0
"failed_closure_stem","2000-01-04 01:10:48.000",648,384.306,2014.25,4416.7,0
"failed_closure_stem","2000-01-04 01:10:49.000",649,384.025,2014.97,4394,0
"failed_closure_stem","2000-01-04 01:10:50.000",650,385.817,2015.86,4665.9,0
"failed_closure_stem","2000-01-04 01:10:51.000",651,385.341,2016.07,4346.4,0
"failed_closure_stem","2000-01-04 01:10:52.000",652,386.082,2017.49,4861.2,0
"failed_closure_stem","2000-01-04 01:10:53.000",653,385.572,2011.24,4835.5,0
"failed_closure_stem","2000-01-04 01:10:54.000",654,384.742,2014.41,4654,0
"failed_closure_stem","2000-01-04 01:10:55.000",655,385.744,2018.5,4626.9,0
"failed_closure_stem","2000-01-04 01:10:56.000",656,385.261,2013.65,4392.8,0
"failed_closure_stem","2000-01-04 01:10:57.000",657,383.864,2014.12,4411,0
"failed_closure_stem","2000-01-04 01:10:58.000",658,385.651,2012.24,4694.3,0
"failed_closure_stem","2000-01-04 01:10:59.000",659,384.087,2013.66,4349.1,0
"failed_closure_stem","2000-01-04 01:11:00.000",660,383.329,2012.51,4345.7,0
"failed_closure_stem","2000-01-04 01:11:01.000",661,383.761,2011.66,4408.9,0
"failed_closure_stem","2000-01-04 01:11:02.000",662,383.065,2016.07,4427.6,0
"failed_closure_stem","2000-01-04 01:11:03.000",663,383.55,2016.42,4716.7,0
"failed_closure_stem","2000-01-04 01:11:04.000",664,383.343,2011.1,4744.1,0
"failed_closure_stem","2000-01-04 01:11:05.000",665,383.127,2013.49,5092.5,0
"failed_closure_stem","2000-01-04 01:11:06.000",666,382.096,2009.42,4505.5,0
"failed_closure_stem","2000-01-04 01:11:07.000",667,382.256,2010.64,4793.9,0
"failed_closure_stem","2000-01-04 01:11:08.000",668,382.942,2012.72,4792.2,0
"failed_closure_stem","2000-01-04 01:11:09.000",669,383.444,2010.17,4723.2,0
"failed_closure_stem","2000-01-04 01:11:10.000",670,384.186,2008.64,4732.7,0
"failed_closure_stem","2000-01-04 01:11:11.000",671,383.838,2011.78,4539,0
"failed_closure_stem","2000-01-04 01:11:12.000",672,384.364,2010.95,4677.4,0
"failed_closure_stem","2000-01-04 01:11:13.000",673,383.445,2010.12,4648.2,0
"failed_closure_stem","2000-01-04 01:11:14.000",674,383.996,2006.3,4431.4,0
"failed_closure_stem","2000-01-04 01:11:15.000",675,384.299,2013.11,4638.7,0
"failed_closure_stem","2000-01-04 01:11:16.000",676,384.993,2008.79,4867.4,0
"failed_closure_stem","2000-01-04 01:11:17.000",677,384.679,2009.55,4901.6,0
"failed_closure_stem","2000-01-04 01:11:18.000",678,385.677,2012.13,4572.2,0
"failed_closure_stem","2000-01-04 01:11:19.000",679,385.529,2013.08,4506,0
"failed_closure_stem","2000-01-04 01:11:20.000",680,385.658,2012.95,4655.9,0
"failed_closure_stem","2000-01-04 01:11:21.000",681,386.019,2012.52,4401.2,0
"failed_closure_stem","2000-01-04 01:11:22.000",682,385.684,2010.81,4439.2,0
"failed_closure_stem","2000-01-04 01:11:23.000",683,385.12,2013.88,4289,0
"failed_closure_stem","2000-01-04 01:11:24.000",684,385.53,2012.39,4255.6,0
"failed_closure_stem","2000-01-04 01:11:25.000",685,385.625,2014.41,4403.4,0
"failed_closure_stem","2000-01-04 01:11:26.000",686,386.694,2011.97,4358.6,0
"failed_closure_stem","2000-01-04 01:11:27.000",687,384.534,2012.9,4303.5,0
"failed_closure_stem","2000-01-04 01:11:28.000",688,386.244,2012.42,4369.6,0
"failed_closure_stem","2000-01-04 01:11:29.000",689,385.817,2011.84,4542.6,0
"failed_closure_stem","2000-01-04 01:11:30.000",690,386.506,2010.21,4337.9,0
"failed_closure_stem","2000-01-04 01:11:31.000",691,386.452,2014.66,4853.8,0
"failed_closure_stem","2000-01-04 01:11:32.000",692,385.453,2014.48,4988.9,0
"failed_closure_stem","2000-01-04 01:11:33.000",693,385.773,2014.03,4742.9,0
"failed_closure_stem","2000-01-04 01:11:34.000",694,387.509,2014.35,5083.1,0
"failed_closure_stem","2000-01-04 01:11:35.000",695,386.719,2015.45,5145.1,0
"failed_closure_stem","2000-01-04 01:11:36.000",696,385.619,2014.33,4726.2,0
"failed_closure_stem","2000-01-04 01:11:37.000",697,385.407,2017.61,4729.1,0
"failed_closure_stem","2000-01-04 01:11:38.000",698,385.438,2016.44,4982.7,0
"failed_closure_stem","2000-01-04 01:11:39.000",699,384.011,2014.93,4519.9,0
"failed_closure_stem","2000-01-04 01:11:40.000",700,383.985,2017.3,4370.8,0
"failed_closure_stem","2000-01-04 01:11:41.000",701,384.291,2016.73,4806.8,0
"failed_closure_stem","2000-01-04 01:11:42.000",702,383.534,2017.58,4582.6,0
"failed_closure_stem","2000-01-04 01:11:43.000",703,383.896,2019.46,4503.4,0
"failed_closure_stem","2000-01-04 01:11:44.000",704,384.692,2017.12,4535.7,0
"failed_closure_stem","2000-01-04 01:11:45.000",705,383.864,2018.74,4740,0
"failed_closure_stem","2000-01-04 01:11:46.000",706,383.721,2017.99,4229.2,0
"failed_closure_stem","2000-01-04 01:11:47.000",707,383.1,2021.54,4612.5,0
"failed_closure_stem","2000-01-04 01:11:48.000",708,383.777,2016.36,4618.4,0
"failed_closure_stem","2000-01-04 01:11:49.000",709,384.591,2018.18,4996.8,0
"failed_closure_stem","2000-01-04 01:11:50.000",710,384.273,2014.01,4721.3,0
"failed_closure_stem","2000-01-04 01:11:51.000",711,384.259,2017.6,4916,0
"failed_closure_stem","2000-01-04 01:11:52.000",712,383.386,2010.4,4354.2,0
"failed_closure_stem","2000-01-04 01:11:53.000",713,384.214,2014.02,4590.5,0
"failed_closure_stem","2000-01-04 01:11:54.000",714,382.752,2012.63,4749.5,0
"failed_closure_stem","2000-01-04 01:11:55.000",715,382.573,2014.97,4495.3,0
"failed_closure_stem","2000-01-04 01:11:56.000",716,384.488,2014.18,4885.2,0
"failed_closure_stem","2000-01-04 01:11:57.000",717,384.314,2010.7,4335.4,0
"failed_closure_stem","2000-01-04 01:11:58.000",718,384.31,2016.93,4640.4,0
"failed_closure_stem","2000-01-04 01:11:59.000",719,385.501,2012.99,4521.3,0
"failed_closure_stem","2000-01-04 01:12:00.000",720,383.606,2012.87,5131.9,0
"failed_closure_stem","2000-01-04 01:12:01.000",721,385.153,2014.82,4489.7,0
"failed_closure_stem","2000-01-04 01:12:02.000",722,384.971,2012.31,4307,0
"failed_closure_stem","2000-01-04 01:12:03.000",723,385.115,2010.88,4013.1,0
"failed_closure_stem","2000-01-04 01:12:04.000",724,384.72,2013.01,4020.8,0
"failed_closure_stem","2000-01-04 01:12:05.000",725,385.451,2011.07,3718.4,0
"failed_closure_stem","2000-01-04 01:12:06.000",726,385.354,2012.18,4357.5,0
"failed_closure_stem","2000-01-04 01:12:07.000",727,386.941,2013.39,4286.2,0
"failed_closure_stem","2000-01-04 01:12:08.000",728,386.776,2008.66,3996.4,0
"failed_closure_stem","2000-01-04 01:12:09.000",729,386.742,2015.19,4110.9,0
"failed_closure_stem","2000-01-04 01:12:10.000",730,388.343,2010.47,3923.2,0
"failed_closure_stem","2000-01-04 01:12:11.000",731,389.107,2016.64,4362.7,0
"failed_closure_stem","2000-01-04 01:12:12.000",732,389.189,2016.57,4379.5,0
"failed_closure_stem","2000-01-04 01:12:13.000",733,389.128,2015.81,4571.5,0
"failed_closure_stem","2000-01-04 01:12:14.000",734,389.432,2015.52,4136,0
"failed_closure_stem","2000-01-04 01:12:15.000",735,389.634,2018.82,4612.2,0
"failed_closure_stem","2000-01-04 01:12:16.000",736,389.374,2018.59,4265.7,0
"failed_closure_stem","2000-01-04 01:12:17.000",737,388.802,2015.33,4389.5,0
"failed_closure_stem","2000-01-04 01:12:18.000",738,390.587,2023.14,4604.9,0
"failed_closure_stem","2000-01-04 01:12:19.000",739,389.285,2017.58,4475.3,0
"failed_closure_stem","2000-01-04 01:12:19.000",739,389.499,2021.59,4313.5,0
"failed_closure_stem","2000-01-04 01:12:20.000",740,391.405,2015.99,4353.4,0
"failed_closure_stem","2000-01-04 01:12:21.000",741,389.74,2017.38,4595.1,0
"failed_closure_stem","2000-01-04 01:12:22.000",742,390.946,2016.75,4138.2,0
"failed_closure_stem","2000-01-04 01:12:23.000",743,391.729,2018.18,4433.6,0
"failed_closure_stem","2000-01-04 01:12:24.000",744,390.985,2018.09,4383,0
"failed_closure_stem","2000-01-04 01:12:25.000",745,391.768,2018.6,4512.6,0
"failed_closure_stem","2000-01-04 01:12:26.000",746,391.76,2018.35,4937.9,0
"failed_closure_stem","2000-01-04 01:12:27.000",747,393.742,2015.7,4357.1,0
"failed_closure_stem","2000-01-04 01:12:28.000",748,393.348,2016.04,4598.2,0
"failed_closure_stem","2000-01-04 01:12:29.000",749,395.338,2017.55,4760.7,0
"failed_closure_stem","2000-01-04 01:12:30.000",750,394.833,2014.4,4936.1,0
"failed_closure_stem","2000-01-04 01:12:31.000",751,395.962,2015.88,4410.9,0
"failed_closure_stem","2000-01-04 01:12:32.000",752,396.288,2014.99,4810.3,0
"failed_closure_stem","2000-01-04 01:12:33.000",753,396.144,2018.33,4159.5,0
"failed_closure_stem","2000-01-04 01:12:34.000",754,396.637,2015.09,4090.4,0
"failed_closure_stem","2000-01-04 01:12:35.000",755,396.942,2014.97,4490.1,0
"failed_closure_stem","2000-01-04 01:12:36.000",756,396.581,2017.62,3715.5,0
"failed_closure_stem","2000-01-04 01:12:37.000",757,396.217,2012.73,4286,0
"failed_closure_stem","2000-01-04 01:12:38.000",758,394.024,2015.52,4496.6,0
"failed_closure_stem","2000-01-04 01:12:39.000",759,393.646,2018.91,4261.1,0
"failed_closure_stem","2000-01-04 01:12:40.000",760,391.779,2018,4373.9,0
"failed_closure_stem","2000-01-04 01:12:41.000",761,389.878,2018.27,4157.7,0
"failed_closure_stem","2000-01-04 01:12:42.000",762,389.163,2015.26,4024,0
"failed_closure_stem","2000-01-04 01:12:43.000",763,388.547,2017.12,4049.2,0
"failed_closure_stem","2000-01-04 01:12:44.000",764,387.405,2013.25,3901.6,0
"failed_closure_stem","2000-01-04 01:12:45.000",765,387.307,2022.27,4607.2,0
"failed_closure_stem","2000-01-04 01:12:46.000",766,386.405,2016.09,4290.2,0
"failed_closure_stem","2000-01-04 01:12:47.000",767,386.996,2013.13,3874.2,0
"failed_closure_stem","2000-01-04 01:12:48.000",768,387.637,2014.97,4133.4,0
"failed_closure_stem","2000-01-04 01:12:49.000",769,388.381,2018.12,4264.4,0
"failed_closure_stem","2000-01-04 01:12:50.000",770,386.461,2016.55,4143.9,0
"failed_closure_stem","2000-01-04 01:12:51.000",771,386.93,2015.75,3952.3,0
"failed_closure_stem","2000-01-04 01:12:52.000",772,385.537,2017.97,3794.1,0
"failed_closure_stem","2000-01-04 01:12:53.000",773,385.412,2018.52,4389.4,0
"failed_closure_stem","2000-01-04 01:12:54.000",774,385.444,2018.97,4523.1,0
"failed_closure_stem","2000-01-04 01:12:55.000",775,386.427,2017.1,4403,0
"failed_closure_stem","2000-01-04 01:12:56.000",776,385.858,2016.48,4282.6,0
"failed_closure_stem","2000-01-04 01:12:57.000",777,385.508,2016.11,4590.8,0
"failed_closure_stem","2000-01-04 01:12:58.000",778,385.05,2015.9,4220.3,0
"failed_closure_stem","2000-01-04 01:12:59.000",779,385.161,2018.6,4842.8,0
"failed_closure_stem","2000-01-04 01:13:00.000",780,383.734,2017.73,4542.9,0
"failed_closure_stem","2000-01-04 01:13:01.000",781,385.449,2018.25,4279.8,0
"failed_closure_stem","2000-01-04 01:13:02.000",782,383.316,2014.38,4249.2,0
"failed_closure_stem","2000-01-04 01:13:03.000",783,384.635,2020.32,4329.7,0
"failed_closure_stem","2000-01-04 01:13:04.000",784,384.922,2018.39,4443.7,0
"failed_closure_stem","2000-01-04 01:13:05.000",785,384.227,2016.37,3993.4,0
"failed_closure_stem","2000-01-04 01:13:06.000",786,384.355,2017.91,4595,0
"failed_closure_stem","2000-01-04 01:13:07.000",787,385.087,2013.09,3832.3,0
"failed_closure_stem","2000-01-04 01:13:08.000",788,385.522,2019.34,4458.4,0
"failed_closure_stem","2000-01-04 01:13:09.000",789,384.307,2021.42,4442.4,0
"failed_closure_stem","2000-01-04 01:13:10.000",790,384.848,2016.77,4315,0
"failed_closure_stem","2000-01-04 01:13:11.000",791,384.897,2015.19,4356.9,0
"failed_closure_stem","2000-01-04 01:13:12.000",792,386.016,2021.06,4476.1,0
"failed_closure_stem","2000-01-04 01:13:13.000",793,386.32,2013.31,4164.1,0
"failed_closure_stem","2000-01-04 01:13:14.000",794,385.416,2017.1,4650.4,0
"failed_closure_stem","2000-01-04 01:13:15.000",795,384.712,2017.37,4552.7,0
"failed_closure_stem","2000-01-04 01:13:16.000",796,386.222,2016.26,4426.2,0
"failed_closure_stem","2000-01-04 01:13:17.000",797,385.11,2018.94,4623.7,0
"failed_closure_stem","2000-01-04 01:13:18.000",798,384.213,2011.45,4373.6,0
"failed_closure_stem","2000-01-04 01:13:19.000",799,386.219,2016.05,4594.2,0
"failed_closure_stem","2000-01-04 01:13:20.000",800,385.757,2015.96,4328.6,0
"failed_closure_stem","2000-01-04 01:13:21.000",801,385.357,2014.51,4848.9,0
"failed_closure_stem","2000-01-04 01:13:22.000",802,385.791,2011.6,4489.9,0
"failed_closure_stem","2000-01-04 01:13:23.000",803,384.943,2012.28,4427.5,0
"failed_closure_stem","2000-01-04 01:13:24.000",804,386.55,2014.53,4031.2,0
"failed_closure_stem","2000-01-04 01:13:25.000",805,387.975,2016.68,4251.4,0
"failed_closure_stem","2000-01-04 01:13:26.000",806,387.659,2018.89,5083.9,0
"failed_closure_stem","2000-01-04 01:13:27.000",807,385.357,2013.98,4297.6,0
"failed_closure_stem","2000-01-04 01:13:28.000",808,387.607,2015.39,4130,0
"failed_closure_stem","2000-01-04 01:13:30.000",810,388.479,2017.87,4020.1,0
"failed_closure_stem","2000-01-04 01:13:30.000",810,388.596,2015.6,4140.4,0
"failed_closure_stem","2000-01-04 01:13:31.000",811,388.919,2015.02,4513,0
"failed_closure_stem","2000-01-04 01:13:32.000",812,390.369,2017.98,4312.8,0
"failed_closure_stem","2000-01-04 01:13:33.000",813,391.795,2015.88,4504.5,0
"failed_closure_stem","2000-01-04 01:13:34.000",814,389.389,2009.52,3916.4,0
"failed_closure_stem","2000-01-04 01:13:35.000",815,389.475,2019.95,4462.5,0
"failed_closure_stem","2000-01-04 01:13:36.000",816,389.2,2010.84,3742.9,0
"failed_closure_stem","2000-01-04 01:13:37.000",817,391.482,2013.83,3756.9,0
"failed_closure_stem","2000-01-04 01:13:38.000",818,390.64,2018.64,4388.8,0
"failed_closure_stem","2000-01-04 01:13:39.000",819,389.778,2021.17,4121,0
"failed_closure_stem","2000-01-04 01:13:40.000",820,389.386,2021.6,4144.6,0
"failed_closure_stem","2000-01-04 01:13:41.000",821,390.202,2027.63,5220.4,0
"failed_closure_stem","2000-01-04 01:13:42.000",822,389.055,2021.84,5126,0
"failed_closure_stem","2000-01-04 01:13:43.000",823,389.651,2021.34,4941.1,0
"failed_closure_stem","2000-01-04 01:13:44.000",824,389.387,2018.25,4872.6,0
"failed_closure_stem","2000-01-04 01:13:45.000",825,389.637,2015.45,4980,0
"failed_closure_stem","2000-01-04 01:13:46.000",826,391.617,2023.01,4819.5,0
"failed_closure_stem","2000-01-04 01:13:47.000",827,392.548,2016.95,4501.9,0
"failed_closure_stem","2000-01-04 01:13:48.000",828,391.821,2014.81,4946.6,0
"failed_closure_stem","2000-01-04 01:13:49.000",829,391.287,2017.97,5093.7,0
"failed_closure_stem","2000-01-04 01:13:50.000",830,391.878,2015.89,4686.2,0
"failed_closure_stem","2000-01-04 01:13:51.000",831,392.904,2021.87,5238,0
"failed_closure_stem","2000-01-04 01:13:52.000",832,393.369,2015.28,5008,0
"failed_closure_stem","2000-01-04 01:13:53.000",833,395.383,2018.89,5154.9,0
"failed_closure_stem","2000-01-04 01:13:54.000",834,392.777,2018.15,4982.2,0
"failed_closure_stem","2000-01-04 01:13:55.000",835,392.832,2021.67,5171,0
"failed_closure_stem","2000-01-04 01:13:56.000",836,393.296,2014.59,4465.5,0
"failed_closure_stem","2000-01-04 01:13:57.000",837,392.172,2024.12,5479.6,0
"failed_closure_stem","2000-01-04 01:13:58.000",838,391.844,2013.2,4315.5,0
"failed_closure_stem","2000-01-04 01:13:59.000",839,393.919,2013.37,4886.7,0
"failed_closure_stem","2000-01-04 01:14:00.000",840,390.595,2012.81,4424.8,0
"failed_closure_stem","2000-01-04 01:14:01.000",841,388.253,2019.65,4636.1,0
"failed_closure_stem","2000-01-04 01:14:02.000",842,388.469,2014.33,4422.2,0
"failed_closure_stem","2000-01-04 01:14:03.000",843,388.053,2017.67,4794.7,0
"failed_closure_stem","2000-01-04 01:14:04.000",844,386.711,2017.61,4823,0
"failed_closure_stem","2000-01-04 01:14:05.000",845,385.17,2022.11,4343.3,0
"failed_closure_stem","2000-01-04 01:14:06.000",846,385.58,2021.94,4660.7,0
"failed_closure_stem","2000-01-04 01:14:07.000",847,384.674,2019.29,4736.2,0
"failed_closure_stem","2000-01-04 01:14:08.000",848,384.719,2018.26,4664.8,0
"failed_closure_stem","2000-01-04 01:14:09.000",849,384.243,2018.02,4601.8,0
"failed_closure_stem","2000-01-04 01:14:10.000",850,383.813,2017.59,4461.7,0
"failed_closure_stem","2000-01-04 01:14:11.000",851,384.735,2021.18,4961.2,0
"failed_closure_stem","2000-01-04 01:14:12.000",852,384.216,2016.48,4767.5,0
"failed_closure_stem","2000-01-04 01:14:13.000",853,385.026,2018.31,4699.4,0
"failed_closure_stem","2000-01-04 01:14:14.000",854,385.918,2020.82,4721.6,0
"failed_closure_stem","2000-01-04 01:14:15.000",855,383.464,2017.57,4813.3,0
"failed_closure_stem","2000-01-04 01:14:16.000",856,386.365,2020.73,4704.3,0
"failed_closure_stem","2000-01-04 01:14:17.000",857,388.316,2015.64,4736.7,0
"failed_closure_stem","2000-01-04 01:14:18.000",858,387.316,2022.93,4658.1,0
"failed_closure_stem","2000-01-04 01:14:19.000",859,386.988,2015.15,5092.8,0
"failed_closure_stem","2000-01-04 01:14:20.000",860,385.036,2018.96,4405.9,0
"failed_closure_stem","2000-01-04 01:14:21.000",861,383.06,2017.65,4813.3,0
"failed_closure_stem","2000-01-04 01:14:22.000",862,384.96,2020.41,5189.1,0
"failed_closure_stem","2000-01-04 01:14:23.000",863,386.053,2016.7,4847,0
"failed_closure_stem","2000-01-04 01:14:24.000",864,385.694,2015.96,4642.7,0
"failed_closure_stem","2000-01-04 01:14:25.000",865,383.773,2017.02,4524.7,0
"failed_closure_stem","2000-01-04 01:14:26.000",866,384.672,2015.42,4467,0
"failed_closure_stem","2000-01-04 01:14:27.000",867,383.655,2014.43,4530.5,0
"failed_closure_stem","2000-01-04 01:14:28.000",868,383.264,2015.52,4511.4,0
"failed_closure_stem","2000-01-04 01:14:29.000",869,383.899,2016.37,4488.4,0
"failed_closure_stem","2000-01-04 01:14:30.000",870,381.744,2017.95,4876.5,0
"failed_closure_stem","2000-01-04 01:14:31.000",871,382.117,2017.2,4726.2,0
"failed_closure_stem","2000-01-04 01:14:32.000",872,384.229,2015.95,4507.5,0
"failed_closure_stem","2000-01-04 01:14:33.000",873,382.577,2018.99,4702.4,0
"failed_closure_stem","2000-01-04 01:14:34.000",874,383.801,2012.97,4557.1,0
"failed_closure_stem","2000-01-04 01:14:35.000",875,381.918,2018.39,4812,0
"failed_closure_stem","2000-01-04 01:14:36.000",876,382.539,2016.4,4940.2,0
"failed_closure_stem","2000-01-04 01:14:37.000",877,383.615,2013.15,4973.5,0
"failed_closure_stem","2000-01-04 01:14:38.000",878,383.369,2014.58,4594.7,0
"failed_closure_stem","2000-01-04 01:14:39.000",879,383.42,2017.31,4669.4,0
"failed_closure_stem","2000-01-04 01:14:40.000",880,382.521,2017.54,4908.5,0
"failed_closure_stem","2000-01-04 01:14:41.000",881,382.665,2015.4,4841.3,0
"failed_closure_stem","2000-01-04 01:14:42.000",882,382.846,2019.26,4732.3,0
"failed_closure_stem","2000-01-04 01:14:43.000",883,382.891,2017.2,4674.4,0
"failed_closure_stem","2000-01-04 01:14:44.000",884,383.117,2016.18,4530.5,0
"failed_closure_stem","2000-01-04 01:14:45.000",885,383.56,2014.13,4509.3,0
"failed_closure_stem","2000-01-04 01:14:46.000",886,383.693,2012.66,4595.3,0
"failed_closure_stem","2000-01-04 01:14:47.000",887,383.735,2016.89,4709.4,0
"failed_closure_stem","2000-01-04 01:14:48.000",888,388.469,2016.8,4792.7,0
"failed_closure_stem","2000-01-04 01:14:49.000",889,393.456,2013.55,5003.4,0
"failed_closure_stem","2000-01-04 01:14:50.000",890,396.645,2009.85,4632.4,0
"failed_closure_stem","2000-01-04 01:14:51.000",891,395.65,2013.18,4829.3,0
"failed_closure_stem","2000-01-04 01:14:52.000",892,392.248,2010.58,4795.5,0
"failed_closure_stem","2000-01-04 01:14:53.000",893,389.29,2013.92,4751.4,0
"failed_closure_stem","2000-01-04 01:14:54.000",894,386.688,2015.95,4774.3,0
"failed_closure_stem","2000-01-04 01:14:55.000",895,386.976,2015.16,4560.9,0
"failed_closure_stem","2000-01-04 01:14:56.000",896,386.592,2016.82,4965.2,0
"failed_closure_stem","2000-01-04 01:14:57.000",897,386.044,2012.32,4650.8,0
"failed_closure_stem","2000-01-04 01:14:58.000",898,383.542,2017.06,4932.9,0
"failed_closure_stem","2000-01-04 01:14:59.000",899,384.471,2013.13,4551.6,0
"failed_closure_stem","2000-01-04 01:15:00.000",900,384.761,2017.07,4663.3,0
"ambiguous_stem","2000-01-05 00:55:00.000",-300,419.813,2017.16,4153,0
"ambiguous_stem","2000-01-05 00:55:01.000",-299,419.663,2017.09,4640.4,0
"ambiguous_stem","2000-01-05 00:55:02.000",-298,420.029,2018.14,4159.1,0
"ambiguous_stem","2000-01-05 00:55:03.000",-297,419.322,2020.08,4539.3,0
"ambiguous_stem","2000-01-05 00:55:04.000",-296,419.495,2018.53,4573.6,0
"ambiguous_stem","2000-01-05 00:55:05.000",-295,419.638,2017.51,4250,0
"ambiguous_stem","2000-01-05 00:55:06.000",-294,419.773,2017.49,4473,0
"ambiguous_stem","2000-01-05 00:55:07.000",-293,419.195,2018.51,4664.3,0
"ambiguous_stem","2000-01-05 00:55:08.000",-292,420.051,2019.86,4689.6,0
"ambiguous_stem","2000-01-05 00:55:09.000",-291,420.141,2017.06,4610.4,0
"ambiguous_stem","2000-01-05 00:55:10.000",-290,419.858,2017.59,4610.6,0
"ambiguous_stem","2000-01-05 00:55:11.000",-289,419.844,2015.73,4342.6,0
"ambiguous_stem","2000-01-05 00:55:12.000",-288,420.154,2020.48,4477,0
"ambiguous_stem","2000-01-05 00:55:13.000",-287,420.186,2018.65,4418.5,0
"ambiguous_stem","2000-01-05 00:55:14.000",-286,421.09,2017.08,4492.5,0
"ambiguous_stem","2000-01-05 00:55:15.000",-285,420.522,2016.42,4653.3,0
"ambiguous_stem","2000-01-05 00:55:16.000",-284,420.982,2019.41,4164.8,0
"ambiguous_stem","2000-01-05 00:55:17.000",-283,420.264,2020.48,4739.9,0
"ambiguous_stem","2000-01-05 00:55:18.000",-282,420.799,2019.18,4576.3,0
"ambiguous_stem","2000-01-05 00:55:19.000",-281,420.98,2016.45,4458,0
"ambiguous_stem","2000-01-05 00:55:20.000",-280,421.477,2015.45,4314.2,0
"ambiguous_stem","2000-01-05 00:55:21.000",-279,420.443,2017.32,4130,0
"ambiguous_stem","2000-01-05 00:55:22.000",-278,421.677,2019.64,4368.3,0
"ambiguous_stem","2000-01-05 00:55:23.000",-277,421.825,2019.25,4638.8,0
"ambiguous_stem","2000-01-05 00:55:24.000",-276,420.93,2016.92,4377.2,0
"ambiguous_stem","2000-01-05 00:55:25.000",-275,421.049,2014.95,4295.1,0
"ambiguous_stem","2000-01-05 00:55:26.000",-274,421.683,2017.01,4867.1,0
"ambiguous_stem","2000-01-05 00:55:27.000",-273,421.61,2018.23,4479.2,0
"ambiguous_stem","2000-01-05 00:55:28.000",-272,421.373,2017.44,4360.6,0
"ambiguous_stem","2000-01-05 00:55:29.000",-271,420.93,2015.44,4446.1,0
"ambiguous_stem","2000-01-05 00:55:30.000",-270,420.795,2017.89,4447.2,0
"ambiguous_stem","2000-01-05 00:55:31.000",-269,421.074,2017.94,4311.7,0
"ambiguous_stem","2000-01-05 00:55:32.000",-268,421.529,2018,4655.5,0
"ambiguous_stem","2000-01-05 00:55:33.000",-267,421.383,2015.87,4517.2,0
"ambiguous_stem","2000-01-05 00:55:34.000",-266,421.296,2017.9,4326.3,0
"ambiguous_stem","2000-01-05 00:55:35.000",-265,420.316,2018.34,4364.5,0
"ambiguous_stem","2000-01-05 00:55:36.000",-264,420.543,2019.99,4241.4,0
"ambiguous_stem","2000-01-05 00:55:37.000",-263,421.056,2018.72,4575.5,0
"ambiguous_stem","2000-01-05 00:55:38.000",-262,421.277,2018.21,4525.7,0
"ambiguous_stem","2000-01-05 00:55:39.000",-261,420.929,2019.31,4445.1,0
"ambiguous_stem","2000-01-05 00:55:40.000",-260,420.975,2019.35,4479,0
"ambiguous_stem","2000-01-05 00:55:41.000",-259,420.299,2019.73,4224.8,0
"ambiguous_stem","2000-01-05 00:55:42.000",-258,421.196,2019.98,4184.4,0
"ambiguous_stem","2000-01-05 00:55:43.000",-257,420.771,2017.7,4498.7,0
"ambiguous_stem","2000-01-05 00:55:44.000",-256,421.248,2017.72,4538.7,0
"ambiguous_stem","2000-01-05 00:55:45.000",-255,420.512,2019.19,4327.4,0
"ambiguous_stem","2000-01-05 00:55:46.000",-254,420.738,2017.71,4258.7,0
"ambiguous_stem","2000-01-05 00:55:47.000",-253,420.598,2018.35,4463.2,0
"ambiguous_stem","2000-01-05 00:55:48.000",-252,420.812,2018.28,4389.2,0
"ambiguous_stem","2000-01-05 00:55:49.000",-251,420.752,2018.56,4115.1,0
"ambiguous_stem","2000-01-05 00:55:50.000",-250,421.095,2016.49,4292.5,0
"ambiguous_stem","2000-01-05 00:55:51.000",-249,421.652,2020.6,4058.6,0
"ambiguous_stem","2000-01-05 00:55:52.000",-248,421.321,2018.3,4322.6,0
"ambiguous_stem","2000-01-05 00:55:53.000",-247,421.638,2017.14,4224.6,0
"ambiguous_stem","2000-01-05 00:55:54.000",-246,422.195,2017.55,4418.3,0
"ambiguous_stem","2000-01-05 00:55:55.000",-245,422.096,2018.68,4399.1,0
"ambiguous_stem","2000-01-05 00:55:56.000",-244,421.88,2020.2,4166.7,0
"ambiguous_stem","2000-01-05 00:55:57.000",-243,422.683,2019.05,3985.2,0
"ambiguous_stem","2000-01-05 00:55:58.000",-242,423.029,2021.5,3723.6,0
"ambiguous_stem","2000-01-05 00:55:59.000",-241,423.268,2020.87,4439.8,0
"ambiguous_stem","2000-01-05 00:56:00.000",-240,423.623,2019.46,4193.3,0
"ambiguous_stem","2000-01-05 00:56:01.000",-239,423.359,2018.38,4114.8,0
"ambiguous_stem","2000-01-05 00:56:02.000",-238,423.462,2021.18,4311.8,0
"ambiguous_stem","2000-01-05 00:56:03.000",-237,423.498,2019.5,4073.6,0
"ambiguous_stem","2000-01-05 00:56:04.000",-236,422.742,2017.18,4083.3,0
"ambiguous_stem","2000-01-05 00:56:05.000",-235,423.095,2017.19,4058.8,0
"ambiguous_stem","2000-01-05 00:56:06.000",-234,423.647,2019.85,4037.6,0
"ambiguous_stem","2000-01-05 00:56:07.000",-233,423.364,2015.94,3938.5,0
"ambiguous_stem","2000-01-05 00:56:08.000",-232,423.839,2017.39,3918.1,0
"ambiguous_stem","2000-01-05 00:56:09.000",-231,423.539,2018.6,3885.6,0
"ambiguous_stem","2000-01-05 00:56:10.000",-230,423.781,2016.17,4140.6,0
"ambiguous_stem","2000-01-05 00:56:11.000",-229,424.086,2018.43,4078.5,0
"ambiguous_stem","2000-01-05 00:56:12.000",-228,424.017,2017.79,3929.9,0
"ambiguous_stem","2000-01-05 00:56:13.000",-227,423.15,2017.48,4016.3,0
"ambiguous_stem","2000-01-05 00:56:14.000",-226,423.811,2017.21,4010.2,0
"ambiguous_stem","2000-01-05 00:56:15.000",-225,424.765,2017.97,4067.9,0
"ambiguous_stem","2000-01-05 00:56:16.000",-224,424.625,2016.39,3698.9,0
"ambiguous_stem","2000-01-05 00:56:17.000",-223,424.033,2017.29,3931.8,0
"ambiguous_stem","2000-01-05 00:56:18.000",-222,425.182,2015.14,3819.2,0
"ambiguous_stem","2000-01-05 00:56:19.000",-221,425.034,2016.25,3824.2,0
"ambiguous_stem","2000-01-05 00:56:20.000",-220,425.183,2017,3715.3,0
"ambiguous_stem","2000-01-05 00:56:21.000",-219,426.263,2018.75,3963.8,0
"ambiguous_stem","2000-01-05 00:56:22.000",-218,425.849,2016.69,3588.6,0
"ambiguous_stem","2000-01-05 00:56:23.000",-217,425.555,2015.56,3996.4,0
"ambiguous_stem","2000-01-05 00:56:24.000",-216,426.071,2018.07,3871.8,0
"ambiguous_stem","2000-01-05 00:56:25.000",-215,427.282,2015.86,3853.5,0
"ambiguous_stem","2000-01-05 00:56:26.000",-214,427.778,2017.66,3642.7,0
"ambiguous_stem","2000-01-05 00:56:27.000",-213,427.532,2015.83,3665.8,0
"ambiguous_stem","2000-01-05 00:56:28.000",-212,427.746,2013.73,3537.9,0
"ambiguous_stem","2000-01-05 00:56:29.000",-211,428.083,2016.74,3833.7,0
"ambiguous_stem","2000-01-05 00:56:30.000",-210,428.214,2015.36,3819.1,0
"ambiguous_stem","2000-01-05 00:56:31.000",-209,428.369,2015.75,3911.6,0
"ambiguous_stem","2000-01-05 00:56:32.000",-208,428.943,2016.28,3700.4,0
"ambiguous_stem","2000-01-05 00:56:33.000",-207,429.058,2017.97,4053.5,0
"ambiguous_stem","2000-01-05 00:56:34.000",-206,429.621,2017.65,4059,0
"ambiguous_stem","2000-01-05 00:56:35.000",-205,429.905,2016,4006.6,0
"ambiguous_stem","2000-01-05 00:56:36.000",-204,430.62,2015.76,3668.5,0
"ambiguous_stem","2000-01-05 00:56:37.000",-203,430.391,2018.96,3991.5,0
"ambiguous_stem","2000-01-05 00:56:38.000",-202,430.502,2016.08,3765.2,0
"ambiguous_stem","2000-01-05 00:56:39.000",-201,431.065,2014.94,3688.1,0
"ambiguous_stem","2000-01-05 00:56:40.000",-200,431.152,2017.08,3745.7,0
"ambiguous_stem","2000-01-05 00:56:41.000",-199,430.968,2017.18,3507.2,0
"ambiguous_stem","2000-01-05 00:56:42.000",-198,430.513,2015.63,3720,0
"ambiguous_stem","2000-01-05 00:56:43.000",-197,432.118,2014.94,3714.6,0
"ambiguous_stem","2000-01-05 00:56:44.000",-196,430.801,2018.48,3775.2,0
"ambiguous_stem","2000-01-05 00:56:45.000",-195,431.67,2016.71,4014.3,0
"ambiguous_stem","2000-01-05 00:56:46.000",-194,431.266,2018.32,3914.8,0
"ambiguous_stem","2000-01-05 00:56:47.000",-193,431.358,2016.83,3953.5,0
"ambiguous_stem","2000-01-05 00:56:48.000",-192,430.749,2015.84,3630.1,0
"ambiguous_stem","2000-01-05 00:56:49.000",-191,431.182,2017.43,3779.2,0
"ambiguous_stem","2000-01-05 00:56:50.000",-190,429.997,2016.7,3726.5,0
"ambiguous_stem","2000-01-05 00:56:51.000",-189,430.453,2015,3620.5,0
"ambiguous_stem","2000-01-05 00:56:52.000",-188,430.22,2017.42,3860.8,0
"ambiguous_stem","2000-01-05 00:56:53.000",-187,429.39,2014.7,3855.7,0
"ambiguous_stem","2000-01-05 00:56:54.000",-186,428.977,2018.67,3952.9,0
"ambiguous_stem","2000-01-05 00:56:55.000",-185,428.601,2015.73,3822.1,0
"ambiguous_stem","2000-01-05 00:56:56.000",-184,427.372,2014.95,3822,0
"ambiguous_stem","2000-01-05 00:56:57.000",-183,426.691,2015.78,3875.8,0
"ambiguous_stem","2000-01-05 00:56:58.000",-182,426.847,2015.9,3547.9,0
"ambiguous_stem","2000-01-05 00:56:59.000",-181,426.675,2014.79,3736.3,0
"ambiguous_stem","2000-01-05 00:57:00.000",-180,424.568,2013.87,3707.5,0
"ambiguous_stem","2000-01-05 00:57:01.000",-179,424.33,2016.42,3851.7,0
"ambiguous_stem","2000-01-05 00:57:02.000",-178,424.36,2015.71,4079.1,0
"ambiguous_stem","2000-01-05 00:57:03.000",-177,423.281,2015.32,3801.5,0
"ambiguous_stem","2000-01-05 00:57:04.000",-176,422.514,2015.79,3838.5,0
"ambiguous_stem","2000-01-05 00:57:05.000",-175,421.362,2018.52,3985.4,0
"ambiguous_stem","2000-01-05 00:57:06.000",-174,420.787,2016.73,3813.3,0
"ambiguous_stem","2000-01-05 00:57:07.000",-173,420.366,2016.9,3952.6,0
"ambiguous_stem","2000-01-05 00:57:08.000",-172,420.366,2015.99,4097.8,0
"ambiguous_stem","2000-01-05 00:57:09.000",-171,419.335,2012.07,3478.9,0
"ambiguous_stem","2000-01-05 00:57:10.000",-170,419.495,2012.61,3971.2,0
"ambiguous_stem","2000-01-05 00:57:11.000",-169,419.24,2013.52,3927.4,0
"ambiguous_stem","2000-01-05 00:57:12.000",-168,418.141,2018.19,4182.1,0
"ambiguous_stem","2000-01-05 00:57:13.000",-167,418.411,2016.48,4098.7,0
"ambiguous_stem","2000-01-05 00:57:14.000",-166,417.103,2011.12,4021,0
"ambiguous_stem","2000-01-05 00:57:15.000",-165,416.305,2018.39,3907.7,0
"ambiguous_stem","2000-01-05 00:57:16.000",-164,416.186,2015.26,4329.5,0
"ambiguous_stem","2000-01-05 00:57:17.000",-163,415.529,2016.36,3808.3,0
"ambiguous_stem","2000-01-05 00:57:18.000",-162,415.303,2017.79,3835.7,0
"ambiguous_stem","2000-01-05 00:57:19.000",-161,416.571,2011.82,4171.2,0
"ambiguous_stem","2000-01-05 00:57:20.000",-160,415.929,2018.33,4181.4,0
"ambiguous_stem","2000-01-05 00:57:21.000",-159,414.632,2018.58,4225.8,0
"ambiguous_stem","2000-01-05 00:57:22.000",-158,415.251,2015.33,4129.3,0
"ambiguous_stem","2000-01-05 00:57:23.000",-157,414.471,2012.6,4169.4,0
"ambiguous_stem","2000-01-05 00:57:24.000",-156,414.455,2013.64,4061.2,0
"ambiguous_stem","2000-01-05 00:57:25.000",-155,413.024,2016.57,3969.5,0
"ambiguous_stem","2000-01-05 00:57:26.000",-154,413.331,2015.94,4101.5,0
"ambiguous_stem","2000-01-05 00:57:27.000",-153,412.39,2020.64,4128,0
"ambiguous_stem","2000-01-05 00:57:28.000",-152,412.646,2017.54,3887.6,0
"ambiguous_stem","2000-01-05 00:57:29.000",-151,412.186,2019.57,4340.7,0
"ambiguous_stem","2000-01-05 00:57:30.000",-150,411.455,2018.82,3919.6,0
"ambiguous_stem","2000-01-05 00:57:31.000",-149,411.376,2021.35,4121.1,0
"ambiguous_stem","2000-01-05 00:57:32.000",-148,411.722,2020.01,4225.6,0
"ambiguous_stem","2000-01-05 00:57:33.000",-147,411.697,2017.62,3707.1,0
"ambiguous_stem","2000-01-05 00:57:34.000",-146,411.437,2014.46,4352.3,0
"ambiguous_stem","2000-01-05 00:57:35.000",-145,411.059,2022.36,4249.9,0
"ambiguous_stem","2000-01-05 00:57:36.000",-144,410.849,2018.53,4316.4,0
"ambiguous_stem","2000-01-05 00:57:37.000",-143,410.259,2023.23,4203,0
"ambiguous_stem","2000-01-05 00:57:38.000",-142,410.875,2021.06,4221.7,0
"ambiguous_stem","2000-01-05 00:57:39.000",-141,410.898,2021.09,4302,0
"ambiguous_stem","2000-01-05 00:57:39.000",-141,410.85,2018.98,3964.7,0
"ambiguous_stem","2000-01-05 00:57:40.000",-140,411.079,2019.12,4236.7,0
"ambiguous_stem","2000-01-05 00:57:41.000",-139,410.425,2022.22,4321.2,0
"ambiguous_stem","2000-01-05 00:57:42.000",-138,411.157,2018.51,3880.2,0
"ambiguous_stem","2000-01-05 00:57:43.000",-137,410.984,2017.13,4234.5,0
"ambiguous_stem","2000-01-05 00:57:44.000",-136,411.311,2017.71,4048.8,0
"ambiguous_stem","2000-01-05 00:57:45.000",-135,411.924,2017.58,4415.7,0
"ambiguous_stem","2000-01-05 00:57:46.000",-134,412.306,2019.02,4182.2,0
"ambiguous_stem","2000-01-05 00:57:47.000",-133,412.759,2022.54,4123.6,0
"ambiguous_stem","2000-01-05 00:57:48.000",-132,413.542,2015.75,4214.1,0
"ambiguous_stem","2000-01-05 00:57:49.000",-131,413.891,2020.58,4487.8,0
"ambiguous_stem","2000-01-05 00:57:50.000",-130,412.731,2017.14,4103.5,0
"ambiguous_stem","2000-01-05 00:57:51.000",-129,414.233,2017.99,4054.6,0
"ambiguous_stem","2000-01-05 00:57:52.000",-128,413.823,2022.19,3970.2,0
"ambiguous_stem","2000-01-05 00:57:53.000",-127,414.905,2017.12,4303.6,0
"ambiguous_stem","2000-01-05 00:57:54.000",-126,414.49,2018.34,4005.4,0
"ambiguous_stem","2000-01-05 00:57:55.000",-125,415.254,2017.59,4327.8,0
"ambiguous_stem","2000-01-05 00:57:56.000",-124,415.253,2019.44,4188.5,0
"ambiguous_stem","2000-01-05 00:57:57.000",-123,415.988,2018.65,4313.7,0
"ambiguous_stem","2000-01-05 00:57:58.000",-122,416.069,2018.74,4234.3,0
"ambiguous_stem","2000-01-05 00:57:59.000",-121,415.924,2018.24,4174.7,0
"ambiguous_stem","2000-01-05 00:58:00.000",-120,415.482,2021.45,3920.2,0
"ambiguous_stem","2000-01-05 00:58:01.000",-119,415.786,2023.3,4317.8,0
"ambiguous_stem","2000-01-05 00:58:02.000",-118,416.603,2017.73,4022.9,0
"ambiguous_stem","2000-01-05 00:58:03.000",-117,416.485,2019.14,3953.3,0
"ambiguous_stem","2000-01-05 00:58:04.000",-116,416.102,2022.11,4145.7,0
"ambiguous_stem","2000-01-05 00:58:05.000",-115,416.216,2016.59,3898.1,0
"ambiguous_stem","2000-01-05 00:58:06.000",-114,415.391,2020.78,4225.8,0
"ambiguous_stem","2000-01-05 00:58:07.000",-113,416.427,2022.61,4320.6,0
"ambiguous_stem","2000-01-05 00:58:08.000",-112,417.161,2022.05,4164.8,0
"ambiguous_stem","2000-01-05 00:58:09.000",-111,417.716,2021.46,4396.2,0
"ambiguous_stem","2000-01-05 00:58:10.000",-110,418.617,2020.25,4194.7,0
"ambiguous_stem","2000-01-05 00:58:11.000",-109,418.554,2020.04,4122.1,0
"ambiguous_stem","2000-01-05 00:58:12.000",-108,419.326,2019.29,4108.3,0
"ambiguous_stem","2000-01-05 00:58:13.000",-107,420.08,2022.38,3975.8,0
"ambiguous_stem","2000-01-05 00:58:14.000",-106,420.661,2018.64,3925,0
"ambiguous_stem","2000-01-05 00:58:15.000",-105,422.204,2017.98,4180.8,0
"ambiguous_stem","2000-01-05 00:58:16.000",-104,424.229,2020.6,3952.5,0
"ambiguous_stem","2000-01-05 00:58:17.000",-103,426.309,2022.71,4176.4,0
"ambiguous_stem","2000-01-05 00:58:18.000",-102,426.801,2019.26,3927.4,0
"ambiguous_stem","2000-01-05 00:58:19.000",-101,417.995,2018.64,3927.4,0
"ambiguous_stem","2000-01-05 00:58:20.000",-100,408.789,2018.05,3867.5,0
"ambiguous_stem","2000-01-05 00:58:21.000",-99,402.511,2019.92,4027.8,0
"ambiguous_stem","2000-01-05 00:58:22.000",-98,397.734,2017.32,3848.5,0
"ambiguous_stem","2000-01-05 00:58:23.000",-97,394.639,2021.01,4283.9,0
"ambiguous_stem","2000-01-05 00:58:24.000",-96,392.768,2014.99,4087.9,0
"ambiguous_stem","2000-01-05 00:58:25.000",-95,392.008,2017.03,4202.1,0
"ambiguous_stem","2000-01-05 00:58:26.000",-94,390.613,2014.62,3956.1,0
"ambiguous_stem","2000-01-05 00:58:27.000",-93,389.861,2015.48,4287.4,0
"ambiguous_stem","2000-01-05 00:58:28.000",-92,389.963,2016.48,4232.6,0
"ambiguous_stem","2000-01-05 00:58:29.000",-91,389.531,2014.78,3858.9,0
"ambiguous_stem","2000-01-05 00:58:30.000",-90,389.182,2012.81,4175.6,0
"ambiguous_stem","2000-01-05 00:58:31.000",-89,389.048,2017.06,4261.8,0
"ambiguous_stem","2000-01-05 00:58:32.000",-88,388.331,2012.37,4013.3,0
"ambiguous_stem","2000-01-05 00:58:33.000",-87,388.409,2014.31,4001.3,0
"ambiguous_stem","2000-01-05 00:58:34.000",-86,388.419,2012.94,4178.6,0
"ambiguous_stem","2000-01-05 00:58:35.000",-85,388.425,2013.02,4278.2,0
"ambiguous_stem","2000-01-05 00:58:36.000",-84,388.636,2011.43,4133.2,0
"ambiguous_stem","2000-01-05 00:58:37.000",-83,389.084,2011.6,4073.7,0
"ambiguous_stem","2000-01-05 00:58:38.000",-82,388.997,2012.78,4201.4,0
"ambiguous_stem","2000-01-05 00:58:39.000",-81,389.125,2014.61,4383.2,0
"ambiguous_stem","2000-01-05 00:58:40.000",-80,388.615,2014.36,4310.7,0
"ambiguous_stem","2000-01-05 00:58:41.000",-79,388.955,2013.3,4240.9,0
"ambiguous_stem","2000-01-05 00:58:42.000",-78,388.957,2011.52,4227.1,0
"ambiguous_stem","2000-01-05 00:58:43.000",-77,388.432,2012.76,4443.3,0
"ambiguous_stem","2000-01-05 00:58:44.000",-76,389.117,2015.75,4088.7,0
"ambiguous_stem","2000-01-05 00:58:45.000",-75,388.938,2012.84,4246.3,0
"ambiguous_stem","2000-01-05 00:58:46.000",-74,388.922,2011.87,4287,0
"ambiguous_stem","2000-01-05 00:58:47.000",-73,388.618,2013.38,4094.1,0
"ambiguous_stem","2000-01-05 00:58:48.000",-72,388.893,2012.75,4653.9,0
"ambiguous_stem","2000-01-05 00:58:49.000",-71,389.234,2009.24,4197.4,0
"ambiguous_stem","2000-01-05 00:58:50.000",-70,389.713,2010.08,4382.6,0
"ambiguous_stem","2000-01-05 00:58:51.000",-69,388.417,2015.59,4302.3,0
"ambiguous_stem","2000-01-05 00:58:52.000",-68,388.989,2010.88,4140.1,0
"ambiguous_stem","2000-01-05 00:58:53.000",-67,388.756,2014.22,4307.1,0
"ambiguous_stem","2000-01-05 00:58:54.000",-66,389.508,2010.71,4193.4,0
"ambiguous_stem","2000-01-05 00:58:55.000",-65,388.714,2014.68,4492.4,0
"ambiguous_stem","2000-01-05 00:58:56.000",-64,388.318,2008.87,4480.5,0
"ambiguous_stem","2000-01-05 00:58:57.000",-63,389.069,2013.4,4566.1,0
"ambiguous_stem","2000-01-05 00:58:58.000",-62,389.632,2011.93,4546.6,0
"ambiguous_stem","2000-01-05 00:58:59.000",-61,388.874,2012.13,4336,0
"ambiguous_stem","2000-01-05 00:59:00.000",-60,388.873,2015.53,4653.9,0
"ambiguous_stem","2000-01-05 00:59:01.000",-59,389.01,2016.31,4448.4,0
"ambiguous_stem","2000-01-05 00:59:02.000",-58,387.684,2015.52,4556.4,0
"ambiguous_stem","2000-01-05 00:59:03.000",-57,388.082,2014.23,4510.5,0
"ambiguous_stem","2000-01-05 00:59:04.000",-56,388.26,2016.74,4607.8,0
"ambiguous_stem","2000-01-05 00:59:05.000",-55,387.339,2019.05,4612.2,0
"ambiguous_stem","2000-01-05 00:59:06.000",-54,387.169,2019.85,4464.3,0
"ambiguous_stem","2000-01-05 00:59:07.000",-53,387.138,2020.14,4171.2,0
"ambiguous_stem","2000-01-05 00:59:08.000",-52,386.834,2021.34,4409.4,0
"ambiguous_stem","2000-01-05 00:59:09.000",-51,386.577,2018.08,4302.8,0
"ambiguous_stem","2000-01-05 00:59:10.000",-50,386.815,2017.62,4423.3,0
"ambiguous_stem","2000-01-05 00:59:11.000",-49,387.275,2018.81,4416.1,0
"ambiguous_stem","2000-01-05 00:59:12.000",-48,386.573,2021.16,4694,0
"ambiguous_stem","2000-01-05 00:59:13.000",-47,386.856,2023.14,4803,0
"ambiguous_stem","2000-01-05 00:59:14.000",-46,386.188,2022.28,4684.6,0
"ambiguous_stem","2000-01-05 00:59:15.000",-45,385.957,2023.73,4266.3,0
"ambiguous_stem","2000-01-05 00:59:16.000",-44,385.025,2020.96,4160.9,0
"ambiguous_stem","2000-01-05 00:59:17.000",-43,385.771,2021.26,4168.5,0
"ambiguous_stem","2000-01-05 00:59:18.000",-42,385.548,2024.78,4254.7,0
"ambiguous_stem","2000-01-05 00:59:19.000",-41,384.922,2023.96,4528.2,0
"ambiguous_stem","2000-01-05 00:59:20.000",-40,386.172,2019.15,4289.6,0
"ambiguous_stem","2000-01-05 00:59:21.000",-39,386.102,2023.97,4686.3,0
"ambiguous_stem","2000-01-05 00:59:22.000",-38,385.841,2018.41,4185.1,0
"ambiguous_stem","2000-01-05 00:59:23.000",-37,385.372,2019.73,4343.4,0
"ambiguous_stem","2000-01-05 00:59:24.000",-36,385.349,2021.64,4180.1,0
"ambiguous_stem","2000-01-05 00:59:25.000",-35,385.562,2022.16,4374.1,0
"ambiguous_stem","2000-01-05 00:59:26.000",-34,386.479,2021.6,4289.4,0
"ambiguous_stem","2000-01-05 00:59:27.000",-33,386.808,2021.82,4454.6,0
"ambiguous_stem","2000-01-05 00:59:28.000",-32,386.549,2019.51,4105.8,0
"ambiguous_stem","2000-01-05 00:59:29.000",-31,387.594,2016.65,4219.5,0
"ambiguous_stem","2000-01-05 00:59:30.000",-30,388.092,2019.04,4286.1,0
"ambiguous_stem","2000-01-05 00:59:31.000",-29,387.435,2022.26,4342.8,0
"ambiguous_stem","2000-01-05 00:59:32.000",-28,388.835,2020.74,4098.6,0
"ambiguous_stem","2000-01-05 00:59:33.000",-27,389.393,2018.98,4300.1,0
"ambiguous_stem","2000-01-05 00:59:34.000",-26,388.696,2019.07,4345,0
"ambiguous_stem","2000-01-05 00:59:35.000",-25,387.642,2020.08,4198.9,0
"ambiguous_stem","2000-01-05 00:59:36.000",-24,387.802,2018.62,4009.8,0
"ambiguous_stem","2000-01-05 00:59:37.000",-23,387.486,2019.88,4399.8,0
"ambiguous_stem","2000-01-05 00:59:38.000",-22,386.85,2020.97,4492.7,0
"ambiguous_stem","2000-01-05 00:59:39.000",-21,385.947,2017.89,4295.9,0
"ambiguous_stem","2000-01-05 00:59:40.000",-20,385.697,2020.34,4372.7,0
"ambiguous_stem","2000-01-05 00:59:41.000",-19,385.13,2018.28,4281.2,0
"ambiguous_stem","2000-01-05 00:59:42.000",-18,385.287,2021.57,4497.5,0
"ambiguous_stem","2000-01-05 00:59:43.000",-17,385.742,2019.16,4263.4,0
"ambiguous_stem","2000-01-05 00:59:44.000",-16,384.992,2016.69,4300.1,0
"ambiguous_stem","2000-01-05 00:59:45.000",-15,385.791,2016.65,4296.5,0
"ambiguous_stem","2000-01-05 00:59:46.000",-14,385.516,2018.76,4334.4,0
"ambiguous_stem","2000-01-05 00:59:47.000",-13,385.431,2017.29,4215.4,0
"ambiguous_stem","2000-01-05 00:59:48.000",-12,385.146,2019.47,4287.4,0
"ambiguous_stem","2000-01-05 00:59:49.000",-11,384.625,2022.79,4161,0
"ambiguous_stem","2000-01-05 00:59:50.000",-10,384.41,2018.14,4191.3,0
"ambiguous_stem","2000-01-05 00:59:51.000",-9,384.871,2017.7,4220.7,0
"ambiguous_stem","2000-01-05 00:59:52.000",-8,384.594,2019.66,4284.9,0
"ambiguous_stem","2000-01-05 00:59:53.000",-7,384.124,2020.4,4150.8,0
"ambiguous_stem","2000-01-05 00:59:54.000",-6,384.204,2019.76,4151.6,0
"ambiguous_stem","2000-01-05 00:59:55.000",-5,383.886,2020.21,4462.2,0
"ambiguous_stem","2000-01-05 00:59:56.000",-4,385.101,2018.06,4275.7,0
"ambiguous_stem","2000-01-05 00:59:57.000",-3,385.006,2018.99,4067.2,0
"ambiguous_stem","2000-01-05 00:59:58.000",-2,383.812,2018.92,4037.3,0
"ambiguous_stem","2000-01-05 00:59:59.000",-1,383.602,2020.55,4231.4,0
"ambiguous_stem","2000-01-05 01:00:00.000",0,383.581,2019.04,4084.6,0
"ambiguous_stem","2000-01-05 01:00:01.000",1,386.099,2019.35,4207.2,0
"ambiguous_stem","2000-01-05 01:00:02.000",2,387.401,2021.05,4205.2,0
"ambiguous_stem","2000-01-05 01:00:03.000",3,388.673,2018.43,4160.5,0
"ambiguous_stem","2000-01-05 01:00:04.000",4,390.048,2019.48,4404.4,0
"ambiguous_stem","2000-01-05 01:00:05.000",5,390.504,2018.61,4136.4,0
"ambiguous_stem","2000-01-05 01:00:06.000",6,390.34,2015.72,4062.2,0
"ambiguous_stem","2000-01-05 01:00:07.000",7,389.524,2019.4,3938.8,0
"ambiguous_stem","2000-01-05 01:00:08.000",8,388.533,2015.89,3791.8,0
"ambiguous_stem","2000-01-05 01:00:09.000",9,388.67,2015.14,4201.5,0
"ambiguous_stem","2000-01-05 01:00:10.000",10,388.26,2016.28,4411.9,0
"ambiguous_stem","2000-01-05 01:00:11.000",11,387.978,2013.76,4014.7,0
"ambiguous_stem","2000-01-05 01:00:12.000",12,388.154,2010.88,4223.7,0
"ambiguous_stem","2000-01-05 01:00:13.000",13,387.833,2012.65,4059.9,0
"ambiguous_stem","2000-01-05 01:00:14.000",14,388.819,2008.5,4386.3,0
"ambiguous_stem","2000-01-05 01:00:15.000",15,387.656,2010.82,4200.3,0
"ambiguous_stem","2000-01-05 01:00:16.000",16,388.453,2009.95,4213,0
"ambiguous_stem","2000-01-05 01:00:17.000",17,387.53,2009.92,4397.2,0
"ambiguous_stem","2000-01-05 01:00:18.000",18,388.885,2007.34,4252.8,0
"ambiguous_stem","2000-01-05 01:00:19.000",19,388.154,2009.46,4437.6,0
"ambiguous_stem","2000-01-05 01:00:20.000",20,388.327,2010.23,4762.7,0
"ambiguous_stem","2000-01-05 01:00:21.000",21,388.336,2009.38,4510.1,0
"ambiguous_stem","2000-01-05 01:00:22.000",22,388.399,2007.85,4123.8,0
"ambiguous_stem","2000-01-05 01:00:23.000",23,387.69,2008.88,4504.6,0
"ambiguous_stem","2000-01-05 01:00:24.000",24,387.656,2007.82,4022.5,0
"ambiguous_stem","2000-01-05 01:00:25.000",25,388.754,2010.41,4479.5,0
"ambiguous_stem","2000-01-05 01:00:26.000",26,387.357,2009.12,3963.8,0
"ambiguous_stem","2000-01-05 01:00:27.000",27,388.141,2009.11,4284.7,0
"ambiguous_stem","2000-01-05 01:00:28.000",28,387.563,2008.48,4104.2,0
"ambiguous_stem","2000-01-05 01:00:29.000",29,387.898,2007.59,4380.9,0
"ambiguous_stem","2000-01-05 01:00:30.000",30,388.195,2008.31,4414.7,0
"ambiguous_stem","2000-01-05 01:00:31.000",31,387.524,2005.46,4486.7,0
"ambiguous_stem","2000-01-05 01:00:32.000",32,388.427,2011.74,4394.3,0
"ambiguous_stem","2000-01-05 01:00:33.000",33,388.478,2007.13,4270.5,0
"ambiguous_stem","2000-01-05 01:00:34.000",34,387.951,2006.55,4512.1,0
"ambiguous_stem","2000-01-05 01:00:35.000",35,388.722,2006.56,4891,0
"ambiguous_stem","2000-01-05 01:00:36.000",36,387.538,2005.89,4168.2,0
"ambiguous_stem","2000-01-05 01:00:37.000",37,388.275,2008.25,4338.5,0
"ambiguous_stem","2000-01-05 01:00:38.000",38,387.889,2009.3,4300.4,0
"ambiguous_stem","2000-01-05 01:00:39.000",39,387.534,2005.52,4398.8,0
"ambiguous_stem","2000-01-05 01:00:40.000",40,387.402,2007.38,4491.9,0
"ambiguous_stem","2000-01-05 01:00:41.000",41,388.555,2007.14,4570.3,0
"ambiguous_stem","2000-01-05 01:00:42.000",42,386.657,2011.17,4244.5,0
"ambiguous_stem","2000-01-05 01:00:43.000",43,386.939,2010.44,4449.5,0
"ambiguous_stem","2000-01-05 01:00:44.000",44,387.113,2008.27,4456.3,0
"ambiguous_stem","2000-01-05 01:00:45.000",45,386.804,2007.49,4478.6,0
"ambiguous_stem","2000-01-05 01:00:46.000",46,387.489,2006.83,4279.9,0
"ambiguous_stem","2000-01-05 01:00:47.000",47,387.078,2008.16,4381.7,0
"ambiguous_stem","2000-01-05 01:00:48.000",48,387.326,2003.74,4479.7,0
"ambiguous_stem","2000-01-05 01:00:49.000",49,387.903,2008.55,4463,0
"ambiguous_stem","2000-01-05 01:00:49.000",49,387.785,2008.94,4178.6,0
"ambiguous_stem","2000-01-05 01:00:50.000",50,387.758,2004.77,4315.2,0
"ambiguous_stem","2000-01-05 01:00:51.000",51,387.981,2007.47,4361.3,0
"ambiguous_stem","2000-01-05 01:00:52.000",52,388.194,2007.1,4544.8,0
"ambiguous_stem","2000-01-05 01:00:53.000",53,387.585,2007.88,4342.6,0
"ambiguous_stem","2000-01-05 01:00:54.000",54,389.241,2007.38,4521.3,0
"ambiguous_stem","2000-01-05 01:00:55.000",55,388.389,2009.3,4825.1,0
"ambiguous_stem","2000-01-05 01:00:56.000",56,388.136,2006.7,4639.3,0
"ambiguous_stem","2000-01-05 01:00:57.000",57,388.699,2008.91,4580,0
"ambiguous_stem","2000-01-05 01:00:58.000",58,388.989,2008.99,4899.9,0
"ambiguous_stem","2000-01-05 01:00:59.000",59,388.021,2007.3,4514.8,0
"ambiguous_stem","2000-01-05 01:01:00.000",60,388.771,2007.34,4749.4,0
"ambiguous_stem","2000-01-05 01:01:01.000",61,389.276,2005.45,4426,0
"ambiguous_stem","2000-01-05 01:01:02.000",62,389.038,2005.2,4470,0
"ambiguous_stem","2000-01-05 01:01:03.000",63,389.088,2004.43,4684.6,0
"ambiguous_stem","2000-01-05 01:01:04.000",64,389.304,2007.02,4604.1,0
"ambiguous_stem","2000-01-05 01:01:05.000",65,388.858,2005.77,4630,0
"ambiguous_stem","2000-01-05 01:01:06.000",66,389.122,2002.91,4506.4,0
"ambiguous_stem","2000-01-05 01:01:07.000",67,389.659,2005.01,4950.7,0
"ambiguous_stem","2000-01-05 01:01:08.000",68,389.741,2004.79,4422.3,0
"ambiguous_stem","2000-01-05 01:01:09.000",69,389.181,2007.7,4970.2,0
"ambiguous_stem","2000-01-05 01:01:10.000",70,389.464,2006.11,4633.1,0
"ambiguous_stem","2000-01-05 01:01:11.000",71,389.017,2005.86,4585.1,0
"ambiguous_stem","2000-01-05 01:01:12.000",72,389.274,2006.34,4724.9,0
"ambiguous_stem","2000-01-05 01:01:13.000",73,389.745,2006.67,4723.8,0
"ambiguous_stem","2000-01-05 01:01:14.000",74,389.572,2009.34,4796.6,0
"ambiguous_stem","2000-01-05 01:01:15.000",75,389.465,2008.16,4967.3,0
"ambiguous_stem","2000-01-05 01:01:16.000",76,389.194,2007.37,4760.9,0
"ambiguous_stem","2000-01-05 01:01:17.000",77,388.443,2002.97,4579.6,0
"ambiguous_stem","2000-01-05 01:01:18.000",78,388.633,2005.16,4725,0
"ambiguous_stem","2000-01-05 01:01:19.000",79,389.729,2006.39,5021.4,0
"ambiguous_stem","2000-01-05 01:01:20.000",80,388.499,2006.9,4683.3,0
"ambiguous_stem","2000-01-05 01:01:21.000",81,389.712,2005.58,5012.1,0
"ambiguous_stem","2000-01-05 01:01:22.000",82,389.483,2005.58,4453,0
"ambiguous_stem","2000-01-05 01:01:23.000",83,389.693,2007.75,5084.8,0
"ambiguous_stem","2000-01-05 01:01:24.000",84,389.728,2006.05,4713.7,0
"ambiguous_stem","2000-01-05 01:01:25.000",85,390.54,2006.03,5070.5,0
"ambiguous_stem","2000-01-05 01:01:26.000",86,391.027,2006.35,4941.6,0
"ambiguous_stem","2000-01-05 01:01:27.000",87,389.923,2008.39,4959.4,0
"ambiguous_stem","2000-01-05 01:01:28.000",88,389.812,2009.99,4777.4,0
"ambiguous_stem","2000-01-05 01:01:29.000",89,395.355,2011.63,4853.1,0
"ambiguous_stem","2000-01-05 01:01:30.000",90,428.904,2009.32,4921.1,0
"ambiguous_stem","2000-01-05 01:01:31.000",91,439.622,2014.59,5040.6,0
"ambiguous_stem","2000-01-05 01:01:32.000",92,429.201,2015.35,4567.6,0
"ambiguous_stem","2000-01-05 01:01:33.000",93,417.696,2015.38,4826.1,0
"ambiguous_stem","2000-01-05 01:01:34.000",94,410.399,2013.58,4521.3,0
"ambiguous_stem","2000-01-05 01:01:35.000",95,410.907,2014.99,4838.2,0
"ambiguous_stem","2000-01-05 01:01:36.000",96,411.409,2017.66,4418.1,0
"ambiguous_stem","2000-01-05 01:01:37.000",97,413.041,2016.28,4799.7,0
"ambiguous_stem","2000-01-05 01:01:38.000",98,415.808,2019.5,4490.7,0
"ambiguous_stem","2000-01-05 01:01:39.000",99,417.502,2020.09,4821.3,0
"ambiguous_stem","2000-01-05 01:01:40.000",100,418.197,2018.71,4953.3,0
"ambiguous_stem","2000-01-05 01:01:41.000",101,417.956,2017.18,4403.4,0
"ambiguous_stem","2000-01-05 01:01:42.000",102,419.205,2018.86,4410.7,0
"ambiguous_stem","2000-01-05 01:01:43.000",103,419.023,2019.38,4780.3,1
"ambiguous_stem","2000-01-05 01:01:44.000",104,419.714,2019.21,4437.9,1
"ambiguous_stem","2000-01-05 01:01:45.000",105,419.544,2016.56,5013.6,1
"ambiguous_stem","2000-01-05 01:01:46.000",106,420.564,2017.08,4543.2,1
"ambiguous_stem","2000-01-05 01:01:47.000",107,419.892,2019.76,4708.9,1
"ambiguous_stem","2000-01-05 01:01:48.000",108,420.51,2018.01,4576.9,1
"ambiguous_stem","2000-01-05 01:01:49.000",109,421.074,2020.26,4830.4,1
"ambiguous_stem","2000-01-05 01:01:50.000",110,421.113,2019.88,4717.7,1
"ambiguous_stem","2000-01-05 01:01:51.000",111,421.302,2019.61,5181.3,1
"ambiguous_stem","2000-01-05 01:01:52.000",112,420.954,2019.82,4821.3,1
"ambiguous_stem","2000-01-05 01:01:53.000",113,421.565,2017.68,4909.7,1
"ambiguous_stem","2000-01-05 01:01:54.000",114,421.119,2018.86,4844.2,1
"ambiguous_stem","2000-01-05 01:01:55.000",115,421.763,2020.19,4760.3,1
"ambiguous_stem","2000-01-05 01:01:56.000",116,420.923,2018.86,4917.2,1
"ambiguous_stem","2000-01-05 01:01:57.000",117,421.154,2021.87,4958.4,1
"ambiguous_stem","2000-01-05 01:01:58.000",118,421.689,2017.78,4476.9,1
"ambiguous_stem","2000-01-05 01:01:59.000",119,422.002,2017.45,4851.4,1
"ambiguous_stem","2000-01-05 01:02:00.000",120,423.164,2020.5,4788.5,1
"ambiguous_stem","2000-01-05 01:02:01.000",121,423.168,2019.25,5021.6,1
"ambiguous_stem","2000-01-05 01:02:02.000",122,422.507,2020.41,4638.5,1
"ambiguous_stem","2000-01-05 01:02:03.000",123,423.606,2018.77,4716.9,1
"ambiguous_stem","2000-01-05 01:02:04.000",124,423.473,2019.84,4678.5,1
"ambiguous_stem","2000-01-05 01:02:05.000",125,423.895,2018.2,4565.4,1
"ambiguous_stem","2000-01-05 01:02:06.000",126,424.651,2018.26,4643,1
"ambiguous_stem","2000-01-05 01:02:07.000",127,425.003,2021.45,4808.7,1
"ambiguous_stem","2000-01-05 01:02:08.000",128,425.32,2022.61,4819.9,1
"ambiguous_stem","2000-01-05 01:02:09.000",129,425.564,2019.66,4697.9,1
"ambiguous_stem","2000-01-05 01:02:10.000",130,426.268,2017.44,4494.9,1
"ambiguous_stem","2000-01-05 01:02:11.000",131,425.243,2019.76,4597,1
"ambiguous_stem","2000-01-05 01:02:12.000",132,425.745,2020.02,4728.4,1
"ambiguous_stem","2000-01-05 01:02:13.000",133,426.807,2017.53,4730.6,1
"ambiguous_stem","2000-01-05 01:02:14.000",134,426.693,2020.35,4870.9,1
"ambiguous_stem","2000-01-05 01:02:15.000",135,426.899,2022.23,4802.8,1
"ambiguous_stem","2000-01-05 01:02:16.000",136,427.396,2018.78,4652.9,1
"ambiguous_stem","2000-01-05 01:02:17.000",137,427.694,2015.81,4481,1
"ambiguous_stem","2000-01-05 01:02:18.000",138,427.57,2016.67,4356.8,1
"ambiguous_stem","2000-01-05 01:02:19.000",139,428.491,2018.9,4663.8,1
"ambiguous_stem","2000-01-05 01:02:20.000",140,428.739,2020.3,4898.2,1
"ambiguous_stem","2000-01-05 01:02:21.000",141,429.08,2020.53,4610.6,1
"ambiguous_stem","2000-01-05 01:02:22.000",142,428.576,2015.29,4592.6,1
"ambiguous_stem","2000-01-05 01:02:23.000",143,429.275,2019.15,4593.3,1
"ambiguous_stem","2000-01-05 01:02:24.000",144,429.551,2015.83,4854.4,1
"ambiguous_stem","2000-01-05 01:02:25.000",145,430.327,2017.12,4820.9,1
"ambiguous_stem","2000-01-05 01:02:26.000",146,430.136,2019.29,4809.1,1
"ambiguous_stem","2000-01-05 01:02:27.000",147,428.648,2019.31,4631.4,1
"ambiguous_stem","2000-01-05 01:02:28.000",148,429.62,2016.58,4619,1
"ambiguous_stem","2000-01-05 01:02:29.000",149,430.355,2021.23,4882.7,1
"ambiguous_stem","2000-01-05 01:02:30.000",150,429.869,2016.66,4685.4,1
"ambiguous_stem","2000-01-05 01:02:31.000",151,430.697,2020.57,4985.2,1
"ambiguous_stem","2000-01-05 01:02:32.000",152,430.756,2019.55,4947.1,1
"ambiguous_stem","2000-01-05 01:02:33.000",153,430.319,2018.55,4277.1,1
"ambiguous_stem","2000-01-05 01:02:34.000",154,430.288,2019.52,4790.2,1
"ambiguous_stem","2000-01-05 01:02:35.000",155,430.557,2018.44,4771.9,1
"ambiguous_stem","2000-01-05 01:02:36.000",156,430.639,2017.51,4396.1,1
"ambiguous_stem","2000-01-05 01:02:37.000",157,430.44,2018.14,4511.1,1
"ambiguous_stem","2000-01-05 01:02:38.000",158,430.834,2018.78,4741.9,1
"ambiguous_stem","2000-01-05 01:02:39.000",159,430.928,2018.46,4552.2,1
"ambiguous_stem","2000-01-05 01:02:40.000",160,431.356,2019.28,4720.4,1
"ambiguous_stem","2000-01-05 01:02:41.000",161,430.113,2016.36,4319,1
"ambiguous_stem","2000-01-05 01:02:42.000",162,432.199,2018.5,4737.1,1
"ambiguous_stem","2000-01-05 01:02:43.000",163,430.884,2018.87,4570.8,1
"ambiguous_stem","2000-01-05 01:02:44.000",164,431.039,2019.79,4386,1
"ambiguous_stem","2000-01-05 01:02:45.000",165,431.524,2017.18,4634.2,1
"ambiguous_stem","2000-01-05 01:02:46.000",166,431.032,2019.04,4330.7,1
"ambiguous_stem","2000-01-05 01:02:47.000",167,430.777,2019.26,4472.6,1
"ambiguous_stem","2000-01-05 01:02:48.000",168,431.302,2016.47,4591,1
"ambiguous_stem","2000-01-05 01:02:49.000",169,430.87,2019.89,4540.4,1
"ambiguous_stem","2000-01-05 01:02:50.000",170,430.297,2018.08,4634.3,1
"ambiguous_stem","2000-01-05 01:02:51.000",171,431.178,2020.57,4715.5,1
"ambiguous_stem","2000-01-05 01:02:52.000",172,431.131,2016.65,4396.3,1
"ambiguous_stem","2000-01-05 01:02:53.000",173,430.883,2018.05,4609.7,1
"ambiguous_stem","2000-01-05 01:02:54.000",174,430.927,2018.54,4812.1,1
"ambiguous_stem","2000-01-05 01:02:55.000",175,430.151,2019.07,4547.2,1
"ambiguous_stem","2000-01-05 01:02:56.000",176,430.568,2015.95,4455.5,1
"ambiguous_stem","2000-01-05 01:02:57.000",177,430.075,2016.76,4523.9,1
"ambiguous_stem","2000-01-05 01:02:58.000",178,430.337,2017,4283.4,1
"ambiguous_stem","2000-01-05 01:02:59.000",179,429.912,2018.97,4634.2,1
"ambiguous_stem","2000-01-05 01:03:00.000",180,429.482,2018.49,4486.9,1
"ambiguous_stem","2000-01-05 01:03:01.000",181,429.708,2016.48,4868.8,1
"ambiguous_stem","2000-01-05 01:03:02.000",182,429.216,2014.51,4268.4,1
"ambiguous_stem","2000-01-05 01:03:03.000",183,430.072,2018.58,4337.8,1
"ambiguous_stem","2000-01-05 01:03:04.000",184,430.229,2018.12,4506.6,1
"ambiguous_stem","2000-01-05 01:03:05.000",185,430.096,2019.18,4425,1
"ambiguous_stem","2000-01-05 01:03:06.000",186,428.936,2016.83,4568.6,1
"ambiguous_stem","2000-01-05 01:03:07.000",187,429.456,2017.41,4743.6,1
"ambiguous_stem","2000-01-05 01:03:08.000",188,430.413,2016.95,4631.8,1
"ambiguous_stem","2000-01-05 01:03:09.000",189,430.189,2016.99,4200.8,1
"ambiguous_stem","2000-01-05 01:03:10.000",190,430,2017.94,4730,1
"ambiguous_stem","2000-01-05 01:03:11.000",191,429.626,2019.2,4370.1,1
"ambiguous_stem","2000-01-05 01:03:12.000",192,430.265,2019.26,4533.1,1
"ambiguous_stem","2000-01-05 01:03:13.000",193,430.471,2015.97,4559.1,1
"ambiguous_stem","2000-01-05 01:03:14.000",194,430.077,2016.35,4552.5,1
"ambiguous_stem","2000-01-05 01:03:15.000",195,429.979,2014.51,4354.3,1
"ambiguous_stem","2000-01-05 01:03:16.000",196,430.115,2017.23,4474.2,1
"ambiguous_stem","2000-01-05 01:03:17.000",197,430.594,2017.3,4536.9,1
"ambiguous_stem","2000-01-05 01:03:18.000",198,429.676,2019.07,4471.6,1
"ambiguous_stem","2000-01-05 01:03:19.000",199,430.518,2016.16,4574.7,1
"ambiguous_stem","2000-01-05 01:03:20.000",200,430.234,2015.13,4604.3,1
"ambiguous_stem","2000-01-05 01:03:21.000",201,431.368,2019.96,4879.4,1
"ambiguous_stem","2000-01-05 01:03:22.000",202,430.955,2017,4275.1,1
"ambiguous_stem","2000-01-05 01:03:23.000",203,430.234,2017.98,4534,1
"ambiguous_stem","2000-01-05 01:03:24.000",204,430.172,2017.33,4714,1
"ambiguous_stem","2000-01-05 01:03:25.000",205,431.066,2016.67,4602.9,1
"ambiguous_stem","2000-01-05 01:03:26.000",206,430.787,2017.43,4484.6,1
"ambiguous_stem","2000-01-05 01:03:27.000",207,431.216,2017.18,4511.4,1
"ambiguous_stem","2000-01-05 01:03:28.000",208,430.367,2018.39,4567,1
"ambiguous_stem","2000-01-05 01:03:29.000",209,430.352,2018.99,4610.8,1
"ambiguous_stem","2000-01-05 01:03:30.000",210,430.138,2018.17,4662.4,1
"ambiguous_stem","2000-01-05 01:03:31.000",211,430.275,2016.64,4366.2,1
"ambiguous_stem","2000-01-05 01:03:32.000",212,431.057,2017.59,4594.5,1
"ambiguous_stem","2000-01-05 01:03:33.000",213,429.769,2016.45,4454.8,1
"ambiguous_stem","2000-01-05 01:03:34.000",214,430.546,2015.09,4313.2,1
"ambiguous_stem","2000-01-05 01:03:35.000",215,430.698,2020,4516.2,1
"ambiguous_stem","2000-01-05 01:03:36.000",216,430.773,2018.79,4676.7,1
"ambiguous_stem","2000-01-05 01:03:37.000",217,430.574,2015.71,4553.8,1
"ambiguous_stem","2000-01-05 01:03:38.000",218,431.154,2015.11,4659.5,1
"ambiguous_stem","2000-01-05 01:03:39.000",219,431.041,2013.84,4557.1,1
"ambiguous_stem","2000-01-05 01:03:40.000",220,430.985,2018.37,4686,1
"ambiguous_stem","2000-01-05 01:03:41.000",221,431.12,2014.48,4605.9,1
"ambiguous_stem","2000-01-05 01:03:42.000",222,431.486,2018.65,5007.5,1
"ambiguous_stem","2000-01-05 01:03:43.000",223,430.62,2016.54,4571.4,1
"ambiguous_stem","2000-01-05 01:03:44.000",224,430.491,2018.16,4533.5,1
"ambiguous_stem","2000-01-05 01:03:45.000",225,431.178,2016.7,4762.7,1
"ambiguous_stem","2000-01-05 01:03:46.000",226,430.594,2015.79,4314.3,1
"ambiguous_stem","2000-01-05 01:03:47.000",227,431.543,2016.51,4610,1
"ambiguous_stem","2000-01-05 01:03:48.000",228,431.189,2019.71,4594.5,1
"ambiguous_stem","2000-01-05 01:03:49.000",229,431.102,2018.49,4598.6,1
"ambiguous_stem","2000-01-05 01:03:50.000",230,432.231,2016.78,4647,1
"ambiguous_stem","2000-01-05 01:03:51.000",231,431.888,2018.74,4968.1,1
"ambiguous_stem","2000-01-05 01:03:52.000",232,433.19,2017.6,4607.2,1
"ambiguous_stem","2000-01-05 01:03:53.000",233,432.483,2018.84,4898.9,1
"ambiguous_stem","2000-01-05 01:03:53.000",233,433.064,2019.26,4727,1
"ambiguous_stem","2000-01-05 01:03:54.000",234,432.866,2019.26,4719.7,1
"ambiguous_stem","2000-01-05 01:03:55.000",235,432.292,2019.22,4861.8,1
"ambiguous_stem","2000-01-05 01:03:56.000",236,432.349,2016.13,4543.9,1
"ambiguous_stem","2000-01-05 01:03:57.000",237,433.623,2018.83,4658.3,1
"ambiguous_stem","2000-01-05 01:03:58.000",238,433.549,2017.18,4521.2,1
"ambiguous_stem","2000-01-05 01:03:59.000",239,434.903,2019.88,5223,1
"ambiguous_stem","2000-01-05 01:04:00.000",240,434.066,2018.99,4659,1
"ambiguous_stem","2000-01-05 01:04:01.000",241,434.754,2021.19,4942.9,1
"ambiguous_stem","2000-01-05 01:04:02.000",242,435.35,2017.25,4392.3,1
"ambiguous_stem","2000-01-05 01:04:03.000",243,435.378,2019.64,4534.8,1
"ambiguous_stem","2000-01-05 01:04:04.000",244,435.296,2021.81,4477.1,1
"ambiguous_stem","2000-01-05 01:04:05.000",245,436.898,2021.52,4772.2,1
"ambiguous_stem","2000-01-05 01:04:06.000",246,436.766,2017.57,4755,1
"ambiguous_stem","2000-01-05 01:04:07.000",247,437.169,2016.81,4734.9,1
"ambiguous_stem","2000-01-05 01:04:08.000",248,437.817,2021.63,4712.3,1
"ambiguous_stem","2000-01-05 01:04:09.000",249,438.612,2017.04,4811.4,1
"ambiguous_stem","2000-01-05 01:04:10.000",250,438.187,2018.91,4896.5,1
"ambiguous_stem","2000-01-05 01:04:11.000",251,439.048,2018.02,4881.9,1
"ambiguous_stem","2000-01-05 01:04:12.000",252,439.015,2018.81,5071.6,1
"ambiguous_stem","2000-01-05 01:04:13.000",253,438.24,2018.23,5021.9,1
"ambiguous_stem","2000-01-05 01:04:14.000",254,438.499,2022.56,4676.8,1
"ambiguous_stem","2000-01-05 01:04:15.000",255,437.82,2017.73,4567.5,1
"ambiguous_stem","2000-01-05 01:04:16.000",256,438.251,2021.66,4846.6,1
"ambiguous_stem","2000-01-05 01:04:17.000",257,437.822,2019.06,4735.3,1
"ambiguous_stem","2000-01-05 01:04:18.000",258,437.302,2020.45,4823.8,1
"ambiguous_stem","2000-01-05 01:04:19.000",259,436.992,2018.85,4978.7,1
"ambiguous_stem","2000-01-05 01:04:20.000",260,437.256,2019.35,4875,1
"ambiguous_stem","2000-01-05 01:04:21.000",261,436.651,2017,4858.4,1
"ambiguous_stem","2000-01-05 01:04:22.000",262,436.006,2020.82,4973.3,1
"ambiguous_stem","2000-01-05 01:04:23.000",263,434.862,2022.1,5058.8,1
"ambiguous_stem","2000-01-05 01:04:24.000",264,434.637,2019.85,4889.9,1
"ambiguous_stem","2000-01-05 01:04:25.000",265,435.111,2019.86,4971.9,1
"ambiguous_stem","2000-01-05 01:04:26.000",266,432.85,2020.03,4934.6,1
"ambiguous_stem","2000-01-05 01:04:27.000",267,433.666,2018.48,4964,1
"ambiguous_stem","2000-01-05 01:04:28.000",268,432.132,2018.86,4815.6,1
"ambiguous_stem","2000-01-05 01:04:29.000",269,432.26,2019.47,4918.5,1
"ambiguous_stem","2000-01-05 01:04:30.000",270,431.882,2020.29,4992.2,1
"ambiguous_stem","2000-01-05 01:04:31.000",271,431.699,2019.12,5009,1
"ambiguous_stem","2000-01-05 01:04:32.000",272,430.744,2020.63,4963.5,1
"ambiguous_stem","2000-01-05 01:04:33.000",273,432.022,2020.86,5085.1,1
"ambiguous_stem","2000-01-05 01:04:34.000",274,430.628,2020,4958.1,1
"ambiguous_stem","2000-01-05 01:04:35.000",275,429.934,2019.79,4775.2,1
"ambiguous_stem","2000-01-05 01:04:36.000",276,429.357,2020.34,5077.9,1
"ambiguous_stem","2000-01-05 01:04:37.000",277,429.147,2020.22,4876.5,1
"ambiguous_stem","2000-01-05 01:04:38.000",278,428.665,2018.74,5213.6,1
"ambiguous_stem","2000-01-05 01:04:39.000",279,428.744,2021.02,5112.7,1
"ambiguous_stem","2000-01-05 01:04:40.000",280,428.289,2022.13,5273.4,1
"ambiguous_stem","2000-01-05 01:04:41.000",281,427.968,2021.08,5089.8,1
"ambiguous_stem","2000-01-05 01:04:42.000",282,426.755,2021.17,4939.2,1
"ambiguous_stem","2000-01-05 01:04:43.000",283,427.169,2020.61,4930.5,1
"ambiguous_stem","2000-01-05 01:04:44.000",284,426.667,2019.65,4986.8,1
"ambiguous_stem","2000-01-05 01:04:45.000",285,427.156,2020.72,5169.2,1
"ambiguous_stem","2000-01-05 01:04:46.000",286,426.486,2021.03,4934.8,1
"ambiguous_stem","2000-01-05 01:04:47.000",287,426.37,2023.07,5006.2,1
"ambiguous_stem","2000-01-05 01:04:48.000",288,425.771,2021.46,4994,1
"ambiguous_stem","2000-01-05 01:04:49.000",289,425.224,2019.56,4836.6,1
"ambiguous_stem","2000-01-05 01:04:50.000",290,426.142,2023.79,5055.5,1
"ambiguous_stem","2000-01-05 01:04:51.000",291,426.123,2019.48,5005.4,1
"ambiguous_stem","2000-01-05 01:04:52.000",292,425.659,2020.61,5088.4,1
"ambiguous_stem","2000-01-05 01:04:53.000",293,425.115,2019.74,5247.5,1
"ambiguous_stem","2000-01-05 01:04:54.000",294,426.044,2021.42,5081.3,1
"ambiguous_stem","2000-01-05 01:04:55.000",295,425.446,2020.6,4906.4,1
"ambiguous_stem","2000-01-05 01:04:56.000",296,425.2,2021.1,5077,1
"ambiguous_stem","2000-01-05 01:04:57.000",297,425.324,2021.71,4975.4,1
"ambiguous_stem","2000-01-05 01:04:58.000",298,425.649,2018.63,5137.6,1
"ambiguous_stem","2000-01-05 01:04:59.000",299,425.102,2021.01,5145,1
"ambiguous_stem","2000-01-05 01:05:00.000",300,426.287,2020.51,5130.4,1
"ambiguous_stem","2000-01-05 01:05:01.000",301,425.241,2020.06,4975.2,1
"ambiguous_stem","2000-01-05 01:05:02.000",302,426.151,2020.48,5300.8,1
"ambiguous_stem","2000-01-05 01:05:03.000",303,425.798,2020.44,4938.1,1
"ambiguous_stem","2000-01-05 01:05:04.000",304,426.266,2020.05,5043,1
"ambiguous_stem","2000-01-05 01:05:05.000",305,425.612,2022.25,5314,1
"ambiguous_stem","2000-01-05 01:05:06.000",306,425.504,2021.95,4857.2,1
"ambiguous_stem","2000-01-05 01:05:07.000",307,426.26,2021.77,4877.8,1
"ambiguous_stem","2000-01-05 01:05:08.000",308,425.77,2018,4978.7,1
"ambiguous_stem","2000-01-05 01:05:09.000",309,426.426,2022.41,5215.2,1
"ambiguous_stem","2000-01-05 01:05:10.000",310,426.056,2019.27,4937.5,1
"ambiguous_stem","2000-01-05 01:05:11.000",311,425.633,2020.38,5271.1,1
"ambiguous_stem","2000-01-05 01:05:12.000",312,426.594,2019.23,5207.3,1
"ambiguous_stem","2000-01-05 01:05:13.000",313,425.44,2021.25,4996.3,1
"ambiguous_stem","2000-01-05 01:05:14.000",314,426.131,2017.42,4947.8,1
"ambiguous_stem","2000-01-05 01:05:15.000",315,426.397,2017.99,5133.3,1
"ambiguous_stem","2000-01-05 01:05:16.000",316,425.863,2021.3,5268.8,1
"ambiguous_stem","2000-01-05 01:05:17.000",317,425.99,2020.24,5180.6,1
"ambiguous_stem","2000-01-05 01:05:18.000",318,425.919,2019.25,5262.8,1
"ambiguous_stem","2000-01-05 01:05:19.000",319,426.093,2020.37,5198.8,1
"ambiguous_stem","2000-01-05 01:05:20.000",320,425.773,2019.29,4981.4,1
"ambiguous_stem","2000-01-05 01:05:21.000",321,426.555,2021.3,5089.4,1
"ambiguous_stem","2000-01-05 01:05:22.000",322,425.691,2017.05,4767,1
"ambiguous_stem","2000-01-05 01:05:23.000",323,425.323,2018.27,5000.7,1
"ambiguous_stem","2000-01-05 01:05:24.000",324,425.277,2018.9,5260.8,1
"ambiguous_stem","2000-01-05 01:05:25.000",325,425.617,2018.37,5057.9,1
"ambiguous_stem","2000-01-05 01:05:26.000",326,425.538,2021.38,5504.5,1
"ambiguous_stem","2000-01-05 01:05:27.000",327,426.139,2020.23,5189,1
"ambiguous_stem","2000-01-05 01:05:28.000",328,425.846,2018.4,4939.2,1
"ambiguous_stem","2000-01-05 01:05:29.000",329,426.575,2018.61,5115.5,1
"ambiguous_stem","2000-01-05 01:05:30.000",330,426.077,2020.48,5026.3,1
"ambiguous_stem","2000-01-05 01:05:31.000",331,425.839,2021.14,5369.8,1
"ambiguous_stem","2000-01-05 01:05:32.000",332,426.158,2018.36,5207.9,1
"ambiguous_stem","2000-01-05 01:05:33.000",333,426.62,2020.71,5204.9,1
"ambiguous_stem","2000-01-05 01:05:34.000",334,427.262,2018.77,5311.1,1
"ambiguous_stem","2000-01-05 01:05:35.000",335,426.52,2018.77,5293.9,1
"ambiguous_stem","2000-01-05 01:05:36.000",336,425.823,2017.39,4930.1,1
"ambiguous_stem","2000-01-05 01:05:37.000",337,426.716,2020.77,5406.3,1
"ambiguous_stem","2000-01-05 01:05:38.000",338,427.531,2022.46,5228.4,1
"ambiguous_stem","2000-01-05 01:05:39.000",339,427.63,2020.36,5314,1
"ambiguous_stem","2000-01-05 01:05:40.000",340,426.625,2018.57,5267.7,1
"ambiguous_stem","2000-01-05 01:05:41.000",341,426.921,2019.58,5267.1,1
"ambiguous_stem","2000-01-05 01:05:42.000",342,427.639,2019.63,5194.6,1
"ambiguous_stem","2000-01-05 01:05:43.000",343,427.509,2015.95,5074.3,1
"ambiguous_stem","2000-01-05 01:05:44.000",344,427.472,2019.51,5265.5,1
"ambiguous_stem","2000-01-05 01:05:45.000",345,427.729,2020.39,5014.8,1
"ambiguous_stem","2000-01-05 01:05:46.000",346,428.681,2018.89,5259.5,1
"ambiguous_stem","2000-01-05 01:05:47.000",347,428.018,2020.61,5294.4,1
"ambiguous_stem","2000-01-05 01:05:48.000",348,428.286,2021.29,5143.3,1
"ambiguous_stem","2000-01-05 01:05:49.000",349,428.828,2019.75,5161.8,1
"ambiguous_stem","2000-01-05 01:05:50.000",350,428.287,2018.02,5281,1
"ambiguous_stem","2000-01-05 01:05:51.000",351,429.463,2019.85,5371.2,1
"ambiguous_stem","2000-01-05 01:05:52.000",352,429.561,2022.93,5486,1
"ambiguous_stem","2000-01-05 01:05:53.000",353,428.54,2022.67,5121.1,1
"ambiguous_stem","2000-01-05 01:05:54.000",354,429.672,2019.04,5168.8,1
"ambiguous_stem","2000-01-05 01:05:55.000",355,428.89,2018.5,5520.6,1
"ambiguous_stem","2000-01-05 01:05:56.000",356,428.863,2020.98,5264.3,1
"ambiguous_stem","2000-01-05 01:05:57.000",357,429.309,2020.24,5211.6,1
"ambiguous_stem","2000-01-05 01:05:58.000",358,429.582,2017.5,5180.4,1
"ambiguous_stem","2000-01-05 01:05:59.000",359,428.68,2020.69,5144.7,1
"ambiguous_stem","2000-01-05 01:06:00.000",360,430.121,2019.88,5157.7,1
"ambiguous_stem","2000-01-05 01:06:01.000",361,429.522,2023.2,5356.2,1
"ambiguous_stem","2000-01-05 01:06:02.000",362,428.775,2018.23,5157.2,1
"ambiguous_stem","2000-01-05 01:06:03.000",363,429.896,2019.68,5273,1
"ambiguous_stem","2000-01-05 01:06:04.000",364,430.88,2021.5,5065,1
"ambiguous_stem","2000-01-05 01:06:05.000",365,429.982,2019.64,5208.1,1
"ambiguous_stem","2000-01-05 01:06:06.000",366,430.05,2022.02,5333.6,1
"ambiguous_stem","2000-01-05 01:06:07.000",367,430.611,2021.02,5170.6,1
"ambiguous_stem","2000-01-05 01:06:08.000",368,430.529,2016.92,4687.8,1
"ambiguous_stem","2000-01-05 01:06:09.000",369,430.321,2022.39,5512.9,1
"ambiguous_stem","2000-01-05 01:06:10.000",370,429.75,2019.93,5087.6,1
"ambiguous_stem","2000-01-05 01:06:11.000",371,429.523,2019.09,5192.8,1
"ambiguous_stem","2000-01-05 01:06:12.000",372,430.403,2020.35,5330.3,1
"ambiguous_stem","2000-01-05 01:06:13.000",373,430.573,2018.32,4971.1,1
"ambiguous_stem","2000-01-05 01:06:14.000",374,430.882,2020.4,5050.1,1
"ambiguous_stem","2000-01-05 01:06:15.000",375,430.17,2018.2,5460.2,1
"ambiguous_stem","2000-01-05 01:06:16.000",376,431.223,2017.61,5155,1
"ambiguous_stem","2000-01-05 01:06:17.000",377,429.858,2018.23,5265.2,1
"ambiguous_stem","2000-01-05 01:06:18.000",378,430.215,2017.89,5109,1
"ambiguous_stem","2000-01-05 01:06:19.000",379,430.159,2018.61,4999.1,1
"ambiguous_stem","2000-01-05 01:06:20.000",380,430.184,2020.06,5260.5,1
"ambiguous_stem","2000-01-05 01:06:21.000",381,431.407,2019.15,5160.7,1
"ambiguous_stem","2000-01-05 01:06:22.000",382,430.461,2017.82,5299.1,1
"ambiguous_stem","2000-01-05 01:06:23.000",383,431.27,2020.25,5181.9,1
"ambiguous_stem","2000-01-05 01:06:24.000",384,431.847,2019.05,5491.3,1
"ambiguous_stem","2000-01-05 01:06:25.000",385,430.164,2020.35,5080.1,1
"ambiguous_stem","2000-01-05 01:06:26.000",386,431.726,2019.81,5019.8,1
"ambiguous_stem","2000-01-05 01:06:27.000",387,431.385,2017.53,5257.5,1
"ambiguous_stem","2000-01-05 01:06:28.000",388,431.987,2017.99,5278.8,1
"ambiguous_stem","2000-01-05 01:06:29.000",389,432.031,2017.6,5355.6,1
"ambiguous_stem","2000-01-05 01:06:30.000",390,431.262,2018.57,5198.2,1
"ambiguous_stem","2000-01-05 01:06:31.000",391,431.041,2017.71,5065.5,1
"ambiguous_stem","2000-01-05 01:06:32.000",392,431.606,2021.85,5181.6,1
"ambiguous_stem","2000-01-05 01:06:33.000",393,430.913,2019.48,5297,1
"ambiguous_stem","2000-01-05 01:06:34.000",394,431.399,2020.99,5139.5,1
"ambiguous_stem","2000-01-05 01:06:35.000",395,431.251,2018.57,5413,1
"ambiguous_stem","2000-01-05 01:06:36.000",396,430.588,2020,5463.7,1
"ambiguous_stem","2000-01-05 01:06:37.000",397,431.539,2019.35,5237.1,1
"ambiguous_stem","2000-01-05 01:06:38.000",398,431.002,2019.03,5220.1,1
"ambiguous_stem","2000-01-05 01:06:39.000",399,430.742,2020.21,5136.2,1
"ambiguous_stem","2000-01-05 01:06:40.000",400,431.761,2018.88,4986.3,1
"ambiguous_stem","2000-01-05 01:06:41.000",401,432.079,2019.24,5221.9,1
"ambiguous_stem","2000-01-05 01:06:42.000",402,430.996,2019.24,4960.8,1
"ambiguous_stem","2000-01-05 01:06:43.000",403,431.426,2019.63,5030.4,1
"ambiguous_stem","2000-01-05 01:06:44.000",404,431.304,2019.72,5064.4,1
"ambiguous_stem","2000-01-05 01:06:45.000",405,432.32,2020.72,5059.7,1
"ambiguous_stem","2000-01-05 01:06:46.000",406,431.391,2018.77,5243.1,1
"ambiguous_stem","2000-01-05 01:06:47.000",407,431.845,2019.96,4975.8,1
"ambiguous_stem","2000-01-05 01:06:48.000",408,431.486,2021.07,5362.4,1
"ambiguous_stem","2000-01-05 01:06:49.000",409,431.406,2019.75,5134.6,1
"ambiguous_stem","2000-01-05 01:06:50.000",410,431.324,2019.72,5195,1
"ambiguous_stem","2000-01-05 01:06:51.000",411,430.894,2017.89,4880.6,1
"ambiguous_stem","2000-01-05 01:06:52.000",412,430.899,2019.48,5058.1,1
"ambiguous_stem","2000-01-05 01:06:53.000",413,430.899,2019.44,5396.6,1
"ambiguous_stem","2000-01-05 01:06:54.000",414,431.843,2019.12,4951.5,1
"ambiguous_stem","2000-01-05 01:06:55.000",415,430.986,2016.89,4943.6,1
"ambiguous_stem","2000-01-05 01:06:56.000",416,430.201,2017.24,5140.2,1
"ambiguous_stem","2000-01-05 01:06:56.000",416,431.315,2021.1,4961.7,1
"ambiguous_stem","2000-01-05 01:06:57.000",417,430.544,2019.32,5277.6,1
"ambiguous_stem","2000-01-05 01:06:58.000",418,430.433,2016.39,5140.5,1
"ambiguous_stem","2000-01-05 01:06:59.000",419,431.607,2017.57,5083.2,1
"ambiguous_stem","2000-01-05 01:07:00.000",420,430.194,2018.18,5634.4,1
"ambiguous_stem","2000-01-05 01:07:01.000",421,430.479,2021.77,5172.9,1
"ambiguous_stem","2000-01-05 01:07:02.000",422,431.204,2020.42,5323.7,1
"ambiguous_stem","2000-01-05 01:07:03.000",423,431.347,2020.62,5084.5,1
"ambiguous_stem","2000-01-05 01:07:04.000",424,431.412,2018.97,5020,1
"ambiguous_stem","2000-01-05 01:07:05.000",425,430.354,2021.16,5126.8,1
"ambiguous_stem","2000-01-05 01:07:06.000",426,430.77,2015.86,5140.4,1
"ambiguous_stem","2000-01-05 01:07:07.000",427,430.772,2017.59,5167,1
"ambiguous_stem","2000-01-05 01:07:08.000",428,430.275,2016.38,5084.3,1
"ambiguous_stem","2000-01-05 01:07:09.000",429,430.302,2019.09,4891,1
"ambiguous_stem","2000-01-05 01:07:10.000",430,429.927,2020.48,5257.7,1
"ambiguous_stem","2000-01-05 01:07:11.000",431,431.047,2019.49,5298.4,1
"ambiguous_stem","2000-01-05 01:07:12.000",432,429.889,2019.19,5308.9,1
"ambiguous_stem","2000-01-05 01:07:13.000",433,430.791,2018.69,5204.8,1
"ambiguous_stem","2000-01-05 01:07:14.000",434,430.35,2019.37,5144.4,1
"ambiguous_stem","2000-01-05 01:07:15.000",435,430.234,2019.22,5344.2,1
"ambiguous_stem","2000-01-05 01:07:16.000",436,429.416,2021.86,5056.1,1
"ambiguous_stem","2000-01-05 01:07:17.000",437,429.842,2017.68,5188.5,1
"ambiguous_stem","2000-01-05 01:07:18.000",438,430.094,2017.28,5195.3,1
"ambiguous_stem","2000-01-05 01:07:19.000",439,429.15,2019.27,5291.8,1
"ambiguous_stem","2000-01-05 01:07:20.000",440,429.978,2019.58,5365.7,1
"ambiguous_stem","2000-01-05 01:07:21.000",441,430.262,2017.09,5019.8,1
"ambiguous_stem","2000-01-05 01:07:22.000",442,430.13,2018.19,5064.5,1
"ambiguous_stem","2000-01-05 01:07:23.000",443,429.619,2019.55,5176.7,1
"ambiguous_stem","2000-01-05 01:07:24.000",444,430.258,2019.03,5039.7,1
"ambiguous_stem","2000-01-05 01:07:25.000",445,429.961,2016.58,4980.7,1
"ambiguous_stem","2000-01-05 01:07:26.000",446,429.679,2017.29,5124.1,1
"ambiguous_stem","2000-01-05 01:07:27.000",447,429.844,2017.16,5016.4,1
"ambiguous_stem","2000-01-05 01:07:28.000",448,429.433,2018.28,5067.6,1
"ambiguous_stem","2000-01-05 01:07:29.000",449,428.827,2017.08,5020.8,1
"ambiguous_stem","2000-01-05 01:07:30.000",450,428.948,2016.43,5141.6,1
"ambiguous_stem","2000-01-05 01:07:31.000",451,429.034,2017.08,4900,1
"ambiguous_stem","2000-01-05 01:07:32.000",452,429.321,2016.42,4953.2,1
"ambiguous_stem","2000-01-05 01:07:33.000",453,429.436,2018.38,4878.9,1
"ambiguous_stem","2000-01-05 01:07:34.000",454,429.756,2016.96,4862.8,1
"ambiguous_stem","2000-01-05 01:07:35.000",455,429.136,2018.75,5108.2,1
"ambiguous_stem","2000-01-05 01:07:36.000",456,429.754,2017.28,5201.2,1
"ambiguous_stem","2000-01-05 01:07:37.000",457,429.025,2017.06,5139.3,1
"ambiguous_stem","2000-01-05 01:07:38.000",458,428.375,2014.86,5265.1,1
"ambiguous_stem","2000-01-05 01:07:39.000",459,428.986,2016.64,5116.6,1
"ambiguous_stem","2000-01-05 01:07:40.000",460,427.922,2016.49,4979.6,1
"ambiguous_stem","2000-01-05 01:07:41.000",461,428.273,2018.15,4995.5,1
"ambiguous_stem","2000-01-05 01:07:42.000",462,428.827,2018.07,5136.2,1
"ambiguous_stem","2000-01-05 01:07:43.000",463,428.429,2018.59,5072.4,1
"ambiguous_stem","2000-01-05 01:07:44.000",464,429.06,2015.39,5068.6,1
"ambiguous_stem","2000-01-05 01:07:45.000",465,428.368,2016.64,5194.2,1
"ambiguous_stem","2000-01-05 01:07:46.000",466,429.214,2019.12,5394.7,1
"ambiguous_stem","2000-01-05 01:07:47.000",467,428.758,2018.65,5031.4,1
"ambiguous_stem","2000-01-05 01:07:48.000",468,429.338,2017.07,5182.6,1
"ambiguous_stem","2000-01-05 01:07:49.000",469,428.001,2016.57,5049,1
"ambiguous_stem","2000-01-05 01:07:50.000",470,428.206,2015.72,5138.8,1
"ambiguous_stem","2000-01-05 01:07:51.000",471,428.181,2016.66,4928.9,1
"ambiguous_stem","2000-01-05 01:07:52.000",472,428.462,2018,4967,1
"ambiguous_stem","2000-01-05 01:07:53.000",473,428.657,2016.75,5397.3,1
"ambiguous_stem","2000-01-05 01:07:54.000",474,427.622,2016.79,4858.4,1
"ambiguous_stem","2000-01-05 01:07:55.000",475,428.059,2014.61,4912.8,1
"ambiguous_stem","2000-01-05 01:07:56.000",476,428.319,2015.31,5162.9,1
"ambiguous_stem","2000-01-05 01:07:57.000",477,428.247,2017.04,5029,1
"ambiguous_stem","2000-01-05 01:07:58.000",478,427.499,2018.22,5205,1
"ambiguous_stem","2000-01-05 01:07:59.000",479,428.053,2018.84,5062.5,1
"ambiguous_stem","2000-01-05 01:08:00.000",480,427.254,2016.84,5054.2,1
"ambiguous_stem","2000-01-05 01:08:01.000",481,428.49,2015.57,5084.1,1
"ambiguous_stem","2000-01-05 01:08:02.000",482,428.388,2018.29,5071.7,1
"ambiguous_stem","2000-01-05 01:08:03.000",483,428.229,2015.88,5150.9,1
"ambiguous_stem","2000-01-05 01:08:04.000",484,428.663,2016.95,5399,1
"ambiguous_stem","2000-01-05 01:08:05.000",485,428.069,2017.94,5159.2,1
"ambiguous_stem","2000-01-05 01:08:06.000",486,427.992,2015.05,5090.3,1
"ambiguous_stem","2000-01-05 01:08:07.000",487,427.999,2015.71,4999.3,1
"ambiguous_stem","2000-01-05 01:08:08.000",488,427.313,2017.39,5139,1
"ambiguous_stem","2000-01-05 01:08:09.000",489,428.036,2019.57,5189.7,1
"ambiguous_stem","2000-01-05 01:08:10.000",490,428.12,2018.02,5035.3,1
"ambiguous_stem","2000-01-05 01:08:11.000",491,427.81,2016.38,5021.5,1
"ambiguous_stem","2000-01-05 01:08:12.000",492,428.262,2014.12,4995.7,1
"ambiguous_stem","2000-01-05 01:08:13.000",493,427.865,2016.44,5143.9,1
"ambiguous_stem","2000-01-05 01:08:14.000",494,427.678,2014.83,4993.3,1
"ambiguous_stem","2000-01-05 01:08:15.000",495,428.474,2015.56,5137.8,1
"ambiguous_stem","2000-01-05 01:08:16.000",496,428.273,2016.05,4992.6,1
"ambiguous_stem","2000-01-05 01:08:17.000",497,427.707,2013.26,4724.4,1
"ambiguous_stem","2000-01-05 01:08:18.000",498,428.066,2016.98,5075.4,1
"ambiguous_stem","2000-01-05 01:08:19.000",499,427.87,2017.19,5178.9,1
"ambiguous_stem","2000-01-05 01:08:20.000",500,427.536,2019.54,5315.8,1
"ambiguous_stem","2000-01-05 01:08:21.000",501,426.988,2016.14,4963.7,1
"ambiguous_stem","2000-01-05 01:08:22.000",502,427.806,2016.78,5062.3,1
"ambiguous_stem","2000-01-05 01:08:23.000",503,427.921,2017.55,5008.2,1
"ambiguous_stem","2000-01-05 01:08:24.000",504,427.897,2014.02,5028.9,1
"ambiguous_stem","2000-01-05 01:08:25.000",505,427.985,2017.18,5008.4,1
"ambiguous_stem","2000-01-05 01:08:26.000",506,427.604,2017.16,4994.9,1
"ambiguous_stem","2000-01-05 01:08:27.000",507,427.982,2015.47,4930.5,1
"ambiguous_stem","2000-01-05 01:08:28.000",508,427.665,2017.28,4922,1
"ambiguous_stem","2000-01-05 01:08:29.000",509,427.614,2016.57,4842.4,1
"ambiguous_stem","2000-01-05 01:08:30.000",510,428.652,2016.36,5016.3,1
"ambiguous_stem","2000-01-05 01:08:31.000",511,427.575,2016.91,5082.3,1
"ambiguous_stem","2000-01-05 01:08:32.000",512,427.119,2016.06,4829.6,1
"ambiguous_stem","2000-01-05 01:08:33.000",513,428.229,2016.86,5023.9,1
"ambiguous_stem","2000-01-05 01:08:34.000",514,427.606,2015.36,5054.7,1
"ambiguous_stem","2000-01-05 01:08:35.000",515,427.238,2016.32,4820.8,1
"ambiguous_stem","2000-01-05 01:08:36.000",516,426.979,2017.84,5027.6,1
"ambiguous_stem","2000-01-05 01:08:37.000",517,426.71,2015.3,4858.3,1
"ambiguous_stem","2000-01-05 01:08:38.000",518,428.292,2014.96,4938.2,1
"ambiguous_stem","2000-01-05 01:08:39.000",519,427.866,2018.34,4767.4,1
"ambiguous_stem","2000-01-05 01:08:40.000",520,427.387,2016.94,4965.5,1
"ambiguous_stem","2000-01-05 01:08:41.000",521,427.705,2018.27,4994.6,1
"ambiguous_stem","2000-01-05 01:08:42.000",522,427.421,2016.32,4863.8,1
"ambiguous_stem","2000-01-05 01:08:43.000",523,427.957,2016.36,5054.9,1
"ambiguous_stem","2000-01-05 01:08:44.000",524,427.03,2018.56,4926,1
"ambiguous_stem","2000-01-05 01:08:45.000",525,427.508,2017.14,4971.7,1
"ambiguous_stem","2000-01-05 01:08:46.000",526,428.469,2014.82,5080.7,1
"ambiguous_stem","2000-01-05 01:08:47.000",527,428.513,2017.18,4885.5,1
"ambiguous_stem","2000-01-05 01:08:48.000",528,427.702,2018.14,5046.3,1
"ambiguous_stem","2000-01-05 01:08:49.000",529,427.628,2017.22,4678.1,1
"ambiguous_stem","2000-01-05 01:08:50.000",530,428.196,2017.61,4912.7,1
"ambiguous_stem","2000-01-05 01:08:51.000",531,428.266,2014.16,4792.6,1
"ambiguous_stem","2000-01-05 01:08:52.000",532,428.727,2019.78,4911.7,1
"ambiguous_stem","2000-01-05 01:08:53.000",533,428.405,2016.92,4746.4,1
"ambiguous_stem","2000-01-05 01:08:54.000",534,427.689,2016.89,4801.1,1
"ambiguous_stem","2000-01-05 01:08:55.000",535,427.952,2017.43,4894.4,1
"ambiguous_stem","2000-01-05 01:08:56.000",536,428.068,2021.06,5323.9,1
"ambiguous_stem","2000-01-05 01:08:57.000",537,427.911,2017.94,4605,1
"ambiguous_stem","2000-01-05 01:08:58.000",538,427.695,2016.84,4907.5,1
"ambiguous_stem","2000-01-05 01:08:59.000",539,428.025,2018.21,5195.4,1
"ambiguous_stem","2000-01-05 01:09:00.000",540,427.331,2019.13,4846.6,1
"ambiguous_stem","2000-01-05 01:09:01.000",541,427.423,2018.35,5045.7,1
"ambiguous_stem","2000-01-05 01:09:02.000",542,427.578,2017.65,4786.1,1
"ambiguous_stem","2000-01-05 01:09:03.000",543,426.999,2016.41,4886.9,1
"ambiguous_stem","2000-01-05 01:09:04.000",544,426.594,2017.06,5002,1
"ambiguous_stem","2000-01-05 01:09:05.000",545,427.611,2017.49,4714.1,1
"ambiguous_stem","2000-01-05 01:09:06.000",546,428.144,2017.28,5116,1
"ambiguous_stem","2000-01-05 01:09:07.000",547,426.82,2016.55,4911.5,1
"ambiguous_stem","2000-01-05 01:09:08.000",548,427.428,2014.25,4992.3,1
"ambiguous_stem","2000-01-05 01:09:09.000",549,426.537,2016.63,4929.8,1
"ambiguous_stem","2000-01-05 01:09:10.000",550,427.063,2018.52,4994.7,1
"ambiguous_stem","2000-01-05 01:09:11.000",551,425.821,2017.76,4975.3,1
"ambiguous_stem","2000-01-05 01:09:12.000",552,426.86,2018.94,4968.5,1
"ambiguous_stem","2000-01-05 01:09:13.000",553,426.453,2019.46,4884.8,1
"ambiguous_stem","2000-01-05 01:09:14.000",554,426.486,2018.77,4955.1,1
"ambiguous_stem","2000-01-05 01:09:15.000",555,427.012,2018.25,5122.4,1
"ambiguous_stem","2000-01-05 01:09:16.000",556,425.756,2016.71,4808,1
"ambiguous_stem","2000-01-05 01:09:17.000",557,425.927,2019.91,4840.6,1
"ambiguous_stem","2000-01-05 01:09:18.000",558,425.571,2015.13,4690.9,1
"ambiguous_stem","2000-01-05 01:09:19.000",559,426.46,2016.93,5136.2,1
"ambiguous_stem","2000-01-05 01:09:20.000",560,426.64,2016.89,4934.3,1
"ambiguous_stem","2000-01-05 01:09:21.000",561,425.555,2015.53,4623.9,1
"ambiguous_stem","2000-01-05 01:09:22.000",562,426.253,2016.56,4915.6,1
"ambiguous_stem","2000-01-05 01:09:23.000",563,425.516,2015.85,4806.1,1
"ambiguous_stem","2000-01-05 01:09:24.000",564,426.392,2019.33,4744,1
"ambiguous_stem","2000-01-05 01:09:25.000",565,425.785,2016.99,5035.5,1
"ambiguous_stem","2000-01-05 01:09:26.000",566,425.903,2016.03,4643.1,1
"ambiguous_stem","2000-01-05 01:09:27.000",567,424.971,2018.95,5015.1,1
"ambiguous_stem","2000-01-05 01:09:28.000",568,426.718,2016.67,5185.9,1
"ambiguous_stem","2000-01-05 01:09:29.000",569,425.641,2015.96,4864.6,1
"ambiguous_stem","2000-01-05 01:09:30.000",570,426.127,2017.32,5179.8,1
"ambiguous_stem","2000-01-05 01:09:31.000",571,426.073,2016.58,4795.9,1
"ambiguous_stem","2000-01-05 01:09:32.000",572,425.421,2018.91,4989.1,1
"ambiguous_stem","2000-01-05 01:09:33.000",573,425.393,2019.49,4974.8,1
"ambiguous_stem","2000-01-05 01:09:34.000",574,425.732,2015.41,4984.2,1
"ambiguous_stem","2000-01-05 01:09:35.000",575,425.891,2013.59,4911,1
"ambiguous_stem","2000-01-05 01:09:36.000",576,425.365,2014.65,4854.4,1
"ambiguous_stem","2000-01-05 01:09:37.000",577,425.526,2015.17,4997.8,1
"ambiguous_stem","2000-01-05 01:09:38.000",578,426.162,2015.06,4812.1,1
"ambiguous_stem","2000-01-05 01:09:39.000",579,425.047,2014.74,5162.5,1
"ambiguous_stem","2000-01-05 01:09:40.000",580,425.202,2015.39,4657,1
"ambiguous_stem","2000-01-05 01:09:41.000",581,424.754,2014.54,4829.9,1
"ambiguous_stem","2000-01-05 01:09:42.000",582,425.436,2016.38,5031.6,1
"ambiguous_stem","2000-01-05 01:09:43.000",583,425.811,2014.44,5025.9,1
"ambiguous_stem","2000-01-05 01:09:44.000",584,426.175,2014.45,5112,1
"ambiguous_stem","2000-01-05 01:09:45.000",585,425.434,2013.99,5160.2,1
"ambiguous_stem","2000-01-05 01:09:46.000",586,426.548,2016.88,5115.9,1
"ambiguous_stem","2000-01-05 01:09:47.000",587,426.815,2014.78,4953.8,1
"ambiguous_stem","2000-01-05 01:09:48.000",588,425.669,2015.39,4972.8,1
"ambiguous_stem","2000-01-05 01:09:49.000",589,427.735,2015.73,5278.5,1
"ambiguous_stem","2000-01-05 01:09:50.000",590,425.934,2015.05,4905.8,1
"ambiguous_stem","2000-01-05 01:09:51.000",591,426.219,2016.32,4847.8,1
"ambiguous_stem","2000-01-05 01:09:52.000",592,426.153,2014.86,5168.9,1
"ambiguous_stem","2000-01-05 01:09:53.000",593,426.515,2012.71,5106.8,1
"ambiguous_stem","2000-01-05 01:09:54.000",594,426.455,2015.11,5210,1
"ambiguous_stem","2000-01-05 01:09:55.000",595,426.238,2016.28,5215.7,1
"ambiguous_stem","2000-01-05 01:09:56.000",596,426.939,2014.83,4990.2,1
"ambiguous_stem","2000-01-05 01:09:57.000",597,426.381,2013.77,4974.3,1
"ambiguous_stem","2000-01-05 01:09:58.000",598,426.47,2014.67,5263.4,1
"ambiguous_stem","2000-01-05 01:09:59.000",599,426.957,2016.04,4991.4,1
"ambiguous_stem","2000-01-05 01:10:00.000",600,426.651,2016.23,5163.4,1
"ambiguous_stem","2000-01-05 01:10:00.000",600,427.086,2016.51,5099,1
"ambiguous_stem","2000-01-05 01:10:01.000",601,428.071,2016.03,4996.1,1
"ambiguous_stem","2000-01-05 01:10:02.000",602,428.127,2015.78,5386.4,1
"ambiguous_stem","2000-01-05 01:10:03.000",603,427.154,2013.96,5313.5,1
"ambiguous_stem","2000-01-05 01:10:04.000",604,427.792,2014.1,5115.6,1
"ambiguous_stem","2000-01-05 01:10:05.000",605,427.901,2016.52,5402.2,1
"ambiguous_stem","2000-01-05 01:10:06.000",606,428.354,2014.8,5117.2,1
"ambiguous_stem","2000-01-05 01:10:07.000",607,427.877,2012.89,4860,1
"ambiguous_stem","2000-01-05 01:10:08.000",608,427.863,2016.04,5054.1,1
"ambiguous_stem","2000-01-05 01:10:09.000",609,428.651,2015.3,5200.6,1
"ambiguous_stem","2000-01-05 01:10:10.000",610,428.245,2015.37,5067,1
"ambiguous_stem","2000-01-05 01:10:11.000",611,428.527,2013.72,5177.4,1
"ambiguous_stem","2000-01-05 01:10:12.000",612,428.157,2015.01,5051.4,1
"ambiguous_stem","2000-01-05 01:10:13.000",613,428.027,2015.04,4939.4,1
"ambiguous_stem","2000-01-05 01:10:14.000",614,429.162,2015.59,5367.7,1
"ambiguous_stem","2000-01-05 01:10:15.000",615,429.155,2013.75,4716.6,1
"ambiguous_stem","2000-01-05 01:10:16.000",616,428.878,2016.45,5718.8,1
"ambiguous_stem","2000-01-05 01:10:17.000",617,428.614,2014.28,5038.2,1
"ambiguous_stem","2000-01-05 01:10:18.000",618,429.094,2015.17,5453,1
"ambiguous_stem","2000-01-05 01:10:19.000",619,428.734,2015.81,4983.9,1
"ambiguous_stem","2000-01-05 01:10:20.000",620,429.044,2013.07,5171.1,1
"ambiguous_stem","2000-01-05 01:10:21.000",621,429.082,2013.19,5297.9,1
"ambiguous_stem","2000-01-05 01:10:22.000",622,429.597,2014.73,5245.1,1
"ambiguous_stem","2000-01-05 01:10:23.000",623,428.956,2015.73,5290.1,1
"ambiguous_stem","2000-01-05 01:10:24.000",624,428.804,2013.07,5086.4,1
"ambiguous_stem","2000-01-05 01:10:25.000",625,429.169,2016.64,4934.9,1
"ambiguous_stem","2000-01-05 01:10:26.000",626,428.505,2015.69,5049.8,1
"ambiguous_stem","2000-01-05 01:10:27.000",627,429.817,2014.04,5120.4,1
"ambiguous_stem","2000-01-05 01:10:28.000",628,429.24,2014.21,5102.2,1
"ambiguous_stem","2000-01-05 01:10:29.000",629,428.753,2015.18,5145.5,1
"ambiguous_stem","2000-01-05 01:10:30.000",630,429.284,2014.63,5342.6,1
"ambiguous_stem","2000-01-05 01:10:31.000",631,430.025,2017.96,5330.8,1
"ambiguous_stem","2000-01-05 01:10:32.000",632,429.601,2014.71,5178.6,1
"ambiguous_stem","2000-01-05 01:10:33.000",633,430.165,2014.5,5384.6,1
"ambiguous_stem","2000-01-05 01:10:34.000",634,429.278,2014.6,5066.6,1
"ambiguous_stem","2000-01-05 01:10:35.000",635,429.911,2014.31,5156,1
"ambiguous_stem","2000-01-05 01:10:36.000",636,429.774,2015.71,5309.4,1
"ambiguous_stem","2000-01-05 01:10:37.000",637,430.409,2014.45,5166.8,1
"ambiguous_stem","2000-01-05 01:10:38.000",638,429.873,2015.32,5036.4,1
"ambiguous_stem","2000-01-05 01:10:39.000",639,430.255,2015.87,5315.5,1
"ambiguous_stem","2000-01-05 01:10:40.000",640,429.392,2014.31,5365.9,1
"ambiguous_stem","2000-01-05 01:10:41.000",641,430.176,2017.37,5158.5,1
"ambiguous_stem","2000-01-05 01:10:42.000",642,430.461,2015.77,5109.1,1
"ambiguous_stem","2000-01-05 01:10:43.000",643,430.624,2017.68,5331.8,1
"ambiguous_stem","2000-01-05 01:10:44.000",644,430.332,2016.97,5219.6,1
"ambiguous_stem","2000-01-05 01:10:45.000",645,429.862,2016.67,5290.9,1
"ambiguous_stem","2000-01-05 01:10:46.000",646,430.223,2016.69,5389,1
"ambiguous_stem","2000-01-05 01:10:47.000",647,430.26,2015.99,5118,1
"ambiguous_stem","2000-01-05 01:10:48.000",648,431.022,2018.73,5484,1
"ambiguous_stem","2000-01-05 01:10:49.000",649,431.416,2015.65,5064.1,1
"ambiguous_stem","2000-01-05 01:10:50.000",650,430.375,2015.52,5080.8,1
"ambiguous_stem","2000-01-05 01:10:51.000",651,430.07,2017.99,5201.2,1
"ambiguous_stem","2000-01-05 01:10:52.000",652,431.441,2014.71,5211.4,1
"ambiguous_stem","2000-01-05 01:10:53.000",653,429.727,2014.73,5054.8,1
"ambiguous_stem","2000-01-05 01:10:54.000",654,431.124,2017.89,5094.5,1
"ambiguous_stem","2000-01-05 01:10:55.000",655,431.326,2020.46,5332.9,1
"ambiguous_stem","2000-01-05 01:10:56.000",656,431.028,2015.75,5444.9,1
"ambiguous_stem","2000-01-05 01:10:57.000",657,430.932,2017.04,5454.5,1
"ambiguous_stem","2000-01-05 01:10:58.000",658,431.101,2016.81,5326,1
"ambiguous_stem","2000-01-05 01:10:59.000",659,431.218,2016.14,5203.3,1
"ambiguous_stem","2000-01-05 01:11:00.000",660,430.05,2017.54,5286.4,1
"ambiguous_stem","2000-01-05 01:11:01.000",661,430.913,2017.72,5478.5,1
"ambiguous_stem","2000-01-05 01:11:02.000",662,430.908,2017.07,5190.8,1
"ambiguous_stem","2000-01-05 01:11:03.000",663,430.573,2016.56,5158.4,1
"ambiguous_stem","2000-01-05 01:11:04.000",664,431.196,2017.14,5206.8,1
"ambiguous_stem","2000-01-05 01:11:05.000",665,431.299,2019.24,5186,1
"ambiguous_stem","2000-01-05 01:11:06.000",666,431.294,2016.75,5096.7,1
"ambiguous_stem","2000-01-05 01:11:07.000",667,431.61,2018.79,5522.7,1
"ambiguous_stem","2000-01-05 01:11:08.000",668,431.085,2016.04,5247.4,1
"ambiguous_stem","2000-01-05 01:11:09.000",669,430.862,2015.2,5068.1,1
"ambiguous_stem","2000-01-05 01:11:10.000",670,430.699,2017.52,5279.7,1
"ambiguous_stem","2000-01-05 01:11:11.000",671,430.919,2016.96,5212.6,1
"ambiguous_stem","2000-01-05 01:11:12.000",672,431.919,2015.2,5333.3,1
"ambiguous_stem","2000-01-05 01:11:13.000",673,430.792,2016.32,5173.8,1
"ambiguous_stem","2000-01-05 01:11:14.000",674,431.575,2015.56,4927.3,1
"ambiguous_stem","2000-01-05 01:11:15.000",675,431.204,2017.69,5077.2,1
"ambiguous_stem","2000-01-05 01:11:16.000",676,432.384,2018.97,5045.4,1
"ambiguous_stem","2000-01-05 01:11:17.000",677,430.76,2013.84,5282,1
"ambiguous_stem","2000-01-05 01:11:18.000",678,431.229,2017.77,5423.1,1
"ambiguous_stem","2000-01-05 01:11:19.000",679,431.424,2016.81,5107,1
"ambiguous_stem","2000-01-05 01:11:20.000",680,431.535,2017.65,5103,1
"ambiguous_stem","2000-01-05 01:11:21.000",681,431.676,2015.26,5230.5,1
"ambiguous_stem","2000-01-05 01:11:22.000",682,431.354,2017.42,5327.6,1
"ambiguous_stem","2000-01-05 01:11:23.000",683,431.152,2015.91,5097.3,1
"ambiguous_stem","2000-01-05 01:11:24.000",684,430.996,2016.28,4953.3,1
"ambiguous_stem","2000-01-05 01:11:25.000",685,431.313,2015.85,5156.5,1
"ambiguous_stem","2000-01-05 01:11:26.000",686,432.085,2017.02,5341.2,1
"ambiguous_stem","2000-01-05 01:11:27.000",687,431.98,2018.85,5128.9,0
"ambiguous_stem","2000-01-05 01:11:28.000",688,432.03,2016.13,5257,0
"ambiguous_stem","2000-01-05 01:11:29.000",689,431.575,2017.39,5128.1,0
"ambiguous_stem","2000-01-05 01:11:30.000",690,431.624,2014.38,5399.8,0
"ambiguous_stem","2000-01-05 01:11:31.000",691,431.761,2017.59,5377.3,0
"ambiguous_stem","2000-01-05 01:11:32.000",692,432.556,2017.41,4890.9,0
"ambiguous_stem","2000-01-05 01:11:33.000",693,431.709,2016.39,5166.9,0
"ambiguous_stem","2000-01-05 01:11:34.000",694,432.162,2014.05,5381.1,0
"ambiguous_stem","2000-01-05 01:11:35.000",695,431.802,2017.47,5018.9,0
"ambiguous_stem","2000-01-05 01:11:36.000",696,431.825,2013.35,5243.7,0
"ambiguous_stem","2000-01-05 01:11:37.000",697,431.274,2017.47,5234,0
"ambiguous_stem","2000-01-05 01:11:38.000",698,431.744,2012.69,5213.8,0
"ambiguous_stem","2000-01-05 01:11:39.000",699,431.833,2015.79,5015.6,0
"ambiguous_stem","2000-01-05 01:11:40.000",700,431.983,2017.36,4992.9,0
"ambiguous_stem","2000-01-05 01:11:41.000",701,431.526,2017.34,5447.3,0
"ambiguous_stem","2000-01-05 01:11:42.000",702,432.309,2016.99,5114.9,0
"ambiguous_stem","2000-01-05 01:11:43.000",703,431.634,2017.74,5489.1,0
"ambiguous_stem","2000-01-05 01:11:44.000",704,431.452,2014.88,5205.3,0
"ambiguous_stem","2000-01-05 01:11:45.000",705,432.085,2016.33,5213.7,0
"ambiguous_stem","2000-01-05 01:11:46.000",706,433.145,2016.02,5107.5,0
"ambiguous_stem","2000-01-05 01:11:47.000",707,431.857,2015.91,5398.6,0
"ambiguous_stem","2000-01-05 01:11:48.000",708,431.614,2017.71,5073.9,0
"ambiguous_stem","2000-01-05 01:11:49.000",709,431.488,2017.81,5264.9,0
"ambiguous_stem","2000-01-05 01:11:50.000",710,432.13,2017.96,5253.6,0
"ambiguous_stem","2000-01-05 01:11:51.000",711,432.101,2018.34,5075.8,0
"ambiguous_stem","2000-01-05 01:11:52.000",712,431.857,2021.29,5317.3,0
"ambiguous_stem","2000-01-05 01:11:53.000",713,432.14,2020.21,5068.5,0
"ambiguous_stem","2000-01-05 01:11:54.000",714,431.442,2017.45,5297,0
"ambiguous_stem","2000-01-05 01:11:55.000",715,430.505,2018.48,5016.1,0
"ambiguous_stem","2000-01-05 01:11:56.000",716,431.618,2015.62,5134,0
"ambiguous_stem","2000-01-05 01:11:57.000",717,431.391,2015.53,4906.1,0
"ambiguous_stem","2000-01-05 01:11:58.000",718,431.271,2014.13,4950.4,0
"ambiguous_stem","2000-01-05 01:11:59.000",719,431.408,2015.08,5067.6,0
"ambiguous_stem","2000-01-05 01:12:00.000",720,431.564,2015.07,5403.8,0
"ambiguous_stem","2000-01-05 01:12:01.000",721,431.671,2017.89,5413.1,0
"ambiguous_stem","2000-01-05 01:12:02.000",722,431.365,2014.81,5220.3,0
"ambiguous_stem","2000-01-05 01:12:03.000",723,431.384,2014.85,4946.8,0
"ambiguous_stem","2000-01-05 01:12:04.000",724,431.446,2016.86,5110.7,0
"ambiguous_stem","2000-01-05 01:12:05.000",725,431.401,2016.22,4909.1,0
"ambiguous_stem","2000-01-05 01:12:06.000",726,431.722,2012.6,4853,0
"ambiguous_stem","2000-01-05 01:12:07.000",727,430.96,2015.23,5118.1,0
"ambiguous_stem","2000-01-05 01:12:08.000",728,431.129,2018.81,5342,0
"ambiguous_stem","2000-01-05 01:12:09.000",729,432.261,2016,5597,0
"ambiguous_stem","2000-01-05 01:12:10.000",730,432.23,2016.75,5169.7,0
"ambiguous_stem","2000-01-05 01:12:11.000",731,432.18,2016.39,5293.6,0
"ambiguous_stem","2000-01-05 01:12:12.000",732,432.234,2016.34,5292.4,0
"ambiguous_stem","2000-01-05 01:12:13.000",733,432.647,2016.54,5306.2,0
"ambiguous_stem","2000-01-05 01:12:14.000",734,431.126,2016.37,5147.2,0
"ambiguous_stem","2000-01-05 01:12:15.000",735,430.88,2015.44,5228.7,0
"ambiguous_stem","2000-01-05 01:12:16.000",736,431.715,2015.28,5076.9,0
"ambiguous_stem","2000-01-05 01:12:17.000",737,432.241,2016.58,5376,0
"ambiguous_stem","2000-01-05 01:12:18.000",738,432.244,2015.76,5067.3,0
"ambiguous_stem","2000-01-05 01:12:19.000",739,432.542,2018.75,5390.8,0
"ambiguous_stem","2000-01-05 01:12:20.000",740,431.256,2018.72,5155.8,0
"ambiguous_stem","2000-01-05 01:12:21.000",741,431.152,2018.26,5077.9,0
"ambiguous_stem","2000-01-05 01:12:22.000",742,432.629,2017.27,5167,0
"ambiguous_stem","2000-01-05 01:12:23.000",743,432.248,2017.11,4857.6,0
"ambiguous_stem","2000-01-05 01:12:24.000",744,432.063,2018,5308.6,0
"ambiguous_stem","2000-01-05 01:12:25.000",745,432.386,2016.15,4905.3,0
"ambiguous_stem","2000-01-05 01:12:26.000",746,431.859,2016.19,5038.4,0
"ambiguous_stem","2000-01-05 01:12:27.000",747,431.869,2016.03,5562,0
"ambiguous_stem","2000-01-05 01:12:28.000",748,432.646,2016.51,5122,0
"ambiguous_stem","2000-01-05 01:12:29.000",749,431.727,2017.74,5091.7,0
"ambiguous_stem","2000-01-05 01:12:30.000",750,432.247,2015.95,5160.1,0
"ambiguous_stem","2000-01-05 01:12:31.000",751,432.031,2017,4988.1,0
"ambiguous_stem","2000-01-05 01:12:32.000",752,431.914,2017.17,5269.1,0
"ambiguous_stem","2000-01-05 01:12:33.000",753,431.043,2016.25,5215.3,0
"ambiguous_stem","2000-01-05 01:12:34.000",754,432.268,2017.27,5191.6,0
"ambiguous_stem","2000-01-05 01:12:35.000",755,432.72,2016.9,5123.8,0
"ambiguous_stem","2000-01-05 01:12:36.000",756,431.783,2018.21,5121.8,0
"ambiguous_stem","2000-01-05 01:12:37.000",757,431.945,2014.15,5056,0
"ambiguous_stem","2000-01-05 01:12:38.000",758,431.277,2014.27,4951.4,0
"ambiguous_stem","2000-01-05 01:12:39.000",759,431.407,2017.05,5046.6,0
"ambiguous_stem","2000-01-05 01:12:40.000",760,432.301,2018.09,4954.9,0
"ambiguous_stem","2000-01-05 01:12:41.000",761,432.352,2016.18,4942.6,0
"ambiguous_stem","2000-01-05 01:12:42.000",762,432.331,2015.19,5414,0
"ambiguous_stem","2000-01-05 01:12:43.000",763,432.686,2015.05,5406.7,0
"ambiguous_stem","2000-01-05 01:12:44.000",764,432.57,2016.19,5176.4,0
"ambiguous_stem","2000-01-05 01:12:45.000",765,432.008,2015.85,5226.2,0
"ambiguous_stem","2000-01-05 01:12:46.000",766,432.937,2014.44,5069.2,0
"ambiguous_stem","2000-01-05 01:12:47.000",767,431.546,2018.4,4941.3,0
"ambiguous_stem","2000-01-05 01:12:48.000",768,431.79,2017.18,4833.8,0
"ambiguous_stem","2000-01-05 01:12:49.000",769,431.196,2014.58,5159.4,0
"ambiguous_stem","2000-01-05 01:12:50.000",770,432.308,2017.15,4700.2,0
"ambiguous_stem","2000-01-05 01:12:51.000",771,431.596,2015.02,5073.7,0
"ambiguous_stem","2000-01-05 01:12:52.000",772,432.817,2014.98,4962.7,0
"ambiguous_stem","2000-01-05 01:12:53.000",773,432.063,2015.69,4949.8,0
"ambiguous_stem","2000-01-05 01:12:54.000",774,431.394,2014.46,4867.5,0
"ambiguous_stem","2000-01-05 01:12:55.000",775,431.736,2015.07,4848.6,0
"ambiguous_stem","2000-01-05 01:12:56.000",776,432.044,2020.47,4941,0
"ambiguous_stem","2000-01-05 01:12:57.000",777,431.885,2015.66,5099.7,0
"ambiguous_stem","2000-01-05 01:12:58.000",778,431.822,2014.42,4659.6,0
"ambiguous_stem","2000-01-05 01:12:59.000",779,431.738,2018.14,5043.1,0
"ambiguous_stem","2000-01-05 01:13:00.000",780,432.478,2013.45,4984.5,0
"ambiguous_stem","2000-01-05 01:13:01.000",781,431.414,2016.95,5175,0
"ambiguous_stem","2000-01-05 01:13:02.000",782,430.802,2017.49,5129.8,0
"ambiguous_stem","2000-01-05 01:13:03.000",783,431.553,2016.75,5183.6,0
"ambiguous_stem","2000-01-05 01:13:04.000",784,432.004,2018.1,4804.6,0
"ambiguous_stem","2000-01-05 01:13:05.000",785,432.749,2017.32,5064.8,0
"ambiguous_stem","2000-01-05 01:13:06.000",786,432.134,2019.3,5084,0
"ambiguous_stem","2000-01-05 01:13:07.000",787,431.837,2017.48,5248.4,0
"ambiguous_stem","2000-01-05 01:13:07.000",787,431.367,2018.17,5183.8,0
"ambiguous_stem","2000-01-05 01:13:08.000",788,432.051,2019.71,5108.4,0
"ambiguous_stem","2000-01-05 01:13:09.000",789,431.399,2016.68,5131.4,0
"ambiguous_stem","2000-01-05 01:13:10.000",790,431.531,2017.53,4938.8,0
"ambiguous_stem","2000-01-05 01:13:11.000",791,431.374,2016.06,4759.6,0
"ambiguous_stem","2000-01-05 01:13:12.000",792,432.231,2017.07,4841.6,0
"ambiguous_stem","2000-01-05 01:13:13.000",793,431.844,2018.31,4937.9,0
"ambiguous_stem","2000-01-05 01:13:14.000",794,432.308,2015.74,5412.6,0
"ambiguous_stem","2000-01-05 01:13:15.000",795,431.69,2016.06,5049.4,0
"ambiguous_stem","2000-01-05 01:13:16.000",796,431.332,2016.17,4971,0
"ambiguous_stem","2000-01-05 01:13:17.000",797,432.231,2016,5186.6,0
"ambiguous_stem","2000-01-05 01:13:18.000",798,431.878,2015.85,4996.7,0
"ambiguous_stem","2000-01-05 01:13:19.000",799,431.529,2017.03,4908.9,0
"ambiguous_stem","2000-01-05 01:13:20.000",800,431.383,2018.94,5136.4,0
"ambiguous_stem","2000-01-05 01:13:21.000",801,430.648,2018.66,5059,0
"ambiguous_stem","2000-01-05 01:13:22.000",802,432.217,2017.87,5084.6,0
"ambiguous_stem","2000-01-05 01:13:23.000",803,431.318,2018.71,5190.3,0
"ambiguous_stem","2000-01-05 01:13:24.000",804,432.377,2019.1,4962.8,0
"ambiguous_stem","2000-01-05 01:13:25.000",805,431.531,2018.28,5128.7,0
"ambiguous_stem","2000-01-05 01:13:26.000",806,432.68,2018.21,5114.2,0
"ambiguous_stem","2000-01-05 01:13:27.000",807,432.775,2014.12,5015.2,0
"ambiguous_stem","2000-01-05 01:13:28.000",808,431.209,2015.56,5086.4,0
"ambiguous_stem","2000-01-05 01:13:29.000",809,431.335,2018.7,5052.9,0
"ambiguous_stem","2000-01-05 01:13:30.000",810,431.012,2019.12,5138.2,0
"ambiguous_stem","2000-01-05 01:13:31.000",811,431.386,2016.46,4802.7,0
"ambiguous_stem","2000-01-05 01:13:32.000",812,432.029,2014.35,5203.5,0
"ambiguous_stem","2000-01-05 01:13:33.000",813,432.346,2016.91,5017.6,0
"ambiguous_stem","2000-01-05 01:13:34.000",814,431.406,2016.87,5155.4,0
"ambiguous_stem","2000-01-05 01:13:35.000",815,430.691,2015.72,4857,0
"ambiguous_stem","2000-01-05 01:13:36.000",816,432.077,2019.1,5364.2,0
"ambiguous_stem","2000-01-05 01:13:37.000",817,431.597,2017.95,5073,0
"ambiguous_stem","2000-01-05 01:13:38.000",818,431.971,2017.59,5236.9,0
"ambiguous_stem","2000-01-05 01:13:39.000",819,432.251,2017.5,5418.6,0
"ambiguous_stem","2000-01-05 01:13:40.000",820,432.367,2017.17,5182.5,0
"ambiguous_stem","2000-01-05 01:13:41.000",821,432.464,2018.16,5042.8,0
"ambiguous_stem","2000-01-05 01:13:42.000",822,431.675,2018.62,5285.6,0
"ambiguous_stem","2000-01-05 01:13:43.000",823,432.033,2017.41,5103.4,0
"ambiguous_stem","2000-01-05 01:13:44.000",824,431.684,2016.38,5128.8,0
"ambiguous_stem","2000-01-05 01:13:45.000",825,431.696,2015.84,5186.3,0
"ambiguous_stem","2000-01-05 01:13:46.000",826,432.189,2017.01,4964.8,0
"ambiguous_stem","2000-01-05 01:13:47.000",827,431.201,2018.66,5008.1,0
"ambiguous_stem","2000-01-05 01:13:48.000",828,431.641,2018.03,5206.1,0
"ambiguous_stem","2000-01-05 01:13:49.000",829,431.814,2018.06,5182.2,0
"ambiguous_stem","2000-01-05 01:13:50.000",830,431.09,2018.53,5272,0
"ambiguous_stem","2000-01-05 01:13:51.000",831,431.822,2019.79,5179.4,0
"ambiguous_stem","2000-01-05 01:13:52.000",832,432.47,2019.3,5473.6,0
"ambiguous_stem","2000-01-05 01:13:53.000",833,431.715,2015.74,5280.7,0
"ambiguous_stem","2000-01-05 01:13:54.000",834,432.145,2018.45,5256.1,0
"ambiguous_stem","2000-01-05 01:13:55.000",835,431.851,2017.23,5267.3,0
"ambiguous_stem","2000-01-05 01:13:56.000",836,432.103,2019.23,5268.5,0
"ambiguous_stem","2000-01-05 01:13:57.000",837,431.638,2016.74,5251.3,0
"ambiguous_stem","2000-01-05 01:13:58.000",838,432.055,2017.24,5103.4,0
"ambiguous_stem","2000-01-05 01:13:59.000",839,431.802,2019.01,5098,0
"ambiguous_stem","2000-01-05 01:14:00.000",840,431.102,2015.5,5104.5,0
"ambiguous_stem","2000-01-05 01:14:01.000",841,432.047,2016.14,5249.9,0
"ambiguous_stem","2000-01-05 01:14:02.000",842,432.293,2016.49,5107.5,0
"ambiguous_stem","2000-01-05 01:14:03.000",843,431.829,2017.91,5375.4,0
"ambiguous_stem","2000-01-05 01:14:04.000",844,431.468,2020.1,5268.6,0
"ambiguous_stem","2000-01-05 01:14:05.000",845,431.89,2018.6,5510.1,0
"ambiguous_stem","2000-01-05 01:14:06.000",846,431.676,2018.16,5107.2,0
"ambiguous_stem","2000-01-05 01:14:07.000",847,431.754,2020.2,5395.4,0
"ambiguous_stem","2000-01-05 01:14:08.000",848,431.7,2017.1,5092.4,0
"ambiguous_stem","2000-01-05 01:14:09.000",849,431.718,2019.01,5044.4,0
"ambiguous_stem","2000-01-05 01:14:10.000",850,431.785,2018.38,5310.5,0
"ambiguous_stem","2000-01-05 01:14:11.000",851,431.917,2018.08,5369.6,0
"ambiguous_stem","2000-01-05 01:14:12.000",852,432.879,2018.17,5144.8,0
"ambiguous_stem","2000-01-05 01:14:13.000",853,431.828,2019.81,5302.9,0
"ambiguous_stem","2000-01-05 01:14:14.000",854,431.83,2016.09,5212.6,0
"ambiguous_stem","2000-01-05 01:14:15.000",855,432.53,2018.02,4910,0
"ambiguous_stem","2000-01-05 01:14:16.000",856,432.198,2016.59,5510.5,0
"ambiguous_stem","2000-01-05 01:14:17.000",857,431.753,2017.76,5186.2,0
"ambiguous_stem","2000-01-05 01:14:18.000",858,432.108,2016.5,5158.2,0
"ambiguous_stem","2000-01-05 01:14:19.000",859,432.231,2017.61,5178.3,0
"ambiguous_stem","2000-01-05 01:14:20.000",860,432.733,2017.71,5115.6,0
"ambiguous_stem","2000-01-05 01:14:21.000",861,431.462,2019.53,5498,0
"ambiguous_stem","2000-01-05 01:14:22.000",862,433,2016.12,5097.5,0
"ambiguous_stem","2000-01-05 01:14:23.000",863,432.163,2018.28,5155.9,0
"ambiguous_stem","2000-01-05 01:14:24.000",864,432.68,2016.53,5095.8,0
"ambiguous_stem","2000-01-05 01:14:25.000",865,431.576,2018.87,5200.6,0
"ambiguous_stem","2000-01-05 01:14:26.000",866,432.865,2017.63,5422.8,0
"ambiguous_stem","2000-01-05 01:14:27.000",867,431.007,2015.94,5260.7,0
"ambiguous_stem","2000-01-05 01:14:28.000",868,432.113,2018.36,5183.7,0
"ambiguous_stem","2000-01-05 01:14:29.000",869,431.61,2015.93,5087.5,0
"ambiguous_stem","2000-01-05 01:14:30.000",870,432.028,2018.29,5373.5,0
"ambiguous_stem","2000-01-05 01:14:31.000",871,432.552,2014.88,5077.6,0
"ambiguous_stem","2000-01-05 01:14:32.000",872,431.646,2017.12,4918.9,0
"ambiguous_stem","2000-01-05 01:14:33.000",873,432.466,2016.39,5184.1,0
"ambiguous_stem","2000-01-05 01:14:34.000",874,432.783,2019.02,5460.5,0
"ambiguous_stem","2000-01-05 01:14:35.000",875,431.521,2018.27,5151.4,0
"ambiguous_stem","2000-01-05 01:14:36.000",876,432.205,2016.64,5210.4,0
"ambiguous_stem","2000-01-05 01:14:37.000",877,432.194,2020.04,5367.6,0
"ambiguous_stem","2000-01-05 01:14:38.000",878,431.997,2018.18,5242.6,0
"ambiguous_stem","2000-01-05 01:14:39.000",879,431.866,2019.13,5511.8,0
"ambiguous_stem","2000-01-05 01:14:40.000",880,431.931,2021.74,5275.6,0
"ambiguous_stem","2000-01-05 01:14:41.000",881,432.644,2018.35,5127.9,0
"ambiguous_stem","2000-01-05 01:14:42.000",882,431.667,2017.99,5190.9,0
"ambiguous_stem","2000-01-05 01:14:43.000",883,432.136,2013.38,4961.6,0
"ambiguous_stem","2000-01-05 01:14:44.000",884,431.39,2015.84,5171.4,0
"ambiguous_stem","2000-01-05 01:14:45.000",885,432.575,2016.54,5091.5,0
"ambiguous_stem","2000-01-05 01:14:46.000",886,432.241,2018.78,5063.3,0
"ambiguous_stem","2000-01-05 01:14:47.000",887,431.806,2017.86,5046,0
"ambiguous_stem","2000-01-05 01:14:48.000",888,431.371,2017.89,5308.6,0
"ambiguous_stem","2000-01-05 01:14:49.000",889,432.281,2016.44,5472.8,0
"ambiguous_stem","2000-01-05 01:14:50.000",890,431.121,2020.07,5194,0
"ambiguous_stem","2000-01-05 01:14:51.000",891,432.339,2017.76,5528.8,0
"ambiguous_stem","2000-01-05 01:14:52.000",892,432.665,2018.76,5185.1,0
"ambiguous_stem","2000-01-05 01:14:53.000",893,432.106,2017.64,5457.7,0
"ambiguous_stem","2000-01-05 01:14:54.000",894,431.903,2018.93,5152.3,0
"ambiguous_stem","2000-01-05 01:14:55.000",895,432.044,2015.89,5179.4,0
"ambiguous_stem","2000-01-05 01:14:56.000",896,432.324,2019.84,5127.2,0
"ambiguous_stem","2000-01-05 01:14:57.000",897,432.529,2019.33,5084.5,0
"ambiguous_stem","2000-01-05 01:14:58.000",898,431.98,2018.88,5157.2,0
"ambiguous_stem","2000-01-05 01:14:59.000",899,432.287,2020.36,5041.5,0
"ambiguous_stem","2000-01-05 01:15:00.000",900,432.134,2019.6,5271.1,0
"uptake_stem","2000-01-06 00:55:00.000",-300,1908.55,2671.6,28012.9,0
"uptake_stem","2000-01-06 00:55:01.000",-299,1909.16,2670.96,28152.8,0
"uptake_stem","2000-01-06 00:55:02.000",-298,1908.99,2672.09,28053,0
"uptake_stem","2000-01-06 00:55:03.000",-297,1911.03,2664.41,27939.5,0
"uptake_stem","2000-01-06 00:55:04.000",-296,1907.9,2662.13,27730.2,0
"uptake_stem","2000-01-06 00:55:05.000",-295,1909.5,2666.67,27968.3,0
"uptake_stem","2000-01-06 00:55:06.000",-294,1908.6,2666.22,27960.7,0
"uptake_stem","2000-01-06 00:55:07.000",-293,1908.93,2662.51,27905.5,0
"uptake_stem","2000-01-06 00:55:08.000",-292,1905.99,2665.51,27960.2,0
"uptake_stem","2000-01-06 00:55:09.000",-291,1906.93,2665.03,27847.7,0
"uptake_stem","2000-01-06 00:55:10.000",-290,1904.46,2665.65,27913,0
"uptake_stem","2000-01-06 00:55:11.000",-289,1902.9,2665.01,27522.2,0
"uptake_stem","2000-01-06 00:55:12.000",-288,1902.88,2662.94,27939.2,0
"uptake_stem","2000-01-06 00:55:13.000",-287,1902.54,2664.03,28035,0
"uptake_stem","2000-01-06 00:55:14.000",-286,1901.72,2661.12,27954.5,0
"uptake_stem","2000-01-06 00:55:15.000",-285,1901.53,2665.67,27978.6,0
"uptake_stem","2000-01-06 00:55:16.000",-284,1901.32,2661.93,28078.8,0
"uptake_stem","2000-01-06 00:55:17.000",-283,1901.03,2663.47,27764.5,0
"uptake_stem","2000-01-06 00:55:18.000",-282,1903.09,2661.6,28085.3,0
"uptake_stem","2000-01-06 00:55:19.000",-281,1901.31,2663.15,27967,0
"uptake_stem","2000-01-06 00:55:20.000",-280,1902.79,2666.3,28264.3,0
"uptake_stem","2000-01-06 00:55:21.000",-279,1902.45,2667,28159.4,0
"uptake_stem","2000-01-06 00:55:22.000",-278,1903.88,2661.54,28342,0
"uptake_stem","2000-01-06 00:55:23.000",-277,1902.09,2660.45,28064.8,0
"uptake_stem","2000-01-06 00:55:24.000",-276,1902.76,2661.03,27990.1,0
"uptake_stem","2000-01-06 00:55:25.000",-275,1900.31,2658.13,27941.8,0
"uptake_stem","2000-01-06 00:55:26.000",-274,1900.85,2660.73,28148.7,0
"uptake_stem","2000-01-06 00:55:27.000",-273,1898.19,2656.51,28201.3,0
"uptake_stem","2000-01-06 00:55:28.000",-272,1895.58,2650.54,27801.5,0
"uptake_stem","2000-01-06 00:55:29.000",-271,1893.12,2662.52,27809.3,0
"uptake_stem","2000-01-06 00:55:30.000",-270,1893.38,2661.09,28193.5,0
"uptake_stem","2000-01-06 00:55:31.000",-269,1890.79,2657.48,28177.9,0
"uptake_stem","2000-01-06 00:55:32.000",-268,1888.38,2653.73,28193.4,0
"uptake_stem","2000-01-06 00:55:33.000",-267,1883.22,2651.29,28167.7,0
"uptake_stem","2000-01-06 00:55:34.000",-266,1879.71,2643.88,28070.8,0
"uptake_stem","2000-01-06 00:55:35.000",-265,1874.97,2643.32,28115.6,0
"uptake_stem","2000-01-06 00:55:36.000",-264,1872.7,2640.45,28374.1,0
"uptake_stem","2000-01-06 00:55:37.000",-263,1868.81,2636.63,28165,0
"uptake_stem","2000-01-06 00:55:38.000",-262,1863.13,2634.66,27923.8,0
"uptake_stem","2000-01-06 00:55:39.000",-261,1858.98,2631.67,28056.9,0
"uptake_stem","2000-01-06 00:55:40.000",-260,1853.47,2624.87,27991.2,0
"uptake_stem","2000-01-06 00:55:41.000",-259,1847.5,2624.55,28028,0
"uptake_stem","2000-01-06 00:55:42.000",-258,1843.51,2616.82,28101.8,0
"uptake_stem","2000-01-06 00:55:43.000",-257,1837.12,2610.62,28075.6,0
"uptake_stem","2000-01-06 00:55:44.000",-256,1835.04,2610.97,28171.4,0
"uptake_stem","2000-01-06 00:55:45.000",-255,1828.99,2609.4,28135.8,0
"uptake_stem","2000-01-06 00:55:46.000",-254,1824.87,2608.98,28023.3,0
"uptake_stem","2000-01-06 00:55:47.000",-253,1825.53,2606.65,28058.3,0
"uptake_stem","2000-01-06 00:55:48.000",-252,1820.83,2603.13,28114.8,0
"uptake_stem","2000-01-06 00:55:49.000",-251,1819.88,2604.35,28076.7,0
"uptake_stem","2000-01-06 00:55:50.000",-250,1817.83,2603.15,28101,0
"uptake_stem","2000-01-06 00:55:51.000",-249,1815.89,2602.71,28224.6,0
"uptake_stem","2000-01-06 00:55:52.000",-248,1815,2604.73,28061.6,0
"uptake_stem","2000-01-06 00:55:53.000",-247,1812.75,2606.68,28145,0
"uptake_stem","2000-01-06 00:55:54.000",-246,1812.99,2603.2,28019.9,0
"uptake_stem","2000-01-06 00:55:55.000",-245,1811,2602.41,28179.6,0
"uptake_stem","2000-01-06 00:55:56.000",-244,1813.07,2605.49,28081.8,0
"uptake_stem","2000-01-06 00:55:57.000",-243,1812.74,2602.79,28090.6,0
"uptake_stem","2000-01-06 00:55:58.000",-242,1811.72,2606.23,27934.4,0
"uptake_stem","2000-01-06 00:55:59.000",-241,1814.83,2609.14,28069.3,0
"uptake_stem","2000-01-06 00:56:00.000",-240,1816.79,2609.32,28053.1,0
"uptake_stem","2000-01-06 00:56:01.000",-239,1818.34,2607.26,28113.6,0
"uptake_stem","2000-01-06 00:56:02.000",-238,1819.93,2615.03,28212.4,0
"uptake_stem","2000-01-06 00:56:03.000",-237,1821.98,2614.23,28011.2,0
"uptake_stem","2000-01-06 00:56:04.000",-236,1822.66,2612.92,27824.3,0
"uptake_stem","2000-01-06 00:56:05.000",-235,1825.73,2611.22,27979.9,0
"uptake_stem","2000-01-06 00:56:06.000",-234,1827.73,2615.47,28094.9,0
"uptake_stem","2000-01-06 00:56:07.000",-233,1827.06,2617.5,28074.9,0
"uptake_stem","2000-01-06 00:56:08.000",-232,1828.26,2620.06,27866.7,0
"uptake_stem","2000-01-06 00:56:09.000",-231,1828.88,2624.43,28166.6,0
"uptake_stem","2000-01-06 00:56:10.000",-230,1828.2,2617.97,27988.4,0
"uptake_stem","2000-01-06 00:56:11.000",-229,1830.06,2621.43,28072.7,0
"uptake_stem","2000-01-06 00:56:12.000",-228,1829.29,2621.09,27976.7,0
"uptake_stem","2000-01-06 00:56:13.000",-227,1828.31,2620.71,27898.7,0
"uptake_stem","2000-01-06 00:56:14.000",-226,1828.54,2625.6,27986.2,0
"uptake_stem","2000-01-06 00:56:15.000",-225,1827.53,2623.74,27954.6,0
"uptake_stem","2000-01-06 00:56:16.000",-224,1828.36,2620.65,27959,0
"uptake_stem","2000-01-06 00:56:17.000",-223,1828.03,2620.69,27949.4,0
"uptake_stem","2000-01-06 00:56:18.000",-222,1825.96,2621.14,28031.6,0
"uptake_stem","2000-01-06 00:56:19.000",-221,1823.61,2619.9,28077.2,0
"uptake_stem","2000-01-06 00:56:20.000",-220,1821.24,2619.15,27912.1,0
"uptake_stem","2000-01-06 00:56:21.000",-219,1820.06,2616.06,28023.7,0
"uptake_stem","2000-01-06 00:56:22.000",-218,1817.41,2617.26,27917.5,0
"uptake_stem","2000-01-06 00:56:23.000",-217,1815.45,2620.4,28053.5,0
"uptake_stem","2000-01-06 00:56:24.000",-216,1813.44,2615.12,28001.2,0
"uptake_stem","2000-01-06 00:56:25.000",-215,1811.21,2612.41,28100.6,0
"uptake_stem","2000-01-06 00:56:26.000",-214,1807.95,2611.7,28082.5,0
"uptake_stem","2000-01-06 00:56:27.000",-213,1802.91,2607.19,27915.5,0
"uptake_stem","2000-01-06 00:56:28.000",-212,1799.16,2609.09,28034.6,0
"uptake_stem","2000-01-06 00:56:29.000",-211,1795.9,2604.84,27687.7,0
"uptake_stem","2000-01-06 00:56:29.000",-211,1791.17,2601.75,27852.5,0
"uptake_stem","2000-01-06 00:56:30.000",-210,1789.2,2596.89,28015.7,0
"uptake_stem","2000-01-06 00:56:31.000",-209,1783.08,2598.12,28128.4,0
"uptake_stem","2000-01-06 00:56:32.000",-208,1779.66,2594.67,27700.8,0
"uptake_stem","2000-01-06 00:56:33.000",-207,1776.31,2597.98,27990.3,0
"uptake_stem","2000-01-06 00:56:34.000",-206,1773.27,2587.9,27842.3,0
"uptake_stem","2000-01-06 00:56:35.000",-205,1770.7,2591.93,27747.9,0
"uptake_stem","2000-01-06 00:56:36.000",-204,1768.16,2589.76,27973.7,0
"uptake_stem","2000-01-06 00:56:37.000",-203,1766.19,2590.21,27923.8,0
"uptake_stem","2000-01-06 00:56:38.000",-202,1762.89,2581.81,27897,0
"uptake_stem","2000-01-06 00:56:40.000",-200,1761.49,2585.82,27808.1,0
"uptake_stem","2000-01-06 00:56:40.000",-200,1756.68,2581.91,27892.3,0
"uptake_stem","2000-01-06 00:56:41.000",-199,1757.65,2582.01,27739.5,0
"uptake_stem","2000-01-06 00:56:42.000",-198,1754.09,2584.84,27955.7,0
"uptake_stem","2000-01-06 00:56:43.000",-197,1752.05,2576.9,27778.7,0
"uptake_stem","2000-01-06 00:56:44.000",-196,1750.27,2580.49,27988.5,0
"uptake_stem","2000-01-06 00:56:45.000",-195,1748.02,2578.41,27812.7,0
"uptake_stem","2000-01-06 00:56:46.000",-194,1747.86,2577.4,27943,0
"uptake_stem","2000-01-06 00:56:47.000",-193,1745.93,2577.08,27956.6,0
"uptake_stem","2000-01-06 00:56:48.000",-192,1744.46,2581.07,27668.7,0
"uptake_stem","2000-01-06 00:56:49.000",-191,1744.4,2577.84,27867.5,0
"uptake_stem","2000-01-06 00:56:50.000",-190,1743.8,2579.05,27904.9,0
"uptake_stem","2000-01-06 00:56:51.000",-189,1743.07,2573.78,27787.8,0
"uptake_stem","2000-01-06 00:56:52.000",-188,1741.61,2578.76,27921.6,0
"uptake_stem","2000-01-06 00:56:53.000",-187,1740.11,2576.16,27771.5,0
"uptake_stem","2000-01-06 00:56:54.000",-186,1741.05,2578.02,27687,0
"uptake_stem","2000-01-06 00:56:55.000",-185,1740.64,2577.36,27755.9,0
"uptake_stem","2000-01-06 00:56:56.000",-184,1740.78,2575.21,27764.7,0
"uptake_stem","2000-01-06 00:56:57.000",-183,1741.4,2576.96,27796.4,0
"uptake_stem","2000-01-06 00:56:58.000",-182,1743.43,2579.45,27939.1,0
"uptake_stem","2000-01-06 00:56:59.000",-181,1743.36,2581.63,27978.1,0
"uptake_stem","2000-01-06 00:57:00.000",-180,1742.01,2580.67,27950.2,0
"uptake_stem","2000-01-06 00:57:01.000",-179,1739.68,2574.16,27777.5,0
"uptake_stem","2000-01-06 00:57:02.000",-178,1743.89,2576.03,27758.5,0
"uptake_stem","2000-01-06 00:57:03.000",-177,1688.53,2560.42,27880.5,0
"uptake_stem","2000-01-06 00:57:04.000",-176,1476.96,2476.26,27845.8,0
"uptake_stem","2000-01-06 00:57:05.000",-175,1247.29,2366.63,27793.2,0
"uptake_stem","2000-01-06 00:57:06.000",-174,1057.91,2279.31,27908,0
"uptake_stem","2000-01-06 00:57:07.000",-173,888.368,2218.24,27769.9,0
"uptake_stem","2000-01-06 00:57:08.000",-172,781.026,2178.51,27505.2,0
"uptake_stem","2000-01-06 00:57:09.000",-171,712.944,2142.56,27452.2,0
"uptake_stem","2000-01-06 00:57:10.000",-170,651.302,2114.12,27394.1,0
"uptake_stem","2000-01-06 00:57:11.000",-169,597.864,2096.21,27467.6,0
"uptake_stem","2000-01-06 00:57:12.000",-168,557.05,2083.85,27369.3,0
"uptake_stem","2000-01-06 00:57:13.000",-167,528.124,2078.23,27362.5,0
"uptake_stem","2000-01-06 00:57:14.000",-166,504.287,2071.28,27394.6,0
"uptake_stem","2000-01-06 00:57:15.000",-165,484.414,2068.31,27394.9,0
"uptake_stem","2000-01-06 00:57:16.000",-164,467.065,2064.32,27050.9,0
"uptake_stem","2000-01-06 00:57:17.000",-163,454.929,2058.85,27137,0
"uptake_stem","2000-01-06 00:57:18.000",-162,457.199,2056.49,27120.8,0
"uptake_stem","2000-01-06 00:57:19.000",-161,502.133,2051.26,27123.3,0
"uptake_stem","2000-01-06 00:57:20.000",-160,539.297,2056.46,27150.4,0
"uptake_stem","2000-01-06 00:57:21.000",-159,542.307,2049.88,27123.6,0
"uptake_stem","2000-01-06 00:57:22.000",-158,511.883,2049.94,27136.4,0
"uptake_stem","2000-01-06 00:57:23.000",-157,486.705,2051.41,26991.1,0
"uptake_stem","2000-01-06 00:57:24.000",-156,466.206,2051.4,27012.9,0
"uptake_stem","2000-01-06 00:57:25.000",-155,449.845,2051.03,26925.4,0
"uptake_stem","2000-01-06 00:57:26.000",-154,438.002,2053.74,27183.6,0
"uptake_stem","2000-01-06 00:57:27.000",-153,431.084,2052.3,27098.2,0
"uptake_stem","2000-01-06 00:57:28.000",-152,426.442,2045.09,26906,0
"uptake_stem","2000-01-06 00:57:29.000",-151,421.733,2048.26,27206.1,0
"uptake_stem","2000-01-06 00:57:30.000",-150,418.484,2046.67,27186.5,0
"uptake_stem","2000-01-06 00:57:31.000",-149,421.452,2048.92,27281.3,0
"uptake_stem","2000-01-06 00:57:32.000",-148,431.799,2044.43,27124.8,0
"uptake_stem","2000-01-06 00:57:33.000",-147,436.107,2048.28,27138.2,0
"uptake_stem","2000-01-06 00:57:34.000",-146,428.7,2050.58,27167.5,0
"uptake_stem","2000-01-06 00:57:35.000",-145,423.115,2052.59,27102.2,0
"uptake_stem","2000-01-06 00:57:36.000",-144,421.44,2050.66,27156,0
"uptake_stem","2000-01-06 00:57:37.000",-143,420.497,2049.5,27070.1,0
"uptake_stem","2000-01-06 00:57:38.000",-142,420.97,2046.93,26917,0
"uptake_stem","2000-01-06 00:57:39.000",-141,421.811,2046.07,27142.9,0
"uptake_stem","2000-01-06 00:57:40.000",-140,421.39,2047.76,26992.1,0
"uptake_stem","2000-01-06 00:57:41.000",-139,417.473,2047.49,27067,0
"uptake_stem","2000-01-06 00:57:42.000",-138,414.68,2049.04,27066,0
"uptake_stem","2000-01-06 00:57:43.000",-137,413.299,2046.99,27096.8,0
"uptake_stem","2000-01-06 00:57:44.000",-136,411.947,2046.95,27343.8,0
"uptake_stem","2000-01-06 00:57:45.000",-135,412.214,2048.14,27419.5,0
"uptake_stem","2000-01-06 00:57:46.000",-134,412.484,2044.5,27497.4,0
"uptake_stem","2000-01-06 00:57:47.000",-133,413.165,2045.53,27919.3,0
"uptake_stem","2000-01-06 00:57:48.000",-132,413.924,2046.09,28088.7,0
"uptake_stem","2000-01-06 00:57:49.000",-131,413.264,2046.39,28282.3,0
"uptake_stem","2000-01-06 00:57:50.000",-130,416.141,2046.41,28384.4,0
"uptake_stem","2000-01-06 00:57:51.000",-129,418.603,2045,28324,0
"uptake_stem","2000-01-06 00:57:52.000",-128,419.489,2044.47,28425.1,0
"uptake_stem","2000-01-06 00:57:53.000",-127,419.912,2044.77,28224.4,0
"uptake_stem","2000-01-06 00:57:54.000",-126,420.416,2043.4,27989.3,0
"uptake_stem","2000-01-06 00:57:55.000",-125,419.846,2047.01,28263.2,0
"uptake_stem","2000-01-06 00:57:56.000",-124,419.493,2048.6,28007.4,0
"uptake_stem","2000-01-06 00:57:57.000",-123,420.078,2045.28,27804.2,0
"uptake_stem","2000-01-06 00:57:58.000",-122,418.261,2044.71,27646,0
"uptake_stem","2000-01-06 00:57:59.000",-121,417.001,2049.21,27743.7,0
"uptake_stem","2000-01-06 00:58:00.000",-120,414.333,2048.02,27714.8,0
"uptake_stem","2000-01-06 00:58:01.000",-119,410.624,2047.61,27353.7,0
"uptake_stem","2000-01-06 00:58:02.000",-118,408.992,2048.98,27549.7,0
"uptake_stem","2000-01-06 00:58:03.000",-117,408.125,2046.74,27265.7,0
"uptake_stem","2000-01-06 00:58:04.000",-116,407.675,2049.23,27235.5,0
"uptake_stem","2000-01-06 00:58:05.000",-115,407.32,2050.42,27272.6,0
"uptake_stem","2000-01-06 00:58:06.000",-114,415.918,2053.92,27141.3,0
"uptake_stem","2000-01-06 00:58:07.000",-113,426.358,2052.26,27143.8,0
"uptake_stem","2000-01-06 00:58:08.000",-112,432.788,2052.83,27139.3,0
"uptake_stem","2000-01-06 00:58:09.000",-111,430.849,2051.98,27049.8,0
"uptake_stem","2000-01-06 00:58:10.000",-110,427.989,2052.42,27138.4,0
"uptake_stem","2000-01-06 00:58:11.000",-109,428.515,2052.97,27123.3,0
"uptake_stem","2000-01-06 00:58:12.000",-108,424.846,2053.05,27094.2,0
"uptake_stem","2000-01-06 00:58:13.000",-107,421.652,2053.29,27052.8,0
"uptake_stem","2000-01-06 00:58:14.000",-106,419.619,2051.43,27056.9,0
"uptake_stem","2000-01-06 00:58:15.000",-105,422.829,2055.81,27003.6,0
"uptake_stem","2000-01-06 00:58:16.000",-104,423.909,2050.92,27101.2,0
"uptake_stem","2000-01-06 00:58:17.000",-103,424.879,2046.76,27028.8,0
"uptake_stem","2000-01-06 00:58:18.000",-102,423.112,2044.51,27214,0
"uptake_stem","2000-01-06 00:58:19.000",-101,418.883,2045.83,27202.5,0
"uptake_stem","2000-01-06 00:58:20.000",-100,414.184,2046.57,26979.8,0
"uptake_stem","2000-01-06 00:58:21.000",-99,411.963,2046.96,27035.5,0
"uptake_stem","2000-01-06 00:58:22.000",-98,415.048,2044.53,26885.7,0
"uptake_stem","2000-01-06 00:58:23.000",-97,417.643,2040.67,27058.5,0
"uptake_stem","2000-01-06 00:58:24.000",-96,420.935,2039.04,26981.1,0
"uptake_stem","2000-01-06 00:58:25.000",-95,423.91,2045.89,27196.4,0
"uptake_stem","2000-01-06 00:58:26.000",-94,421.042,2040.35,27199,0
"uptake_stem","2000-01-06 00:58:27.000",-93,421.409,2045.5,27212.7,0
"uptake_stem","2000-01-06 00:58:28.000",-92,422.141,2041.9,27173.2,0
"uptake_stem","2000-01-06 00:58:29.000",-91,422.33,2039.83,27032.6,0
"uptake_stem","2000-01-06 00:58:30.000",-90,422.75,2037.31,27136.6,0
"uptake_stem","2000-01-06 00:58:31.000",-89,422.545,2039.64,27097.4,0
"uptake_stem","2000-01-06 00:58:32.000",-88,421.636,2037.36,27312.8,0
"uptake_stem","2000-01-06 00:58:33.000",-87,421.483,2035.92,27185.5,0
"uptake_stem","2000-01-06 00:58:34.000",-86,418.815,2040.91,27384.7,0
"uptake_stem","2000-01-06 00:58:35.000",-85,416.398,2042.51,27236.4,0
"uptake_stem","2000-01-06 00:58:36.000",-84,415.636,2040.74,27361.9,0
"uptake_stem","2000-01-06 00:58:37.000",-83,413.69,2041.36,27209.7,0
"uptake_stem","2000-01-06 00:58:38.000",-82,413.146,2040.86,27324.1,0
"uptake_stem","2000-01-06 00:58:39.000",-81,410.818,2043.28,27045,0
"uptake_stem","2000-01-06 00:58:40.000",-80,408.405,2042.44,27201.4,0
"uptake_stem","2000-01-06 00:58:41.000",-79,408.94,2041.37,27263.4,0
"uptake_stem","2000-01-06 00:58:42.000",-78,408.002,2039.87,27142.8,0
"uptake_stem","2000-01-06 00:58:43.000",-77,409.278,2042.13,27161.9,0
"uptake_stem","2000-01-06 00:58:44.000",-76,406.705,2044.26,27081.1,0
"uptake_stem","2000-01-06 00:58:45.000",-75,407.393,2039.46,27046.5,0
"uptake_stem","2000-01-06 00:58:46.000",-74,409.099,2041.78,27095,0
"uptake_stem","2000-01-06 00:58:47.000",-73,409.48,2038.06,26934.8,0
"uptake_stem","2000-01-06 00:58:48.000",-72,409.539,2040.42,27047.5,0
"uptake_stem","2000-01-06 00:58:49.000",-71,419.211,2039.87,27107.3,0
"uptake_stem","2000-01-06 00:58:50.000",-70,465.888,2042.05,26945.1,0
"uptake_stem","2000-01-06 00:58:51.000",-69,510.147,2040.62,27198.5,0
"uptake_stem","2000-01-06 00:58:52.000",-68,515.63,2041.28,27244.3,0
"uptake_stem","2000-01-06 00:58:53.000",-67,500.865,2039.79,27158.4,0
"uptake_stem","2000-01-06 00:58:54.000",-66,500.954,2021.29,27300,0
"uptake_stem","2000-01-06 00:58:55.000",-65,498.613,2018.14,27203.2,0
"uptake_stem","2000-01-06 00:58:56.000",-64,487.781,2022.07,27385.6,0
"uptake_stem","2000-01-06 00:58:57.000",-63,475.263,2027.66,27310,0
"uptake_stem","2000-01-06 00:58:58.000",-62,462.356,2034.02,27442.1,0
"uptake_stem","2000-01-06 00:58:59.000",-61,450.219,2037.02,27515.2,0
"uptake_stem","2000-01-06 00:59:00.000",-60,441.878,2037.57,27192.2,0
"uptake_stem","2000-01-06 00:59:01.000",-59,436.934,2039.46,27186.9,0
"uptake_stem","2000-01-06 00:59:02.000",-58,432.941,2041.14,27042.7,0
"uptake_stem","2000-01-06 00:59:03.000",-57,430.648,2040.35,27173.5,0
"uptake_stem","2000-01-06 00:59:04.000",-56,428.609,2040.05,27056.7,0
"uptake_stem","2000-01-06 00:59:05.000",-55,427.236,2042.4,27220.2,0
"uptake_stem","2000-01-06 00:59:06.000",-54,426.312,2043.62,27006.8,0
"uptake_stem","2000-01-06 00:59:07.000",-53,425.6,2042.43,27137.7,0
"uptake_stem","2000-01-06 00:59:08.000",-52,424.399,2044.36,27027.7,0
"uptake_stem","2000-01-06 00:59:09.000",-51,423.627,2041.75,27043.9,0
"uptake_stem","2000-01-06 00:59:10.000",-50,423.057,2041.68,27045.3,0
"uptake_stem","2000-01-06 00:59:11.000",-49,422.522,2040.21,27080.1,0
"uptake_stem","2000-01-06 00:59:12.000",-48,421.238,2036.5,27111.9,0
"uptake_stem","2000-01-06 00:59:13.000",-47,419.837,2039.49,26891,0
"uptake_stem","2000-01-06 00:59:14.000",-46,420.098,2038.47,27016.3,0
"uptake_stem","2000-01-06 00:59:15.000",-45,418.955,2039.11,27029,0
"uptake_stem","2000-01-06 00:59:16.000",-44,418.164,2040.7,27092.8,0
"uptake_stem","2000-01-06 00:59:17.000",-43,418.404,2041.42,26979.4,0
"uptake_stem","2000-01-06 00:59:18.000",-42,418.616,2041.22,27071,0
"uptake_stem","2000-01-06 00:59:19.000",-41,417.852,2039.99,26985,0
"uptake_stem","2000-01-06 00:59:20.000",-40,417.374,2036.66,27050.3,0
"uptake_stem","2000-01-06 00:59:21.000",-39,418.609,2041.48,27121.1,0
"uptake_stem","2000-01-06 00:59:22.000",-38,417.088,2041.04,26920.8,0
"uptake_stem","2000-01-06 00:59:23.000",-37,416.648,2042.85,26919.7,0
"uptake_stem","2000-01-06 00:59:24.000",-36,416.124,2042.53,27047,0
"uptake_stem","2000-01-06 00:59:25.000",-35,416.626,2041.16,27103.8,0
"uptake_stem","2000-01-06 00:59:26.000",-34,414.961,2037.77,26912.2,0
"uptake_stem","2000-01-06 00:59:27.000",-33,418.136,2038.07,26961.9,0
"uptake_stem","2000-01-06 00:59:28.000",-32,417.803,2040,27013.2,0
"uptake_stem","2000-01-06 00:59:29.000",-31,419.44,2041.1,27161.9,0
"uptake_stem","2000-01-06 00:59:30.000",-30,420.475,2038.76,27148.8,0
"uptake_stem","2000-01-06 00:59:31.000",-29,420.596,2037.36,27205.7,0
"uptake_stem","2000-01-06 00:59:32.000",-28,421.312,2035.48,27073,0
"uptake_stem","2000-01-06 00:59:33.000",-27,422.465,2039.47,26900.3,0
"uptake_stem","2000-01-06 00:59:34.000",-26,421.888,2034.94,26943.5,0
"uptake_stem","2000-01-06 00:59:35.000",-25,422.361,2038.39,27134.9,0
"uptake_stem","2000-01-06 00:59:36.000",-24,422.536,2037.47,27307.5,0
"uptake_stem","2000-01-06 00:59:37.000",-23,423.086,2037.52,27231.2,0
"uptake_stem","2000-01-06 00:59:37.000",-23,423.254,2035.13,27015.3,0
"uptake_stem","2000-01-06 00:59:38.000",-22,422.063,2041.85,27212.1,0
"uptake_stem","2000-01-06 00:59:39.000",-21,421.933,2035.55,27016.9,0
"uptake_stem","2000-01-06 00:59:40.000",-20,421.416,2038.16,27156.5,0
"uptake_stem","2000-01-06 00:59:41.000",-19,420.856,2040.91,27118.7,0
"uptake_stem","2000-01-06 00:59:42.000",-18,422.433,2039.19,27236.8,0
"uptake_stem","2000-01-06 00:59:43.000",-17,423.666,2036.25,26972.7,0
"uptake_stem","2000-01-06 00:59:44.000",-16,425.233,2033.22,27084.9,0
"uptake_stem","2000-01-06 00:59:45.000",-15,425.506,2034.8,26919.4,0
"uptake_stem","2000-01-06 00:59:46.000",-14,428.738,2035.9,27103.8,0
"uptake_stem","2000-01-06 00:59:47.000",-13,428.59,2034.25,27282,0
"uptake_stem","2000-01-06 00:59:48.000",-12,427.252,2037.53,27160.7,0
"uptake_stem","2000-01-06 00:59:49.000",-11,428.937,2035.64,27176.1,0
"uptake_stem","2000-01-06 00:59:50.000",-10,429.632,2033.45,27029.1,0
"uptake_stem","2000-01-06 00:59:51.000",-9,428.456,2036.37,27019.7,0
"uptake_stem","2000-01-06 00:59:52.000",-8,427.818,2030.08,27117.8,0
"uptake_stem","2000-01-06 00:59:53.000",-7,428.62,2036.46,27164,0
"uptake_stem","2000-01-06 00:59:54.000",-6,429.554,2029.48,27236,0
"uptake_stem","2000-01-06 00:59:55.000",-5,431.108,2035.62,27141,0
"uptake_stem","2000-01-06 00:59:56.000",-4,432.256,2031.44,27211.3,0
"uptake_stem","2000-01-06 00:59:57.000",-3,433.028,2036.68,27171.4,0
"uptake_stem","2000-01-06 00:59:58.000",-2,433.679,2033.04,27261.8,0
"uptake_stem","2000-01-06 00:59:59.000",-1,436.116,2032.67,27100.2,0
"uptake_stem","2000-01-06 01:00:00.000",0,436.452,2032.31,27146.2,0
"uptake_stem","2000-01-06 01:00:01.000",1,435.319,2033.81,27081.9,0
"uptake_stem","2000-01-06 01:00:02.000",2,436.558,2033.66,26881.5,0
"uptake_stem","2000-01-06 01:00:03.000",3,437.381,2038.46,27217.7,0
"uptake_stem","2000-01-06 01:00:04.000",4,438.277,2036.38,27039.8,0
"uptake_stem","2000-01-06 01:00:05.000",5,436.448,2032.41,27136.5,0
"uptake_stem","2000-01-06 01:00:06.000",6,438.185,2031.65,27001.4,0
"uptake_stem","2000-01-06 01:00:07.000",7,436.348,2035.37,27063.4,0
"uptake_stem","2000-01-06 01:00:08.000",8,437.004,2036.18,27320.6,0
"uptake_stem","2000-01-06 01:00:09.000",9,437.83,2037.4,27190.9,0
"uptake_stem","2000-01-06 01:00:10.000",10,438.468,2036.98,27240.9,0
"uptake_stem","2000-01-06 01:00:11.000",11,437.557,2035.3,27105.3,0
"uptake_stem","2000-01-06 01:00:12.000",12,436.726,2032.27,27200.9,0
"uptake_stem","2000-01-06 01:00:13.000",13,438.067,2038.28,26978.8,0
"uptake_stem","2000-01-06 01:00:14.000",14,437.991,2031.49,27186.6,1
"uptake_stem","2000-01-06 01:00:15.000",15,439.962,2034.98,27200,1
"uptake_stem","2000-01-06 01:00:16.000",16,439.221,2035.31,27132.4,1
"uptake_stem","2000-01-06 01:00:17.000",17,440.568,2032.84,27175,1
"uptake_stem","2000-01-06 01:00:18.000",18,440.141,2031.2,27024.8,1
"uptake_stem","2000-01-06 01:00:19.000",19,441.419,2034.68,27088.2,1
"uptake_stem","2000-01-06 01:00:20.000",20,442.886,2034.76,27107.3,1
"uptake_stem","2000-01-06 01:00:21.000",21,443.889,2032.37,27087.3,1
"uptake_stem","2000-01-06 01:00:22.000",22,445.887,2029.44,26937.6,1
"uptake_stem","2000-01-06 01:00:23.000",23,445.448,2033,27290.5,1
"uptake_stem","2000-01-06 01:00:24.000",24,447.392,2033.48,27184.5,1
"uptake_stem","2000-01-06 01:00:25.000",25,446.259,2031.51,27189.3,1
"uptake_stem","2000-01-06 01:00:26.000",26,446.413,2030.19,26958.8,1
"uptake_stem","2000-01-06 01:00:27.000",27,446.514,2034.55,27179.2,1
"uptake_stem","2000-01-06 01:00:28.000",28,446.994,2029.66,27307.2,1
"uptake_stem","2000-01-06 01:00:29.000",29,448.296,2030.06,27226.3,1
"uptake_stem","2000-01-06 01:00:30.000",30,447.73,2034.71,27112.9,1
"uptake_stem","2000-01-06 01:00:31.000",31,448.434,2032.77,27184.2,1
"uptake_stem","2000-01-06 01:00:32.000",32,448.766,2033.51,27122.2,1
"uptake_stem","2000-01-06 01:00:33.000",33,449.536,2034.13,27073.1,1
"uptake_stem","2000-01-06 01:00:34.000",34,451.313,2033.88,27300.4,1
"uptake_stem","2000-01-06 01:00:35.000",35,453.351,2032.36,27563.7,1
"uptake_stem","2000-01-06 01:00:36.000",36,453.031,2037.62,27506.4,1
"uptake_stem","2000-01-06 01:00:37.000",37,451.902,2033.63,27339.4,1
"uptake_stem","2000-01-06 01:00:38.000",38,453.789,2028.24,27244.4,1
"uptake_stem","2000-01-06 01:00:39.000",39,453.847,2030.5,27274,1
"uptake_stem","2000-01-06 01:00:40.000",40,454.75,2028.29,27231.5,1
"uptake_stem","2000-01-06 01:00:41.000",41,456.623,2032.08,27332.1,1
"uptake_stem","2000-01-06 01:00:42.000",42,457.121,2027.29,27322.6,1
"uptake_stem","2000-01-06 01:00:43.000",43,457.454,2033.2,27313.6,1
"uptake_stem","2000-01-06 01:00:44.000",44,457.754,2028.95,27400.5,1
"uptake_stem","2000-01-06 01:00:45.000",45,457.585,2030.17,27402,1
"uptake_stem","2000-01-06 01:00:46.000",46,460.142,2026.72,27182.9,1
"uptake_stem","2000-01-06 01:00:47.000",47,459.872,2031.37,27233.9,1
"uptake_stem","2000-01-06 01:00:48.000",48,460.026,2024.99,27296.1,1
"uptake_stem","2000-01-06 01:00:49.000",49,460.387,2026.96,27227,1
"uptake_stem","2000-01-06 01:00:50.000",50,460.448,2026.89,27340.5,1
"uptake_stem","2000-01-06 01:00:51.000",51,462.356,2027.34,27338.9,1
"uptake_stem","2000-01-06 01:00:52.000",52,462.018,2027.66,27473.4,1
"uptake_stem","2000-01-06 01:00:53.000",53,462.72,2025.8,27463.3,1
"uptake_stem","2000-01-06 01:00:54.000",54,464.072,2029.12,27455,1
"uptake_stem","2000-01-06 01:00:55.000",55,462.898,2030.43,27405.4,1
"uptake_stem","2000-01-06 01:00:56.000",56,465.618,2029.39,27423.3,1
"uptake_stem","2000-01-06 01:00:57.000",57,465.107,2026.43,27334.6,1
"uptake_stem","2000-01-06 01:00:58.000",58,465.733,2027.04,27371.9,1
"uptake_stem","2000-01-06 01:00:59.000",59,467.026,2027.11,27534,1
"uptake_stem","2000-01-06 01:01:00.000",60,468.224,2026.24,27373.7,1
"uptake_stem","2000-01-06 01:01:01.000",61,467.836,2029.01,27501,1
"uptake_stem","2000-01-06 01:01:02.000",62,468.081,2027.57,27496.5,1
"uptake_stem","2000-01-06 01:01:03.000",63,469.202,2025.27,27590.4,1
"uptake_stem","2000-01-06 01:01:04.000",64,468.28,2025.7,27481.9,1
"uptake_stem","2000-01-06 01:01:05.000",65,469.309,2025.06,27384.7,1
"uptake_stem","2000-01-06 01:01:06.000",66,469.115,2023.12,27454.3,1
"uptake_stem","2000-01-06 01:01:07.000",67,469.258,2023.85,27411.2,1
"uptake_stem","2000-01-06 01:01:08.000",68,470.256,2025.36,27534.1,1
"uptake_stem","2000-01-06 01:01:09.000",69,471.276,2021.72,27432.8,1
"uptake_stem","2000-01-06 01:01:10.000",70,474.174,2024.02,27598.8,1
"uptake_stem","2000-01-06 01:01:11.000",71,475.964,2027.34,27587.6,1
"uptake_stem","2000-01-06 01:01:12.000",72,477.482,2022.71,27512.4,1
"uptake_stem","2000-01-06 01:01:13.000",73,475.799,2024.8,27613.7,1
"uptake_stem","2000-01-06 01:01:14.000",74,475.711,2019.93,27375.9,1
"uptake_stem","2000-01-06 01:01:15.000",75,476.489,2019.55,27274,1
"uptake_stem","2000-01-06 01:01:16.000",76,475.501,2023.42,27418.9,1
"uptake_stem","2000-01-06 01:01:17.000",77,478.433,2022.01,27294.2,1
"uptake_stem","2000-01-06 01:01:18.000",78,479.749,2021.56,27401.1,1
"uptake_stem","2000-01-06 01:01:19.000",79,478.688,2018.32,27433.3,1
"uptake_stem","2000-01-06 01:01:20.000",80,481.61,2022.82,27578.8,1
"uptake_stem","2000-01-06 01:01:21.000",81,481.968,2022.42,27501.7,1
"uptake_stem","2000-01-06 01:01:22.000",82,483.703,2020.19,27485.2,1
"uptake_stem","2000-01-06 01:01:23.000",83,483.388,2021.78,27338.2,1
"uptake_stem","2000-01-06 01:01:24.000",84,484.666,2022.36,27323.5,1
"uptake_stem","2000-01-06 01:01:25.000",85,485.406,2021.49,27374.6,1
"uptake_stem","2000-01-06 01:01:26.000",86,486.781,2019.9,27386.3,1
"uptake_stem","2000-01-06 01:01:27.000",87,488.074,2018.85,27343.2,1
"uptake_stem","2000-01-06 01:01:28.000",88,487.893,2018.83,27272.4,1
"uptake_stem","2000-01-06 01:01:29.000",89,489.802,2020.47,27687,1
"uptake_stem","2000-01-06 01:01:30.000",90,493.673,2012.46,27437.8,1
"uptake_stem","2000-01-06 01:01:31.000",91,493.156,2018.28,27357.8,1
"uptake_stem","2000-01-06 01:01:32.000",92,493.537,2012.57,27407.3,1
"uptake_stem","2000-01-06 01:01:33.000",93,493.142,2012.86,27367.5,1
"uptake_stem","2000-01-06 01:01:34.000",94,493.378,2013.9,27390.6,1
"uptake_stem","2000-01-06 01:01:35.000",95,492.532,2013.03,27423.3,1
"uptake_stem","2000-01-06 01:01:36.000",96,494.167,2020.78,27544.8,1
"uptake_stem","2000-01-06 01:01:37.000",97,493.668,2017.66,27386.3,1
"uptake_stem","2000-01-06 01:01:38.000",98,494.061,2014.78,27592.7,1
"uptake_stem","2000-01-06 01:01:39.000",99,495.211,2013.64,27394.6,1
"uptake_stem","2000-01-06 01:01:40.000",100,493.737,2015.33,27365.7,1
"uptake_stem","2000-01-06 01:01:41.000",101,494.622,2011.4,27368,1
"uptake_stem","2000-01-06 01:01:42.000",102,495.639,2011.42,27319,1
"uptake_stem","2000-01-06 01:01:43.000",103,497.144,2014.11,27385.4,1
"uptake_stem","2000-01-06 01:01:44.000",104,496.068,2009.76,27232.7,1
"uptake_stem","2000-01-06 01:01:45.000",105,497.522,2014.59,27299.1,1
"uptake_stem","2000-01-06 01:01:46.000",106,499.564,2010.72,27450.8,1
"uptake_stem","2000-01-06 01:01:47.000",107,498.42,2012.56,27466.8,1
"uptake_stem","2000-01-06 01:01:48.000",108,499.235,2012.52,27535.6,1
"uptake_stem","2000-01-06 01:01:49.000",109,501.621,2015.79,27331.6,1
"uptake_stem","2000-01-06 01:01:50.000",110,500.291,2013.17,27360.7,1
"uptake_stem","2000-01-06 01:01:51.000",111,502.835,2016.6,27374.8,1
"uptake_stem","2000-01-06 01:01:52.000",112,505.494,2013.09,27422.5,1
"uptake_stem","2000-01-06 01:01:53.000",113,504.422,2010.73,27393.5,1
"uptake_stem","2000-01-06 01:01:54.000",114,504.694,2009.43,27348.4,1
"uptake_stem","2000-01-06 01:01:55.000",115,505.049,2008.38,27627.6,1
"uptake_stem","2000-01-06 01:01:56.000",116,505.576,2008.91,27411.2,1
"uptake_stem","2000-01-06 01:01:57.000",117,506.886,2010.57,27258.7,1
"uptake_stem","2000-01-06 01:01:58.000",118,507.451,2007.93,27420.1,1
"uptake_stem","2000-01-06 01:01:59.000",119,508.142,2007.59,27345,1
"uptake_stem","2000-01-06 01:02:00.000",120,507.573,2004.76,27397.6,1
"uptake_stem","2000-01-06 01:02:01.000",121,509.461,2009.37,27357.5,1
"uptake_stem","2000-01-06 01:02:02.000",122,510.858,2007.73,27260.1,1
"uptake_stem","2000-01-06 01:02:03.000",123,509.673,2010.63,27469.4,1
"uptake_stem","2000-01-06 01:02:04.000",124,512.454,2007.69,27382,1
"uptake_stem","2000-01-06 01:02:05.000",125,511.735,2009.92,27423.3,1
"uptake_stem","2000-01-06 01:02:06.000",126,514.538,2009.27,27496.5,1
"uptake_stem","2000-01-06 01:02:07.000",127,515.653,2003.8,27380.3,1
"uptake_stem","2000-01-06 01:02:08.000",128,515.8,2005.42,27321.6,1
"uptake_stem","2000-01-06 01:02:09.000",129,516.307,2009.04,27659.6,1
"uptake_stem","2000-01-06 01:02:10.000",130,517.118,2006.41,27358.2,1
"uptake_stem","2000-01-06 01:02:11.000",131,518.297,2007.11,27449.3,1
"uptake_stem","2000-01-06 01:02:12.000",132,519.986,2003.1,27439,1
"uptake_stem","2000-01-06 01:02:13.000",133,520.593,2002.11,27513.6,1
"uptake_stem","2000-01-06 01:02:14.000",134,520.354,2004.22,27375,1
"uptake_stem","2000-01-06 01:02:15.000",135,521.142,2006.61,27298.7,1
"uptake_stem","2000-01-06 01:02:16.000",136,523.376,2002.51,27343.1,1
"uptake_stem","2000-01-06 01:02:17.000",137,525.162,2004.57,27454.8,1
"uptake_stem","2000-01-06 01:02:18.000",138,523.035,2000.92,27438.1,1
"uptake_stem","2000-01-06 01:02:19.000",139,524.845,2002.08,27377.4,1
"uptake_stem","2000-01-06 01:02:20.000",140,525.132,2005.36,27321.1,1
"uptake_stem","2000-01-06 01:02:21.000",141,525.251,2002.86,27235.4,1
"uptake_stem","2000-01-06 01:02:22.000",142,524.671,2004.26,27516.8,1
"uptake_stem","2000-01-06 01:02:23.000",143,527.228,2003.67,27516.6,1
"uptake_stem","2000-01-06 01:02:24.000",144,529.271,2006.1,27299.1,1
"uptake_stem","2000-01-06 01:02:25.000",145,528.879,2002.92,27198.8,1
"uptake_stem","2000-01-06 01:02:26.000",146,528.884,2001.51,27417.6,1
"uptake_stem","2000-01-06 01:02:27.000",147,529.108,2003.3,27300.1,1
"uptake_stem","2000-01-06 01:02:28.000",148,529.112,2003.93,27507.8,1
"uptake_stem","2000-01-06 01:02:29.000",149,530.643,2004.69,27674.2,1
"uptake_stem","2000-01-06 01:02:30.000",150,530.173,2005.51,27419.2,1
"uptake_stem","2000-01-06 01:02:31.000",151,531.213,2002.01,27558.6,1
"uptake_stem","2000-01-06 01:02:32.000",152,532.46,2000.61,27373.4,1
"uptake_stem","2000-01-06 01:02:33.000",153,534.235,2002.64,27459.2,1
"uptake_stem","2000-01-06 01:02:34.000",154,535.562,2001.71,27346.8,1
"uptake_stem","2000-01-06 01:02:35.000",155,535.715,1998,27566.3,1
"uptake_stem","2000-01-06 01:02:36.000",156,537.459,2004.26,27475,1
"uptake_stem","2000-01-06 01:02:37.000",157,537.488,1998.58,27470.7,1
"uptake_stem","2000-01-06 01:02:38.000",158,539.765,1999.75,27559.3,1
"uptake_stem","2000-01-06 01:02:39.000",159,538.972,1995.7,27441,1
"uptake_stem","2000-01-06 01:02:40.000",160,539.033,1996.64,27527.4,1
"uptake_stem","2000-01-06 01:02:41.000",161,540.884,1998.17,27435.7,1
"uptake_stem","2000-01-06 01:02:42.000",162,540.844,1998.31,27289.7,1
"uptake_stem","2000-01-06 01:02:43.000",163,541.72,1995.62,27431.8,1
"uptake_stem","2000-01-06 01:02:43.000",163,542.326,1996.1,27625.9,1
"uptake_stem","2000-01-06 01:02:44.000",164,542.385,1994.49,27614,1
"uptake_stem","2000-01-06 01:02:45.000",165,544.368,1994.97,27431.4,1
"uptake_stem","2000-01-06 01:02:46.000",166,544.699,1991.56,27326,1
"uptake_stem","2000-01-06 01:02:47.000",167,545.053,1994.14,27322.8,1
"uptake_stem","2000-01-06 01:02:48.000",168,545.786,1994.21,27412.6,1
"uptake_stem","2000-01-06 01:02:49.000",169,545.572,1997.56,27309.4,1
"uptake_stem","2000-01-06 01:02:50.000",170,547.375,1996.57,27491.7,1
"uptake_stem","2000-01-06 01:02:51.000",171,548.231,1994.87,27454.1,1
"uptake_stem","2000-01-06 01:02:52.000",172,549.728,1996.58,27397,1
"uptake_stem","2000-01-06 01:02:53.000",173,549.977,1995.3,27287.8,1
"uptake_stem","2000-01-06 01:02:54.000",174,551.835,1994.36,27450.8,1
"uptake_stem","2000-01-06 01:02:55.000",175,554.134,1992.76,27422.6,1
"uptake_stem","2000-01-06 01:02:56.000",176,554.586,1990.52,27360.9,1
"uptake_stem","2000-01-06 01:02:57.000",177,555.11,1994.01,27274.8,1
"uptake_stem","2000-01-06 01:02:58.000",178,556.484,1993.41,27304.7,1
"uptake_stem","2000-01-06 01:02:59.000",179,558.215,1992.1,27292.1,1
"uptake_stem","2000-01-06 01:03:00.000",180,556.779,1995.19,27452.6,1
"uptake_stem","2000-01-06 01:03:01.000",181,557.184,1992.41,27364.4,1
"uptake_stem","2000-01-06 01:03:02.000",182,557.349,1996.5,27355,1
"uptake_stem","2000-01-06 01:03:03.000",183,558.12,1992.96,27357.9,1
"uptake_stem","2000-01-06 01:03:04.000",184,556.534,1993.35,27106.6,1
"uptake_stem","2000-01-06 01:03:05.000",185,557.35,1992.99,27355.6,1
"uptake_stem","2000-01-06 01:03:06.000",186,556.835,1990.61,27322.1,1
"uptake_stem","2000-01-06 01:03:07.000",187,558.978,1992.83,27286.6,1
"uptake_stem","2000-01-06 01:03:08.000",188,560.313,1996.25,27414,1
"uptake_stem","2000-01-06 01:03:09.000",189,561.076,1992.44,27406.7,1
"uptake_stem","2000-01-06 01:03:10.000",190,561.478,1995.91,27408.6,1
"uptake_stem","2000-01-06 01:03:11.000",191,563.855,1988.19,27487.6,1
"uptake_stem","2000-01-06 01:03:12.000",192,563.012,1990.23,27397.9,1
"uptake_stem","2000-01-06 01:03:13.000",193,565.049,1992.83,27333.6,1
"uptake_stem","2000-01-06 01:03:14.000",194,565.215,1993.33,27486.6,1
"uptake_stem","2000-01-06 01:03:15.000",195,564.241,1988.95,27304.6,1
"uptake_stem","2000-01-06 01:03:16.000",196,564.472,1991.25,27395.7,1
"uptake_stem","2000-01-06 01:03:17.000",197,564.488,1990.84,27444.2,1
"uptake_stem","2000-01-06 01:03:18.000",198,565.868,1990.41,27308.2,1
"uptake_stem","2000-01-06 01:03:19.000",199,567.684,1986.57,27490.3,1
"uptake_stem","2000-01-06 01:03:20.000",200,568.565,1987.48,27593.5,1
"uptake_stem","2000-01-06 01:03:21.000",201,571.805,1986.51,27499.7,1
"uptake_stem","2000-01-06 01:03:22.000",202,573.593,1987.99,27507.4,1
"uptake_stem","2000-01-06 01:03:23.000",203,574.956,1987.92,27498,1
"uptake_stem","2000-01-06 01:03:24.000",204,577.208,1984.26,27643.1,1
"uptake_stem","2000-01-06 01:03:25.000",205,576.859,1984.87,27415.1,1
"uptake_stem","2000-01-06 01:03:26.000",206,577.51,1983.48,27421.2,1
"uptake_stem","2000-01-06 01:03:27.000",207,578.926,1985.7,27436.4,1
"uptake_stem","2000-01-06 01:03:28.000",208,579.323,1987.64,27656,1
"uptake_stem","2000-01-06 01:03:29.000",209,576.895,1985.85,27515.9,1
"uptake_stem","2000-01-06 01:03:30.000",210,578.566,1987.91,27465,1
"uptake_stem","2000-01-06 01:03:31.000",211,578.493,1987.7,27526.7,1
"uptake_stem","2000-01-06 01:03:32.000",212,580.008,1984.85,27585.6,1
"uptake_stem","2000-01-06 01:03:33.000",213,579.406,1985.88,27553.1,1
"uptake_stem","2000-01-06 01:03:34.000",214,580.777,1986.41,27419.3,1
"uptake_stem","2000-01-06 01:03:35.000",215,581.476,1985.95,27406.2,1
"uptake_stem","2000-01-06 01:03:36.000",216,583.538,1981.39,27453.1,1
"uptake_stem","2000-01-06 01:03:37.000",217,583.71,1981.53,27411.5,1
"uptake_stem","2000-01-06 01:03:38.000",218,584.53,1980.24,27365.5,1
"uptake_stem","2000-01-06 01:03:39.000",219,584.8,1982.16,27430,1
"uptake_stem","2000-01-06 01:03:40.000",220,584.948,1984.52,27473.1,1
"uptake_stem","2000-01-06 01:03:41.000",221,585.394,1983.55,27662.7,1
"uptake_stem","2000-01-06 01:03:42.000",222,586.199,1982.97,27479.5,1
"uptake_stem","2000-01-06 01:03:43.000",223,586.246,1982.91,27618.1,1
"uptake_stem","2000-01-06 01:03:44.000",224,586.15,1982.6,27436.2,1
"uptake_stem","2000-01-06 01:03:45.000",225,586.678,1983.55,27544.5,1
"uptake_stem","2000-01-06 01:03:46.000",226,587.18,1980.81,27464.7,1
"uptake_stem","2000-01-06 01:03:47.000",227,587.645,1980.26,27427,1
"uptake_stem","2000-01-06 01:03:48.000",228,587.04,1979.62,27573.9,1
"uptake_stem","2000-01-06 01:03:49.000",229,587.478,1982.21,27540.6,1
"uptake_stem","2000-01-06 01:03:50.000",230,589.055,1978.52,27520.4,1
"uptake_stem","2000-01-06 01:03:51.000",231,590.542,1977.48,27519.5,1
"uptake_stem","2000-01-06 01:03:52.000",232,591.976,1979.62,27663.1,1
"uptake_stem","2000-01-06 01:03:53.000",233,595.753,1979.01,27622.6,1
"uptake_stem","2000-01-06 01:03:54.000",234,597.047,1976.57,27644.1,1
"uptake_stem","2000-01-06 01:03:55.000",235,598.465,1977.76,27589.4,1
"uptake_stem","2000-01-06 01:03:56.000",236,602.114,1978.12,27662.9,1
"uptake_stem","2000-01-06 01:03:57.000",237,603.085,1975.11,27717.7,1
"uptake_stem","2000-01-06 01:03:58.000",238,603.371,1980.4,27544.8,1
"uptake_stem","2000-01-06 01:03:59.000",239,605.62,1973.9,27568.1,1
"uptake_stem","2000-01-06 01:04:00.000",240,607.193,1974.62,27613,1
"uptake_stem","2000-01-06 01:04:01.000",241,608.957,1972.62,27564.7,1
"uptake_stem","2000-01-06 01:04:02.000",242,607.488,1973.56,27489.5,1
"uptake_stem","2000-01-06 01:04:03.000",243,608.196,1977.51,27536.2,1
"uptake_stem","2000-01-06 01:04:04.000",244,609.684,1972.72,27739.9,1
"uptake_stem","2000-01-06 01:04:05.000",245,609.515,1973.15,27694.3,1
"uptake_stem","2000-01-06 01:04:06.000",246,609.742,1971.58,27619.4,1
"uptake_stem","2000-01-06 01:04:07.000",247,610.439,1973.35,27458.4,1
"uptake_stem","2000-01-06 01:04:08.000",248,610.118,1973.8,27568.8,1
"uptake_stem","2000-01-06 01:04:09.000",249,609.444,1972.8,27601.9,1
"uptake_stem","2000-01-06 01:04:10.000",250,608.495,1974.26,27682.4,1
"uptake_stem","2000-01-06 01:04:11.000",251,607.263,1971.53,27653.3,1
"uptake_stem","2000-01-06 01:04:12.000",252,607.698,1973.66,27661.7,1
"uptake_stem","2000-01-06 01:04:13.000",253,608.233,1971.44,27812.4,1
"uptake_stem","2000-01-06 01:04:14.000",254,606.875,1972.98,27778.8,1
"uptake_stem","2000-01-06 01:04:15.000",255,607.993,1974.6,27714.1,1
"uptake_stem","2000-01-06 01:04:16.000",256,608.749,1971.5,27610.2,1
"uptake_stem","2000-01-06 01:04:17.000",257,610.369,1972.53,27648.6,1
"uptake_stem","2000-01-06 01:04:18.000",258,611.271,1972.76,27567.5,1
"uptake_stem","2000-01-06 01:04:19.000",259,612.85,1972.44,27749.4,1
"uptake_stem","2000-01-06 01:04:20.000",260,611.436,1969.39,27799.6,1
"uptake_stem","2000-01-06 01:04:21.000",261,612.588,1972.08,27772.3,1
"uptake_stem","2000-01-06 01:04:22.000",262,613.552,1970.6,27706.9,1
"uptake_stem","2000-01-06 01:04:23.000",263,613.94,1966.63,27680.5,1
"uptake_stem","2000-01-06 01:04:24.000",264,613.218,1969.64,27671.2,1
"uptake_stem","2000-01-06 01:04:25.000",265,614.601,1966.63,27678.2,1
"uptake_stem","2000-01-06 01:04:26.000",266,616.066,1969.84,27586.1,1
"uptake_stem","2000-01-06 01:04:27.000",267,617.815,1965.97,27557.2,1
"uptake_stem","2000-01-06 01:04:28.000",268,618.859,1968.72,27722.4,1
"uptake_stem","2000-01-06 01:04:29.000",269,619.903,1967.59,27640,1
"uptake_stem","2000-01-06 01:04:30.000",270,622.797,1964.68,27711.4,1
"uptake_stem","2000-01-06 01:04:31.000",271,623.945,1963.8,27738.9,1
"uptake_stem","2000-01-06 01:04:32.000",272,625.318,1965.33,27575.9,1
"uptake_stem","2000-01-06 01:04:33.000",273,625.193,1967.4,27560.8,1
"uptake_stem","2000-01-06 01:04:34.000",274,625.409,1964.99,27747.1,1
"uptake_stem","2000-01-06 01:04:35.000",275,625.822,1965.38,27639.7,1
"uptake_stem","2000-01-06 01:04:36.000",276,625.748,1967.43,27621.3,1
"uptake_stem","2000-01-06 01:04:37.000",277,625.198,1966.72,27785.2,1
"uptake_stem","2000-01-06 01:04:38.000",278,626.721,1965.1,27861.5,1
"uptake_stem","2000-01-06 01:04:39.000",279,627.716,1967.58,27724.5,1
"uptake_stem","2000-01-06 01:04:40.000",280,626.848,1968.87,27784.3,1
"uptake_stem","2000-01-06 01:04:41.000",281,629.76,1965.8,27743.1,1
"uptake_stem","2000-01-06 01:04:42.000",282,631.022,1964.97,27620.1,1
"uptake_stem","2000-01-06 01:04:43.000",283,631.107,1964.57,27579,1
"uptake_stem","2000-01-06 01:04:44.000",284,632.932,1962.84,27628.5,1
"uptake_stem","2000-01-06 01:04:45.000",285,634.293,1965,27607.8,1
"uptake_stem","2000-01-06 01:04:46.000",286,635.317,1962.6,27704.7,1
"uptake_stem","2000-01-06 01:04:47.000",287,635.935,1963.04,27677.6,1
"uptake_stem","2000-01-06 01:04:48.000",288,634.948,1964.76,27770.2,1
"uptake_stem","2000-01-06 01:04:49.000",289,636.397,1966.95,27549.2,1
"uptake_stem","2000-01-06 01:04:50.000",290,637.221,1961.59,27686.3,1
"uptake_stem","2000-01-06 01:04:51.000",291,638.036,1964.93,27615.7,1
"uptake_stem","2000-01-06 01:04:52.000",292,636.698,1962.58,27470.4,1
"uptake_stem","2000-01-06 01:04:53.000",293,638.632,1965.83,27469.5,1
"uptake_stem","2000-01-06 01:04:54.000",294,640.136,1959.65,27394.3,1
"uptake_stem","2000-01-06 01:04:55.000",295,639.966,1961.65,27528.7,1
"uptake_stem","2000-01-06 01:04:56.000",296,641.635,1960.41,27564.9,1
"uptake_stem","2000-01-06 01:04:57.000",297,640.863,1959.92,27559.2,1
"uptake_stem","2000-01-06 01:04:58.000",298,640.771,1959.06,27477,1
"uptake_stem","2000-01-06 01:04:59.000",299,640.303,1961.67,27500.1,1
"uptake_stem","2000-01-06 01:05:00.000",300,639.973,1962.81,27600.4,1
"uptake_stem","2000-01-06 01:05:01.000",301,640.674,1957.76,27431.3,1
"uptake_stem","2000-01-06 01:05:02.000",302,641.02,1960.79,27449.3,1
"uptake_stem","2000-01-06 01:05:03.000",303,640.964,1961.85,27650.4,1
"uptake_stem","2000-01-06 01:05:04.000",304,641.846,1958.63,27530.3,1
"uptake_stem","2000-01-06 01:05:05.000",305,645.03,1962.14,27641.6,1
"uptake_stem","2000-01-06 01:05:06.000",306,647.551,1963.06,27458.5,0
"uptake_stem","2000-01-06 01:05:07.000",307,650.873,1958.61,27379.9,0
"uptake_stem","2000-01-06 01:05:08.000",308,655.306,1956.85,27560.4,0
"uptake_stem","2000-01-06 01:05:09.000",309,657.102,1956.29,27541.2,0
"uptake_stem","2000-01-06 01:05:10.000",310,657.412,1956.9,27620.1,0
"uptake_stem","2000-01-06 01:05:11.000",311,659.865,1956.44,27429.1,0
"uptake_stem","2000-01-06 01:05:12.000",312,659.861,1958.14,27512.8,0
"uptake_stem","2000-01-06 01:05:13.000",313,660.413,1955.14,27414.5,0
"uptake_stem","2000-01-06 01:05:14.000",314,662.491,1954.01,27481.8,0
"uptake_stem","2000-01-06 01:05:15.000",315,663.548,1952.61,27506.5,0
"uptake_stem","2000-01-06 01:05:16.000",316,664.638,1952.23,27555.9,0
"uptake_stem","2000-01-06 01:05:17.000",317,665.558,1952.49,27274.6,0
"uptake_stem","2000-01-06 01:05:18.000",318,665.713,1953.34,27284.1,0
"uptake_stem","2000-01-06 01:05:19.000",319,665.636,1953.36,27442.6,0
"uptake_stem","2000-01-06 01:05:20.000",320,665.815,1951.34,27508.4,0
"uptake_stem","2000-01-06 01:05:21.000",321,665.93,1952.61,27434.9,0
"uptake_stem","2000-01-06 01:05:22.000",322,665.832,1951.6,27523.1,0
"uptake_stem","2000-01-06 01:05:23.000",323,666.794,1952.01,27377.1,0
"uptake_stem","2000-01-06 01:05:24.000",324,667.692,1950.58,27325.3,0
"uptake_stem","2000-01-06 01:05:25.000",325,665.952,1950.81,27448.1,0
"uptake_stem","2000-01-06 01:05:26.000",326,667.32,1952.42,27336.1,0
"uptake_stem","2000-01-06 01:05:27.000",327,667.48,1948.28,27344.2,0
"uptake_stem","2000-01-06 01:05:28.000",328,667.474,1952.92,27456.4,0
"uptake_stem","2000-01-06 01:05:29.000",329,667.564,1950.62,27659.3,0
"uptake_stem","2000-01-06 01:05:30.000",330,669.295,1952.01,27521.1,0
"uptake_stem","2000-01-06 01:05:31.000",331,669.349,1954.54,27434.6,0
"uptake_stem","2000-01-06 01:05:32.000",332,669.544,1950.59,27454.3,0
"uptake_stem","2000-01-06 01:05:33.000",333,670.443,1954.75,27518.9,0
"uptake_stem","2000-01-06 01:05:34.000",334,669.747,1951.07,27340.1,0
"uptake_stem","2000-01-06 01:05:35.000",335,669.892,1949.47,27289.9,0
"uptake_stem","2000-01-06 01:05:36.000",336,670.854,1948.03,27487.4,0
"uptake_stem","2000-01-06 01:05:37.000",337,670.825,1949.07,27582.3,0
"uptake_stem","2000-01-06 01:05:38.000",338,671.239,1954.28,27450.7,0
"uptake_stem","2000-01-06 01:05:39.000",339,671.542,1953.12,27630.3,0
"uptake_stem","2000-01-06 01:05:40.000",340,671.726,1950.59,27553.8,0
"uptake_stem","2000-01-06 01:05:41.000",341,673.02,1950.8,27508.3,0
"uptake_stem","2000-01-06 01:05:42.000",342,672.437,1948.63,27453.2,0
"uptake_stem","2000-01-06 01:05:43.000",343,672.659,1950.23,27447.4,0
"uptake_stem","2000-01-06 01:05:44.000",344,673.85,1950.72,27662.8,0
"uptake_stem","2000-01-06 01:05:45.000",345,674.955,1950.48,27546.6,0
"uptake_stem","2000-01-06 01:05:45.000",345,675.721,1950.27,27608.6,0
"uptake_stem","2000-01-06 01:05:46.000",346,676.108,1949.35,27676.6,0
"uptake_stem","2000-01-06 01:05:47.000",347,674.237,1949.13,27610.9,0
"uptake_stem","2000-01-06 01:05:48.000",348,662.372,1951.42,27504.1,0
"uptake_stem","2000-01-06 01:05:49.000",349,639.986,1961.5,27544.6,0
"uptake_stem","2000-01-06 01:05:50.000",350,613.103,1977.47,27668,0
"uptake_stem","2000-01-06 01:05:51.000",351,592.811,1991.51,27414.9,0
"uptake_stem","2000-01-06 01:05:52.000",352,577.428,2005.02,27569.1,0
"uptake_stem","2000-01-06 01:05:53.000",353,556.408,2021,27625.3,0
"uptake_stem","2000-01-06 01:05:54.000",354,530.883,2028.3,27572.2,0
"uptake_stem","2000-01-06 01:05:55.000",355,508.725,2040.5,27507.4,0
"uptake_stem","2000-01-06 01:05:56.000",356,490.137,2039.53,27491.5,0
"uptake_stem","2000-01-06 01:05:57.000",357,477.037,2041.77,27520.5,0
"uptake_stem","2000-01-06 01:05:58.000",358,467.512,2040.27,27366.2,0
"uptake_stem","2000-01-06 01:05:59.000",359,463.477,2036.5,27509.8,0
"uptake_stem","2000-01-06 01:06:00.000",360,459.542,2033.33,27669.2,0
"uptake_stem","2000-01-06 01:06:01.000",361,452.129,2035.63,27543.5,0
"uptake_stem","2000-01-06 01:06:02.000",362,445.263,2039.17,27501.8,0
"uptake_stem","2000-01-06 01:06:03.000",363,439.588,2038.5,27795.1,0
"uptake_stem","2000-01-06 01:06:04.000",364,435.451,2041.68,27706.5,0
"uptake_stem","2000-01-06 01:06:05.000",365,432.191,2040.88,27778.9,0
"uptake_stem","2000-01-06 01:06:06.000",366,428.782,2041.19,27669.1,0
"uptake_stem","2000-01-06 01:06:07.000",367,427.979,2044.3,27558.3,0
"uptake_stem","2000-01-06 01:06:08.000",368,424.315,2042.94,27323.5,0
"uptake_stem","2000-01-06 01:06:09.000",369,426.628,2048.33,27482.8,0
"uptake_stem","2000-01-06 01:06:10.000",370,430.407,2053.78,27410.6,0
"uptake_stem","2000-01-06 01:06:11.000",371,430.598,2049.22,27325.3,0
"uptake_stem","2000-01-06 01:06:12.000",372,428.633,2055.12,27344.2,0
"uptake_stem","2000-01-06 01:06:13.000",373,426.895,2054.06,27445.6,0
"uptake_stem","2000-01-06 01:06:14.000",374,427.645,2054.23,27371.2,0
"uptake_stem","2000-01-06 01:06:15.000",375,423.66,2054.89,27341.7,0
"uptake_stem","2000-01-06 01:06:16.000",376,418.259,2054.59,27195.1,0
"uptake_stem","2000-01-06 01:06:17.000",377,413.018,2055.13,27476.9,0
"uptake_stem","2000-01-06 01:06:18.000",378,409.476,2062.21,26908.4,0
"uptake_stem","2000-01-06 01:06:19.000",379,406.309,2058.65,27137.7,0
"uptake_stem","2000-01-06 01:06:20.000",380,405.726,2060.54,27062,0
"uptake_stem","2000-01-06 01:06:21.000",381,406.703,2057.4,26800.6,0
"uptake_stem","2000-01-06 01:06:22.000",382,406.95,2056.85,26580.5,0
"uptake_stem","2000-01-06 01:06:23.000",383,407.816,2055.36,26851.8,0
"uptake_stem","2000-01-06 01:06:24.000",384,407.758,2058.49,26809.8,0
"uptake_stem","2000-01-06 01:06:25.000",385,408.981,2056.3,26677.1,0
"uptake_stem","2000-01-06 01:06:26.000",386,408.16,2055.22,26810,0
"uptake_stem","2000-01-06 01:06:27.000",387,406.585,2052.91,26652.8,0
"uptake_stem","2000-01-06 01:06:28.000",388,404.934,2056.59,26674.8,0
"uptake_stem","2000-01-06 01:06:29.000",389,404.746,2058.42,26528.8,0
"uptake_stem","2000-01-06 01:06:30.000",390,403.689,2050.87,26636.3,0
"uptake_stem","2000-01-06 01:06:31.000",391,403.725,2056.77,26508.1,0
"uptake_stem","2000-01-06 01:06:32.000",392,404.287,2055.29,26501,0
"uptake_stem","2000-01-06 01:06:33.000",393,406.958,2056.52,26488.4,0
"uptake_stem","2000-01-06 01:06:34.000",394,407.179,2056.46,26624.9,0
"uptake_stem","2000-01-06 01:06:35.000",395,407.655,2052.49,26509.6,0
"uptake_stem","2000-01-06 01:06:36.000",396,407.608,2055.05,26420.3,0
"uptake_stem","2000-01-06 01:06:37.000",397,409.306,2056.44,26438.8,0
"uptake_stem","2000-01-06 01:06:38.000",398,408.954,2056.66,26533.4,0
"uptake_stem","2000-01-06 01:06:39.000",399,408.969,2053.8,26617.8,0
"uptake_stem","2000-01-06 01:06:40.000",400,410.519,2053.24,26640.1,0
"uptake_stem","2000-01-06 01:06:41.000",401,409.616,2053.84,26491,0
"uptake_stem","2000-01-06 01:06:42.000",402,408.094,2054.52,26817,0
"uptake_stem","2000-01-06 01:06:43.000",403,407.328,2053.14,26438.6,0
"uptake_stem","2000-01-06 01:06:44.000",404,406.406,2054.65,26469.4,0
"uptake_stem","2000-01-06 01:06:45.000",405,408.145,2056.26,26656.9,0
"uptake_stem","2000-01-06 01:06:46.000",406,409.125,2051.18,26479.5,0
"uptake_stem","2000-01-06 01:06:47.000",407,411.766,2053.14,26406,0
"uptake_stem","2000-01-06 01:06:48.000",408,411.97,2052.83,26559.4,0
"uptake_stem","2000-01-06 01:06:49.000",409,413.243,2047.43,26598.2,0
"uptake_stem","2000-01-06 01:06:50.000",410,414.573,2048.43,26612.5,0
"uptake_stem","2000-01-06 01:06:51.000",411,413.244,2045.69,26580.1,0
"uptake_stem","2000-01-06 01:06:52.000",412,411.644,2049.95,26340.1,0
"uptake_stem","2000-01-06 01:06:53.000",413,409.084,2046.36,26522.9,0
"uptake_stem","2000-01-06 01:06:54.000",414,407.523,2050.21,26577,0
"uptake_stem","2000-01-06 01:06:55.000",415,407.368,2050.31,26322.9,0
"uptake_stem","2000-01-06 01:06:56.000",416,406.39,2049.55,26474.4,0
"uptake_stem","2000-01-06 01:06:57.000",417,405.095,2055.77,26557.9,0
"uptake_stem","2000-01-06 01:06:58.000",418,405.132,2053.47,26391.1,0
"uptake_stem","2000-01-06 01:06:59.000",419,404.53,2056.11,26399.3,0
"uptake_stem","2000-01-06 01:07:00.000",420,405.62,2054.82,26292.8,0
"uptake_stem","2000-01-06 01:07:01.000",421,411.334,2056.02,26394.9,0
"uptake_stem","2000-01-06 01:07:02.000",422,419.435,2059.91,26318.5,0
"uptake_stem","2000-01-06 01:07:03.000",423,427.096,2058.63,26306.3,0
"uptake_stem","2000-01-06 01:07:04.000",424,440.841,2056.88,26195.3,0
"uptake_stem","2000-01-06 01:07:05.000",425,530.816,2061.68,26162.7,0
"uptake_stem","2000-01-06 01:07:06.000",426,677.454,2058.85,26259.7,0
"uptake_stem","2000-01-06 01:07:07.000",427,808.918,2060.07,26024.1,0
"uptake_stem","2000-01-06 01:07:08.000",428,908.724,2056.6,25986.4,0
"uptake_stem","2000-01-06 01:07:09.000",429,982.652,2058.9,26081.9,0
"uptake_stem","2000-01-06 01:07:10.000",430,1037.16,2056.93,26272.1,0
"uptake_stem","2000-01-06 01:07:11.000",431,1077.3,2062.05,26203.7,0
"uptake_stem","2000-01-06 01:07:12.000",432,1105.88,2058.1,26304.8,0
"uptake_stem","2000-01-06 01:07:14.000",434,1130.44,2056.97,26395.8,0
"uptake_stem","2000-01-06 01:07:14.000",434,1148.84,2058.88,26423.9,0
"uptake_stem","2000-01-06 01:07:15.000",435,1165.36,2055.31,26321.7,0
"uptake_stem","2000-01-06 01:07:16.000",436,1179.04,2054.35,26388.9,0
"uptake_stem","2000-01-06 01:07:17.000",437,1188.5,2057.85,26300.3,0
"uptake_stem","2000-01-06 01:07:18.000",438,1196.42,2056.06,26232,0
"uptake_stem","2000-01-06 01:07:19.000",439,1204.99,2056.84,26272.3,0
"uptake_stem","2000-01-06 01:07:20.000",440,1211.35,2054.94,26307.4,0
"uptake_stem","2000-01-06 01:07:21.000",441,1217.29,2057.61,26389.3,0
"uptake_stem","2000-01-06 01:07:22.000",442,1222.66,2057.01,26301.2,0
"uptake_stem","2000-01-06 01:07:23.000",443,1227.58,2052.43,26243.3,0
"uptake_stem","2000-01-06 01:07:24.000",444,1231.97,2056.1,26338.8,0
"uptake_stem","2000-01-06 01:07:25.000",445,1237.33,2057.37,26358.2,0
"uptake_stem","2000-01-06 01:07:26.000",446,1240.27,2056.69,26305.1,0
"uptake_stem","2000-01-06 01:07:27.000",447,1244.96,2053.76,26285.4,0
"uptake_stem","2000-01-06 01:07:28.000",448,1249.73,2056.11,26534.1,0
"uptake_stem","2000-01-06 01:07:29.000",449,1252.27,2053.4,26352.4,0
"uptake_stem","2000-01-06 01:07:30.000",450,1257.55,2056.33,26419,0
"uptake_stem","2000-01-06 01:07:31.000",451,1260.52,2055.47,26416.5,0
"uptake_stem","2000-01-06 01:07:32.000",452,1265.26,2059.08,26454.3,0
"uptake_stem","2000-01-06 01:07:33.000",453,1268.78,2055.32,26213.9,0
"uptake_stem","2000-01-06 01:07:34.000",454,1273.65,2058.58,26335.9,0
"uptake_stem","2000-01-06 01:07:35.000",455,1277.77,2055.97,26561.6,0
"uptake_stem","2000-01-06 01:07:36.000",456,1281.61,2058.26,26531.7,0
"uptake_stem","2000-01-06 01:07:37.000",457,1286.1,2057.59,26455.5,0
"uptake_stem","2000-01-06 01:07:38.000",458,1287.67,2058.35,26475.3,0
"uptake_stem","2000-01-06 01:07:39.000",459,1289.36,2060.98,26601.6,0
"uptake_stem","2000-01-06 01:07:40.000",460,1292.59,2058.61,26312.8,0
"uptake_stem","2000-01-06 01:07:41.000",461,1295.21,2057.38,26214.8,0
"uptake_stem","2000-01-06 01:07:42.000",462,1296.74,2058.39,26453.9,0
"uptake_stem","2000-01-06 01:07:43.000",463,1301.15,2057.13,26286,0
"uptake_stem","2000-01-06 01:07:44.000",464,1305.23,2058.54,26408.4,0
"uptake_stem","2000-01-06 01:07:45.000",465,1306.03,2059.71,26225.8,0
"uptake_stem","2000-01-06 01:07:46.000",466,1309.59,2059.99,26523,0
"uptake_stem","2000-01-06 01:07:47.000",467,1312.45,2058.31,26432,0
"uptake_stem","2000-01-06 01:07:48.000",468,1315.27,2060.22,26293.5,0
"uptake_stem","2000-01-06 01:07:49.000",469,1318.1,2058.75,26356.3,0
"uptake_stem","2000-01-06 01:07:50.000",470,1320.49,2055.74,26327.8,0
"uptake_stem","2000-01-06 01:07:51.000",471,1322.27,2059.06,26377.5,0
"uptake_stem","2000-01-06 01:07:52.000",472,1325.62,2053.25,26390.9,0
"uptake_stem","2000-01-06 01:07:53.000",473,1328.23,2057.11,26514,0
"uptake_stem","2000-01-06 01:07:54.000",474,1332.49,2058.68,26458.8,0
"uptake_stem","2000-01-06 01:07:55.000",475,1334.18,2057.01,26490.1,0
"uptake_stem","2000-01-06 01:07:56.000",476,1337.54,2063.59,26414.2,0
"uptake_stem","2000-01-06 01:07:57.000",477,1340.68,2054.98,26570.3,0
"uptake_stem","2000-01-06 01:07:58.000",478,1341.8,2056.73,26343.1,0
"uptake_stem","2000-01-06 01:07:59.000",479,1344.45,2056.55,26439.5,0
"uptake_stem","2000-01-06 01:08:00.000",480,1348.22,2056.93,26333.1,0
"uptake_stem","2000-01-06 01:08:01.000",481,1351.11,2054.78,26375.8,0
"uptake_stem","2000-01-06 01:08:02.000",482,1351.87,2056.75,26275.3,0
"uptake_stem","2000-01-06 01:08:03.000",483,1355.87,2055.17,26173.8,0
"uptake_stem","2000-01-06 01:08:04.000",484,1356.98,2056.59,26265.7,0
"uptake_stem","2000-01-06 01:08:05.000",485,1361.03,2054.62,26312.5,0
"uptake_stem","2000-01-06 01:08:06.000",486,1362.55,2055.61,26393.2,0
"uptake_stem","2000-01-06 01:08:07.000",487,1363.92,2057.29,26297.6,0
"uptake_stem","2000-01-06 01:08:08.000",488,1367.57,2059.42,26192.5,0
"uptake_stem","2000-01-06 01:08:09.000",489,1369.79,2054.7,26165.9,0
"uptake_stem","2000-01-06 01:08:10.000",490,1370.38,2056.51,26131.4,0
"uptake_stem","2000-01-06 01:08:11.000",491,1373.55,2058.01,26223.1,0
"uptake_stem","2000-01-06 01:08:12.000",492,1375.33,2059.49,26426.6,0
"uptake_stem","2000-01-06 01:08:13.000",493,1377.44,2057.87,26221.7,0
"uptake_stem","2000-01-06 01:08:14.000",494,1380.85,2059.93,26407.7,0
"uptake_stem","2000-01-06 01:08:15.000",495,1381.26,2060.94,26397.5,0
"uptake_stem","2000-01-06 01:08:16.000",496,1383.86,2058.93,26363.7,0
"uptake_stem","2000-01-06 01:08:17.000",497,1385.04,2056.28,26276.3,0
"uptake_stem","2000-01-06 01:08:18.000",498,1387.02,2058.13,26171.6,0
"uptake_stem","2000-01-06 01:08:19.000",499,1388.62,2059.04,26364,0
"uptake_stem","2000-01-06 01:08:20.000",500,1391.32,2058.8,26381.1,0
"uptake_stem","2000-01-06 01:08:21.000",501,1392.85,2055,26347.4,0
"uptake_stem","2000-01-06 01:08:22.000",502,1396.02,2056.99,26293.3,0
"uptake_stem","2000-01-06 01:08:23.000",503,1398.92,2057.23,26526.4,0
"uptake_stem","2000-01-06 01:08:24.000",504,1402.1,2059.08,26514.7,0
"uptake_stem","2000-01-06 01:08:25.000",505,1403.49,2059.97,26484.2,0
"uptake_stem","2000-01-06 01:08:26.000",506,1404.02,2060.16,26362.5,0
"uptake_stem","2000-01-06 01:08:27.000",507,1406.1,2057.96,26374,0
"uptake_stem","2000-01-06 01:08:28.000",508,1409.29,2055.22,26357.2,0
"uptake_stem","2000-01-06 01:08:29.000",509,1410.47,2059.03,26468.3,0
"uptake_stem","2000-01-06 01:08:30.000",510,1412,2057.2,26282.3,0
"uptake_stem","2000-01-06 01:08:31.000",511,1415.02,2055.39,26368.3,0
"uptake_stem","2000-01-06 01:08:32.000",512,1417.07,2055.87,26347.6,0
"uptake_stem","2000-01-06 01:08:33.000",513,1417.88,2057.19,26387.4,0
"uptake_stem","2000-01-06 01:08:34.000",514,1419.4,2056.45,26343.3,0
"uptake_stem","2000-01-06 01:08:35.000",515,1421.13,2052.24,26387,0
"uptake_stem","2000-01-06 01:08:36.000",516,1423.36,2054.31,26417.4,0
"uptake_stem","2000-01-06 01:08:37.000",517,1423.68,2052.45,26461.9,0
"uptake_stem","2000-01-06 01:08:38.000",518,1425.89,2055.69,26443.8,0
"uptake_stem","2000-01-06 01:08:39.000",519,1428.27,2056.83,26373.6,0
"uptake_stem","2000-01-06 01:08:40.000",520,1429.52,2058.12,26277.2,0
"uptake_stem","2000-01-06 01:08:41.000",521,1431.43,2059.18,26371.9,0
"uptake_stem","2000-01-06 01:08:42.000",522,1431.02,2057.48,26387.3,0
"uptake_stem","2000-01-06 01:08:43.000",523,1433.04,2058.99,26359.1,0
"uptake_stem","2000-01-06 01:08:44.000",524,1434.48,2058.58,26302.3,0
"uptake_stem","2000-01-06 01:08:45.000",525,1435.83,2056.11,26387.7,0
"uptake_stem","2000-01-06 01:08:46.000",526,1435.67,2058.78,26279.9,0
"uptake_stem","2000-01-06 01:08:47.000",527,1437.29,2061.82,26337.5,0
"uptake_stem","2000-01-06 01:08:48.000",528,1439.27,2062.54,26485.8,0
"uptake_stem","2000-01-06 01:08:49.000",529,1437.6,2060.66,26261.5,0
"uptake_stem","2000-01-06 01:08:49.000",529,1438.3,2060.41,26399.8,0
"uptake_stem","2000-01-06 01:08:50.000",530,1438.63,2060.04,26466.2,0
"uptake_stem","2000-01-06 01:08:51.000",531,1441.83,2058.86,26262.3,0
"uptake_stem","2000-01-06 01:08:52.000",532,1440.6,2057.15,26442,0
"uptake_stem","2000-01-06 01:08:53.000",533,1442.25,2057.97,26296.4,0
"uptake_stem","2000-01-06 01:08:54.000",534,1443.26,2057.57,26311.4,0
"uptake_stem","2000-01-06 01:08:55.000",535,1444.5,2054.39,26302,0
"uptake_stem","2000-01-06 01:08:56.000",536,1444.85,2061.13,26345.8,0
"uptake_stem","2000-01-06 01:08:57.000",537,1447.05,2057.08,26336.5,0
"uptake_stem","2000-01-06 01:08:58.000",538,1447.07,2059.58,26514.1,0
"uptake_stem","2000-01-06 01:08:59.000",539,1447.75,2058.04,26472.7,0
"uptake_stem","2000-01-06 01:09:00.000",540,1448.85,2061.34,26447.6,0
"uptake_stem","2000-01-06 01:09:01.000",541,1451.4,2058.07,26329.1,0
"uptake_stem","2000-01-06 01:09:02.000",542,1453.01,2056.2,26468.3,0
"uptake_stem","2000-01-06 01:09:03.000",543,1454.67,2058.7,26322.5,0
"uptake_stem","2000-01-06 01:09:04.000",544,1455.5,2062.43,26383.8,0
"uptake_stem","2000-01-06 01:09:05.000",545,1457.76,2060.54,26450.3,0
"uptake_stem","2000-01-06 01:09:06.000",546,1458.77,2058.46,26544,0
"uptake_stem","2000-01-06 01:09:07.000",547,1458.74,2058.17,26457.4,0
"uptake_stem","2000-01-06 01:09:08.000",548,1461.26,2060.47,26442.3,0
"uptake_stem","2000-01-06 01:09:09.000",549,1462.16,2055.89,26483.8,0
"uptake_stem","2000-01-06 01:09:10.000",550,1462.8,2059.32,26421.4,0
"uptake_stem","2000-01-06 01:09:11.000",551,1463.42,2056.56,26574.7,0
"uptake_stem","2000-01-06 01:09:12.000",552,1462.78,2060.82,26538.6,0
"uptake_stem","2000-01-06 01:09:13.000",553,1465.53,2058.64,26370.7,0
"uptake_stem","2000-01-06 01:09:14.000",554,1465.98,2059.92,26443.8,0
"uptake_stem","2000-01-06 01:09:15.000",555,1466.09,2058.3,26538.4,0
"uptake_stem","2000-01-06 01:09:16.000",556,1469.49,2059.64,26477.9,0
"uptake_stem","2000-01-06 01:09:17.000",557,1472.2,2061.76,26611.1,0
"uptake_stem","2000-01-06 01:09:18.000",558,1474.29,2057.07,26444.5,0
"uptake_stem","2000-01-06 01:09:19.000",559,1473.93,2060.35,26460.8,0
"uptake_stem","2000-01-06 01:09:20.000",560,1475.85,2058.3,26397.7,0
"uptake_stem","2000-01-06 01:09:21.000",561,1477.9,2055.97,26433.8,0
"uptake_stem","2000-01-06 01:09:22.000",562,1479.38,2057.7,26484.9,0
"uptake_stem","2000-01-06 01:09:23.000",563,1482.84,2058.73,26432.5,0
"uptake_stem","2000-01-06 01:09:24.000",564,1482.93,2060.85,26512.8,0
"uptake_stem","2000-01-06 01:09:25.000",565,1486.21,2061.48,26498.3,0
"uptake_stem","2000-01-06 01:09:26.000",566,1486.53,2058.64,26510.5,0
"uptake_stem","2000-01-06 01:09:27.000",567,1487.86,2062.77,26560.6,0
"uptake_stem","2000-01-06 01:09:28.000",568,1489.71,2057.74,26388.4,0
"uptake_stem","2000-01-06 01:09:29.000",569,1490.67,2060.61,26556.1,0
"uptake_stem","2000-01-06 01:09:30.000",570,1493.35,2056.22,26615,0
"uptake_stem","2000-01-06 01:09:31.000",571,1493.66,2057.06,26322.2,0
"uptake_stem","2000-01-06 01:09:32.000",572,1496.14,2056.11,26402,0
"uptake_stem","2000-01-06 01:09:33.000",573,1497.33,2055.06,26386.3,0
"uptake_stem","2000-01-06 01:09:34.000",574,1497.87,2057.8,26462.8,0
"uptake_stem","2000-01-06 01:09:35.000",575,1499.23,2058.22,26383.3,0
"uptake_stem","2000-01-06 01:09:36.000",576,1500.21,2057.68,26447.1,0
"uptake_stem","2000-01-06 01:09:37.000",577,1501.78,2058.84,26522.9,0
"uptake_stem","2000-01-06 01:09:38.000",578,1501.15,2058.03,26492.7,0
"uptake_stem","2000-01-06 01:09:39.000",579,1504.46,2058.06,26436.5,0
"uptake_stem","2000-01-06 01:09:40.000",580,1503.38,2057.56,26484.5,0
"uptake_stem","2000-01-06 01:09:41.000",581,1504.28,2055.78,26455.1,0
"uptake_stem","2000-01-06 01:09:42.000",582,1506.76,2059.76,26436,0
"uptake_stem","2000-01-06 01:09:43.000",583,1508.27,2060,26523.4,0
"uptake_stem","2000-01-06 01:09:44.000",584,1510.82,2060.35,26673.2,0
"uptake_stem","2000-01-06 01:09:45.000",585,1512.59,2060.6,26541.7,0
"uptake_stem","2000-01-06 01:09:46.000",586,1513.88,2055.4,26523.1,0
"uptake_stem","2000-01-06 01:09:47.000",587,1514.31,2060.3,26546.2,0
"uptake_stem","2000-01-06 01:09:48.000",588,1517.12,2058.19,26539.7,0
"uptake_stem","2000-01-06 01:09:49.000",589,1518.56,2059.85,26530.7,0
"uptake_stem","2000-01-06 01:09:50.000",590,1521.68,2053.85,26623.9,0
"uptake_stem","2000-01-06 01:09:51.000",591,1522.01,2056.62,26544.9,0
"uptake_stem","2000-01-06 01:09:52.000",592,1525.95,2057.66,26543.1,0
"uptake_stem","2000-01-06 01:09:53.000",593,1528.84,2057.28,26520.3,0
"uptake_stem","2000-01-06 01:09:54.000",594,1529.23,2059.63,26406.6,0
"uptake_stem","2000-01-06 01:09:55.000",595,1531.54,2058.83,26600.5,0
"uptake_stem","2000-01-06 01:09:56.000",596,1534.48,2056.6,26481.4,0
"uptake_stem","2000-01-06 01:09:57.000",597,1535.04,2056.41,26502,0
"uptake_stem","2000-01-06 01:09:58.000",598,1538.06,2060.75,26478.7,0
"uptake_stem","2000-01-06 01:09:59.000",599,1541.53,2057.98,26485.1,0
"uptake_stem","2000-01-06 01:10:00.000",600,1541.39,2058.54,26472.4,0
"uptake_stem","2000-01-06 01:10:01.000",601,1545.07,2061.96,26480,0
"uptake_stem","2000-01-06 01:10:02.000",602,1546.51,2056.73,26545.6,0
"uptake_stem","2000-01-06 01:10:03.000",603,1549.62,2057.05,26400.4,0
"uptake_stem","2000-01-06 01:10:04.000",604,1551.54,2056.42,26528,0
"uptake_stem","2000-01-06 01:10:05.000",605,1555.19,2056.86,26493.8,0
"uptake_stem","2000-01-06 01:10:06.000",606,1554.47,2060.32,26408,0
"uptake_stem","2000-01-06 01:10:07.000",607,1556.06,2058.28,26468.6,0
"uptake_stem","2000-01-06 01:10:08.000",608,1558.26,2058.67,26544.8,0
"uptake_stem","2000-01-06 01:10:09.000",609,1562.42,2058.09,26717,0
"uptake_stem","2000-01-06 01:10:10.000",610,1563.66,2062.15,26565.8,0
"uptake_stem","2000-01-06 01:10:11.000",611,1564.88,2058.46,26511.4,0
"uptake_stem","2000-01-06 01:10:12.000",612,1567.18,2060.97,26572.5,0
"uptake_stem","2000-01-06 01:10:13.000",613,1569.95,2054.56,26523.8,0
"uptake_stem","2000-01-06 01:10:14.000",614,1571.4,2055.92,26410.5,0
"uptake_stem","2000-01-06 01:10:15.000",615,1574.09,2058.04,26630.5,0
"uptake_stem","2000-01-06 01:10:16.000",616,1577.32,2059.22,26544.8,0
"uptake_stem","2000-01-06 01:10:17.000",617,1580.84,2056.99,26663.4,0
"uptake_stem","2000-01-06 01:10:18.000",618,1582.24,2059.63,26375.5,0
"uptake_stem","2000-01-06 01:10:19.000",619,1585.8,2056.61,26667.6,0
"uptake_stem","2000-01-06 01:10:20.000",620,1588.13,2058.11,26512.9,0
"uptake_stem","2000-01-06 01:10:21.000",621,1591.14,2055.68,26493.5,0
"uptake_stem","2000-01-06 01:10:22.000",622,1592.97,2056.19,26442.1,0
"uptake_stem","2000-01-06 01:10:23.000",623,1596.74,2052.54,26549.2,0
"uptake_stem","2000-01-06 01:10:24.000",624,1598.18,2052.78,26484.3,0
"uptake_stem","2000-01-06 01:10:25.000",625,1602.01,2052.86,26551.2,0
"uptake_stem","2000-01-06 01:10:26.000",626,1602.94,2055.63,26528.4,0
"uptake_stem","2000-01-06 01:10:27.000",627,1606.31,2053.88,26473.9,0
"uptake_stem","2000-01-06 01:10:28.000",628,1608.03,2055.29,26505.1,0
"uptake_stem","2000-01-06 01:10:29.000",629,1611.8,2054.58,26506.8,0
"uptake_stem","2000-01-06 01:10:30.000",630,1614.49,2057.4,26585.2,0
"uptake_stem","2000-01-06 01:10:31.000",631,1617.47,2054.33,26557.7,0
"uptake_stem","2000-01-06 01:10:32.000",632,1621.58,2057.82,26602.2,0
"uptake_stem","2000-01-06 01:10:33.000",633,1624.25,2054.38,26672.4,0
"uptake_stem","2000-01-06 01:10:34.000",634,1627.1,2057.24,26564.5,0
"uptake_stem","2000-01-06 01:10:35.000",635,1629.2,2055.05,26557.9,0
"uptake_stem","2000-01-06 01:10:36.000",636,1631.29,2058.97,26437.7,0
"uptake_stem","2000-01-06 01:10:37.000",637,1632.85,2056.92,26401.3,0
"uptake_stem","2000-01-06 01:10:38.000",638,1635.4,2058.16,26425.8,0
"uptake_stem","2000-01-06 01:10:39.000",639,1637.31,2058.31,26530.2,0
"uptake_stem","2000-01-06 01:10:40.000",640,1640.96,2059.36,26532.4,0
"uptake_stem","2000-01-06 01:10:41.000",641,1643.38,2059.59,26582.9,0
"uptake_stem","2000-01-06 01:10:42.000",642,1644.92,2059.18,26558.5,0
"uptake_stem","2000-01-06 01:10:43.000",643,1648.34,2056.88,26547.8,0
"uptake_stem","2000-01-06 01:10:44.000",644,1650.77,2058.55,26563.1,0
"uptake_stem","2000-01-06 01:10:45.000",645,1652.37,2057.93,26591,0
"uptake_stem","2000-01-06 01:10:46.000",646,1655.09,2057.34,26694.1,0
"uptake_stem","2000-01-06 01:10:47.000",647,1657.42,2056.31,26516.2,0
"uptake_stem","2000-01-06 01:10:48.000",648,1659.83,2056.29,26454.4,0
"uptake_stem","2000-01-06 01:10:49.000",649,1660.71,2058.31,26559.7,0
"uptake_stem","2000-01-06 01:10:50.000",650,1664.03,2055.64,26430.3,0
"uptake_stem","2000-01-06 01:10:51.000",651,1664.81,2055.6,26517.4,0
"uptake_stem","2000-01-06 01:10:52.000",652,1667.13,2057.06,26448.3,0
"uptake_stem","2000-01-06 01:10:53.000",653,1670.64,2056.94,26396.2,0
"uptake_stem","2000-01-06 01:10:54.000",654,1672.1,2056.86,26616.2,0
"uptake_stem","2000-01-06 01:10:55.000",655,1673.41,2058.04,26502.8,0
"uptake_stem","2000-01-06 01:10:56.000",656,1677.31,2057.72,26586.5,0
"uptake_stem","2000-01-06 01:10:57.000",657,1679.12,2057.75,26496.1,0
"uptake_stem","2000-01-06 01:10:58.000",658,1680.67,2054.57,26435,0
"uptake_stem","2000-01-06 01:10:59.000",659,1684.16,2060.14,26575.1,0
"uptake_stem","2000-01-06 01:11:00.000",660,1686.29,2056.25,26516.2,0
"uptake_stem","2000-01-06 01:11:01.000",661,1686.94,2059.34,26521.8,0
"uptake_stem","2000-01-06 01:11:02.000",662,1688.09,2057.07,26447.2,0
"uptake_stem","2000-01-06 01:11:03.000",663,1690.64,2059.61,26530.5,0
"uptake_stem","2000-01-06 01:11:04.000",664,1692.54,2061.15,26592.4,0
"uptake_stem","2000-01-06 01:11:05.000",665,1693.68,2061.86,26464.8,0
"uptake_stem","2000-01-06 01:11:06.000",666,1697.46,2056.65,26391.5,0
"uptake_stem","2000-01-06 01:11:07.000",667,1698.24,2059.43,26503.1,0
"uptake_stem","2000-01-06 01:11:08.000",668,1701.63,2058.49,26421.6,0
"uptake_stem","2000-01-06 01:11:09.000",669,1702.33,2060.32,26507.5,0
"uptake_stem","2000-01-06 01:11:10.000",670,1705.65,2054.23,26506.1,0
"uptake_stem","2000-01-06 01:11:11.000",671,1709.38,2057.45,26517.8,0
"uptake_stem","2000-01-06 01:11:12.000",672,1710.61,2059.45,26399,0
"uptake_stem","2000-01-06 01:11:13.000",673,1713.47,2057.2,26456.3,0
"uptake_stem","2000-01-06 01:11:14.000",674,1716.93,2056.19,26441.5,0
"uptake_stem","2000-01-06 01:11:15.000",675,1718.77,2057.94,26573.1,0
"uptake_stem","2000-01-06 01:11:16.000",676,1722.9,2057.9,26650.1,0
"uptake_stem","2000-01-06 01:11:17.000",677,1727.18,2062.18,26532.7,0
"uptake_stem","2000-01-06 01:11:18.000",678,1729.62,2061.13,26691.4,0
"uptake_stem","2000-01-06 01:11:19.000",679,1730.73,2059.71,26708.8,0
"uptake_stem","2000-01-06 01:11:20.000",680,1734.63,2058.96,26493.7,0
"uptake_stem","2000-01-06 01:11:21.000",681,1737.19,2058,26520.5,0
"uptake_stem","2000-01-06 01:11:22.000",682,1738.07,2056.25,26365.3,0
"uptake_stem","2000-01-06 01:11:23.000",683,1742.56,2054.64,26345.5,0
"uptake_stem","2000-01-06 01:11:24.000",684,1746.21,2053.95,26363.4,0
"uptake_stem","2000-01-06 01:11:25.000",685,1747.78,2057.83,26562.5,0
"uptake_stem","2000-01-06 01:11:26.000",686,1752.18,2058.55,26508.3,0
"uptake_stem","2000-01-06 01:11:27.000",687,1754.68,2056.05,26438.3,0
"uptake_stem","2000-01-06 01:11:28.000",688,1756.84,2056.43,26468.9,0
"uptake_stem","2000-01-06 01:11:29.000",689,1761.2,2057.87,26444.3,0
"uptake_stem","2000-01-06 01:11:30.000",690,1763.91,2059.59,26550.7,0
"uptake_stem","2000-01-06 01:11:31.000",691,1766.22,2059.82,26614.5,0
"uptake_stem","2000-01-06 01:11:32.000",692,1768.37,2059.06,26480.2,0
"uptake_stem","2000-01-06 01:11:33.000",693,1770.21,2060.52,26248.9,0
"uptake_stem","2000-01-06 01:11:34.000",694,1772.28,2060.43,26420,0
"uptake_stem","2000-01-06 01:11:35.000",695,1776.51,2057.38,26466.8,0
"uptake_stem","2000-01-06 01:11:36.000",696,1777.85,2057.47,26491.9,0
"uptake_stem","2000-01-06 01:11:37.000",697,1779.53,2057.89,26403.3,0
"uptake_stem","2000-01-06 01:11:38.000",698,1783,2057.44,26518.4,0
"uptake_stem","2000-01-06 01:11:39.000",699,1782.89,2058.52,26489.6,0
"uptake_stem","2000-01-06 01:11:40.000",700,1786.55,2058.11,26493.7,0
"uptake_stem","2000-01-06 01:11:41.000",701,1788.97,2058.78,26447.8,0
"uptake_stem","2000-01-06 01:11:42.000",702,1788.83,2055.86,26426.5,0
"uptake_stem","2000-01-06 01:11:43.000",703,1790.67,2059.88,26286.3,0
"uptake_stem","2000-01-06 01:11:44.000",704,1792.5,2060.74,26489.5,0
"uptake_stem","2000-01-06 01:11:45.000",705,1793.49,2057.9,26233.6,0
"uptake_stem","2000-01-06 01:11:46.000",706,1795.78,2060.49,26222.7,0
"uptake_stem","2000-01-06 01:11:47.000",707,1799.2,2059.55,26397.3,0
"uptake_stem","2000-01-06 01:11:48.000",708,1802.02,2059.46,26377.2,0
"uptake_stem","2000-01-06 01:11:49.000",709,1803.63,2057.1,26206.3,0
"uptake_stem","2000-01-06 01:11:50.000",710,1804.26,2060,26431.1,0
"uptake_stem","2000-01-06 01:11:51.000",711,1806.85,2060.57,26368.6,0
"uptake_stem","2000-01-06 01:11:52.000",712,1808.09,2055.02,26327.5,0
"uptake_stem","2000-01-06 01:11:53.000",713,1809.27,2059.36,26184.3,0
"uptake_stem","2000-01-06 01:11:54.000",714,1810.76,2060.99,26307.7,0
"uptake_stem","2000-01-06 01:11:55.000",715,1813.03,2058.93,26387.2,0
"uptake_stem","2000-01-06 01:11:56.000",716,1812.42,2057.52,26236,0
"uptake_stem","2000-01-06 01:11:56.000",716,1814.54,2056.57,26362.7,0
"uptake_stem","2000-01-06 01:11:57.000",717,1813.01,2057.83,26198.3,0
"uptake_stem","2000-01-06 01:11:58.000",718,1814.01,2059.12,26164,0
"uptake_stem","2000-01-06 01:11:59.000",719,1814.97,2061.49,26177.2,0
"uptake_stem","2000-01-06 01:12:00.000",720,1814.56,2062.28,26290,0
"uptake_stem","2000-01-06 01:12:01.000",721,1814.04,2061.01,26344.1,0
"uptake_stem","2000-01-06 01:12:02.000",722,1815.69,2060.28,26407.8,0
"uptake_stem","2000-01-06 01:12:03.000",723,1815.81,2063.01,26466,0
"uptake_stem","2000-01-06 01:12:04.000",724,1815.25,2059.49,26315.7,0
"uptake_stem","2000-01-06 01:12:05.000",725,1815.46,2058.7,26414.1,0
"uptake_stem","2000-01-06 01:12:06.000",726,1815.63,2058.95,26274.7,0
"uptake_stem","2000-01-06 01:12:07.000",727,1818.23,2059.56,26448,0
"uptake_stem","2000-01-06 01:12:08.000",728,1816.55,2056.36,26257.6,0
"uptake_stem","2000-01-06 01:12:09.000",729,1819.22,2057.43,26386.4,0
"uptake_stem","2000-01-06 01:12:10.000",730,1819.92,2059.28,26352.7,0
"uptake_stem","2000-01-06 01:12:11.000",731,1819.93,2058.73,26497.8,0
"uptake_stem","2000-01-06 01:12:12.000",732,1820.69,2061.62,26542,0
"uptake_stem","2000-01-06 01:12:13.000",733,1822.27,2059.89,26598.1,0
"uptake_stem","2000-01-06 01:12:14.000",734,1820.61,2060.12,26372.8,0
"uptake_stem","2000-01-06 01:12:15.000",735,1821.13,2061.56,26395.2,0
"uptake_stem","2000-01-06 01:12:16.000",736,1820.55,2059.66,26523.3,0
"uptake_stem","2000-01-06 01:12:17.000",737,1821.98,2057.95,26389,0
"uptake_stem","2000-01-06 01:12:18.000",738,1822.92,2057.38,26302.9,0
"uptake_stem","2000-01-06 01:12:19.000",739,1824.06,2060.35,26464.9,0
"uptake_stem","2000-01-06 01:12:20.000",740,1823.69,2058.9,26304.5,0
"uptake_stem","2000-01-06 01:12:21.000",741,1824.47,2058.05,26371.1,0
"uptake_stem","2000-01-06 01:12:22.000",742,1824.61,2057.5,26475.8,0
"uptake_stem","2000-01-06 01:12:23.000",743,1824.83,2058.25,26501.8,0
"uptake_stem","2000-01-06 01:12:24.000",744,1826.32,2063.48,26480.2,0
"uptake_stem","2000-01-06 01:12:25.000",745,1826,2059.97,26608.7,0
"uptake_stem","2000-01-06 01:12:26.000",746,1828.03,2059.43,26466,0
"uptake_stem","2000-01-06 01:12:27.000",747,1826.97,2057.31,26483.2,0
"uptake_stem","2000-01-06 01:12:28.000",748,1827.79,2059.97,26609.1,0
"uptake_stem","2000-01-06 01:12:29.000",749,1827.27,2060.05,26633.3,0
"uptake_stem","2000-01-06 01:12:30.000",750,1826.48,2060.19,26356.1,0
"uptake_stem","2000-01-06 01:12:31.000",751,1825.03,2058.12,26386.3,0
"uptake_stem","2000-01-06 01:12:32.000",752,1825.41,2060.43,26143.9,0
"uptake_stem","2000-01-06 01:12:33.000",753,1822.77,2059.3,26269.4,0
"uptake_stem","2000-01-06 01:12:34.000",754,1822.03,2057.12,26296.9,0
"uptake_stem","2000-01-06 01:12:35.000",755,1822.1,2062.16,26330.6,0
"uptake_stem","2000-01-06 01:12:36.000",756,1819.5,2059.5,26472.8,0
"uptake_stem","2000-01-06 01:12:37.000",757,1818.05,2060.27,26366.9,0
"uptake_stem","2000-01-06 01:12:38.000",758,1816.16,2062.74,26522.9,0
"uptake_stem","2000-01-06 01:12:39.000",759,1813.91,2064.08,26698.7,0
"uptake_stem","2000-01-06 01:12:40.000",760,1809.77,2064.83,26370.3,0
"uptake_stem","2000-01-06 01:12:41.000",761,1805.42,2063.45,26397.3,0
"uptake_stem","2000-01-06 01:12:42.000",762,1799.5,2063.25,26322.8,0
"uptake_stem","2000-01-06 01:12:43.000",763,1796.77,2061.29,26265.7,0
"uptake_stem","2000-01-06 01:12:44.000",764,1790.35,2060.24,26490.6,0
"uptake_stem","2000-01-06 01:12:45.000",765,1783.43,2058.9,26338,0
"uptake_stem","2000-01-06 01:12:46.000",766,1775.92,2060.74,26358.9,0
"uptake_stem","2000-01-06 01:12:47.000",767,1769.51,2059.7,26575.4,0
"uptake_stem","2000-01-06 01:12:48.000",768,1760.61,2062.72,26463.8,0
"uptake_stem","2000-01-06 01:12:49.000",769,1752.27,2062.56,26434.1,0
"uptake_stem","2000-01-06 01:12:50.000",770,1744.84,2062.06,26487.2,0
"uptake_stem","2000-01-06 01:12:51.000",771,1736.27,2059.51,26596.4,0
"uptake_stem","2000-01-06 01:12:52.000",772,1724.65,2060.23,26488.3,0
"uptake_stem","2000-01-06 01:12:53.000",773,1715.16,2062.74,26377.7,0
"uptake_stem","2000-01-06 01:12:54.000",774,1703.94,2059.48,26274.5,0
"uptake_stem","2000-01-06 01:12:55.000",775,1691.72,2057.41,26319,0
"uptake_stem","2000-01-06 01:12:56.000",776,1678.56,2057.32,26323.7,0
"uptake_stem","2000-01-06 01:12:57.000",777,1664.73,2057.54,26451.1,0
"uptake_stem","2000-01-06 01:12:58.000",778,1652.36,2056.72,26283.5,0
"uptake_stem","2000-01-06 01:12:59.000",779,1636.88,2058.77,26278.1,0
"uptake_stem","2000-01-06 01:13:00.000",780,1624.91,2056.62,26381.4,0
"uptake_stem","2000-01-06 01:13:01.000",781,1609.92,2058.36,26514.4,0
"uptake_stem","2000-01-06 01:13:02.000",782,1596.49,2057.41,26545.3,0
"uptake_stem","2000-01-06 01:13:03.000",783,1582,2057.02,26304,0
"uptake_stem","2000-01-06 01:13:04.000",784,1565.9,2058.5,26464.2,0
"uptake_stem","2000-01-06 01:13:05.000",785,1550.98,2059.55,26446.6,0
"uptake_stem","2000-01-06 01:13:06.000",786,1535.03,2058.92,26471.6,0
"uptake_stem","2000-01-06 01:13:07.000",787,1518.65,2055.44,26421.6,0
"uptake_stem","2000-01-06 01:13:08.000",788,1501.11,2059.55,26374.3,0
"uptake_stem","2000-01-06 01:13:09.000",789,1483.24,2063.3,26579.2,0
"uptake_stem","2000-01-06 01:13:10.000",790,1464.17,2061.48,26567.8,0
"uptake_stem","2000-01-06 01:13:11.000",791,1443.47,2061.49,26460.9,0
"uptake_stem","2000-01-06 01:13:12.000",792,1419.52,2062.51,26470.3,0
"uptake_stem","2000-01-06 01:13:13.000",793,1394.25,2061.24,26564.2,0
"uptake_stem","2000-01-06 01:13:14.000",794,1369.15,2063.64,26543.4,0
"uptake_stem","2000-01-06 01:13:15.000",795,1345.07,2060.35,26601.4,0
"uptake_stem","2000-01-06 01:13:16.000",796,1318.8,2060.75,26414.2,0
"uptake_stem","2000-01-06 01:13:17.000",797,1296.34,2060.62,26568.7,0
"uptake_stem","2000-01-06 01:13:18.000",798,1274.05,2056.66,26398.1,0
"uptake_stem","2000-01-06 01:13:19.000",799,1252.69,2056.11,26325.9,0
"uptake_stem","2000-01-06 01:13:20.000",800,1230.56,2056.44,26388,0
"uptake_stem","2000-01-06 01:13:21.000",801,1209.3,2058.86,26274.2,0
"uptake_stem","2000-01-06 01:13:22.000",802,1191.07,2056.73,26495.3,0
"uptake_stem","2000-01-06 01:13:23.000",803,1173.64,2059.52,26514.3,0
"uptake_stem","2000-01-06 01:13:24.000",804,1160.24,2061.22,26600,0
"uptake_stem","2000-01-06 01:13:25.000",805,1143.63,2059.42,26338.5,0
"uptake_stem","2000-01-06 01:13:26.000",806,1133.18,2060.38,26410.6,0
"uptake_stem","2000-01-06 01:13:27.000",807,1121.18,2062.41,26444.4,0
"uptake_stem","2000-01-06 01:13:28.000",808,1111.38,2058.36,26474.6,0
"uptake_stem","2000-01-06 01:13:29.000",809,1105.19,2059.08,26499.1,0
"uptake_stem","2000-01-06 01:13:30.000",810,1100.56,2055.05,26384,0
"uptake_stem","2000-01-06 01:13:31.000",811,1096.9,2058.64,26400.8,0
"uptake_stem","2000-01-06 01:13:32.000",812,1093.58,2056.51,26473.5,0
"uptake_stem","2000-01-06 01:13:33.000",813,1089.49,2058.92,26502.4,0
"uptake_stem","2000-01-06 01:13:34.000",814,1090.65,2056.78,26444.1,0
"uptake_stem","2000-01-06 01:13:35.000",815,1089.96,2056.84,26490,0
"uptake_stem","2000-01-06 01:13:36.000",816,1088.86,2053.68,26494.4,0
"uptake_stem","2000-01-06 01:13:37.000",817,1089.46,2053.27,26457.4,0
"uptake_stem","2000-01-06 01:13:38.000",818,1088.68,2054.43,26522,0
"uptake_stem","2000-01-06 01:13:39.000",819,1085.89,2055.36,26619.6,0
"uptake_stem","2000-01-06 01:13:40.000",820,1083.67,2053.77,26566.4,0
"uptake_stem","2000-01-06 01:13:41.000",821,1082.95,2056.41,26563.6,0
"uptake_stem","2000-01-06 01:13:42.000",822,1078.6,2051.64,26622.1,0
"uptake_stem","2000-01-06 01:13:43.000",823,1073.89,2054.44,26584.6,0
"uptake_stem","2000-01-06 01:13:44.000",824,1070.45,2057.04,26421.7,0
"uptake_stem","2000-01-06 01:13:45.000",825,1066.63,2051.95,26500.6,0
"uptake_stem","2000-01-06 01:13:46.000",826,1063.26,2054.03,26525.4,0
"uptake_stem","2000-01-06 01:13:47.000",827,1057.86,2052.48,26402.4,0
"uptake_stem","2000-01-06 01:13:48.000",828,1054.87,2055.48,26617.3,0
"uptake_stem","2000-01-06 01:13:49.000",829,1051.47,2052.64,26629.5,0
"uptake_stem","2000-01-06 01:13:50.000",830,1045.22,2057,26723.5,0
"uptake_stem","2000-01-06 01:13:51.000",831,1038.85,2053.57,26680.3,0
"uptake_stem","2000-01-06 01:13:52.000",832,1032.21,2057.63,26548.3,0
"uptake_stem","2000-01-06 01:13:53.000",833,1026.14,2055,26637.9,0
"uptake_stem","2000-01-06 01:13:54.000",834,1018.99,2057.66,26751.6,0
"uptake_stem","2000-01-06 01:13:55.000",835,1012.29,2053.95,26537.4,0
"uptake_stem","2000-01-06 01:13:56.000",836,1005.69,2056.75,26626.1,0
"uptake_stem","2000-01-06 01:13:57.000",837,999.139,2057.49,26520,0
"uptake_stem","2000-01-06 01:13:58.000",838,990.155,2054.07,26436.8,0
"uptake_stem","2000-01-06 01:13:59.000",839,985.751,2058.17,26418.2,0
"uptake_stem","2000-01-06 01:14:00.000",840,978.584,2057.51,26690.4,0
"uptake_stem","2000-01-06 01:14:01.000",841,971.204,2058.74,26635.1,0
"uptake_stem","2000-01-06 01:14:02.000",842,962.741,2057.33,26557.8,0
"uptake_stem","2000-01-06 01:14:03.000",843,954.92,2055.88,26638.5,0
"uptake_stem","2000-01-06 01:14:04.000",844,944.922,2056.44,26529.6,0
"uptake_stem","2000-01-06 01:14:05.000",845,937.709,2058.71,26599.3,0
"uptake_stem","2000-01-06 01:14:06.000",846,928.96,2057.46,26573.7,0
"uptake_stem","2000-01-06 01:14:07.000",847,920.623,2055.11,26519.8,0
"uptake_stem","2000-01-06 01:14:08.000",848,911.927,2053.41,26555,0
"uptake_stem","2000-01-06 01:14:09.000",849,901.812,2053.67,26639.5,0
"uptake_stem","2000-01-06 01:14:10.000",850,891.736,2054.2,26562.3,0
"uptake_stem","2000-01-06 01:14:11.000",851,881.578,2051.72,26524.6,0
"uptake_stem","2000-01-06 01:14:12.000",852,873.78,2055,26593.8,0
"uptake_stem","2000-01-06 01:14:13.000",853,863.427,2054.61,26346.8,0
"uptake_stem","2000-01-06 01:14:14.000",854,855.178,2054.9,26557.7,0
"uptake_stem","2000-01-06 01:14:15.000",855,844.686,2051.25,26486.3,0
"uptake_stem","2000-01-06 01:14:16.000",856,838.377,2052.05,26547.3,0
"uptake_stem","2000-01-06 01:14:17.000",857,831.126,2052.82,26534.1,0
"uptake_stem","2000-01-06 01:14:18.000",858,826.711,2051.38,26641.3,0
"uptake_stem","2000-01-06 01:14:19.000",859,820.559,2054.73,26580.3,0
"uptake_stem","2000-01-06 01:14:20.000",860,817.639,2053.48,26536,0
"uptake_stem","2000-01-06 01:14:21.000",861,815.382,2052.58,26432.4,0
"uptake_stem","2000-01-06 01:14:22.000",862,812.192,2054.53,26542.4,0
"uptake_stem","2000-01-06 01:14:23.000",863,810.518,2052.76,26573.4,0
"uptake_stem","2000-01-06 01:14:24.000",864,808.639,2051.43,26480.4,0
"uptake_stem","2000-01-06 01:14:25.000",865,805.57,2054.4,26715.9,0
"uptake_stem","2000-01-06 01:14:26.000",866,804.79,2057.03,26619,0
"uptake_stem","2000-01-06 01:14:27.000",867,805.506,2050.12,26590,0
"uptake_stem","2000-01-06 01:14:28.000",868,804.036,2053.73,26643.8,0
"uptake_stem","2000-01-06 01:14:29.000",869,805.428,2051.86,26593.9,0
"uptake_stem","2000-01-06 01:14:30.000",870,805.64,2052.56,26658.5,0
"uptake_stem","2000-01-06 01:14:31.000",871,806.685,2051.76,26655.9,0
"uptake_stem","2000-01-06 01:14:32.000",872,807.511,2054.52,26660,0
"uptake_stem","2000-01-06 01:14:33.000",873,810.527,2050.6,26557.8,0
"uptake_stem","2000-01-06 01:14:34.000",874,810.319,2054.63,26680.2,0
"uptake_stem","2000-01-06 01:14:35.000",875,811.281,2053.11,26684.6,0
"uptake_stem","2000-01-06 01:14:36.000",876,812.094,2049.59,26505.9,0
"uptake_stem","2000-01-06 01:14:37.000",877,812.9,2054.78,26666.8,0
"uptake_stem","2000-01-06 01:14:38.000",878,815.977,2049.84,26635.8,0
"uptake_stem","2000-01-06 01:14:39.000",879,816.731,2052.85,26543.1,0
"uptake_stem","2000-01-06 01:14:40.000",880,818.377,2052.49,26563,0
"uptake_stem","2000-01-06 01:14:41.000",881,819.47,2052.49,26492.4,0
"uptake_stem","2000-01-06 01:14:42.000",882,821.07,2053.49,26388.3,0
"uptake_stem","2000-01-06 01:14:43.000",883,823.595,2053.99,26611.5,0
"uptake_stem","2000-01-06 01:14:44.000",884,826.148,2054.83,26591.2,0
"uptake_stem","2000-01-06 01:14:45.000",885,828.768,2049.31,26546.5,0
"uptake_stem","2000-01-06 01:14:46.000",886,829.306,2051.71,26629.8,0
"uptake_stem","2000-01-06 01:14:47.000",887,832.805,2053.94,26779.7,0
"uptake_stem","2000-01-06 01:14:48.000",888,836.149,2052.9,26683.4,0
"uptake_stem","2000-01-06 01:14:49.000",889,838.632,2053.76,26518.5,0
"uptake_stem","2000-01-06 01:14:50.000",890,842.173,2052.79,26435.5,0
"uptake_stem","2000-01-06 01:14:51.000",891,845.722,2055.06,26698.7,0
"uptake_stem","2000-01-06 01:14:52.000",892,848.867,2057.62,26650.8,0
"uptake_stem","2000-01-06 01:14:53.000",893,852.157,2054.32,26620.7,0
"uptake_stem","2000-01-06 01:14:54.000",894,856.231,2056.27,26489.8,0
"uptake_stem","2000-01-06 01:14:55.000",895,860.277,2053.62,26536.3,0
"uptake_stem","2000-01-06 01:14:56.000",896,863.709,2052.71,26509.2,0
"uptake_stem","2000-01-06 01:14:57.000",897,867.899,2053.01,26439.5,0
"uptake_stem","2000-01-06 01:14:58.000",898,871.878,2054.4,26586.9,0
"uptake_stem","2000-01-06 01:14:59.000",899,874.705,2054.96,26567.5,0
"uptake_stem","2000-01-06 01:15:00.000",900,878.371,2050.66,26656.5,0
"uptake_soil","2000-01-07 00:55:00.000",-300,1443.28,2371.08,27252.9,0
"uptake_soil","2000-01-07 00:55:01.000",-299,1445.57,2369.15,27363.8,0
"uptake_soil","2000-01-07 00:55:02.000",-298,1447.11,2369.5,27349.7,0
"uptake_soil","2000-01-07 00:55:03.000",-297,1447.74,2368.74,27204.6,0
"uptake_soil","2000-01-07 00:55:04.000",-296,1450.18,2373.51,27380.7,0
"uptake_soil","2000-01-07 00:55:05.000",-295,1452.02,2375.93,27324.3,0
"uptake_soil","2000-01-07 00:55:06.000",-294,1453.01,2374.96,27205.3,0
"uptake_soil","2000-01-07 00:55:07.000",-293,1454.73,2371.47,27281.7,0
"uptake_soil","2000-01-07 00:55:08.000",-292,1458.93,2375.87,27391,0
"uptake_soil","2000-01-07 00:55:09.000",-291,1458.37,2375.48,27278.7,0
"uptake_soil","2000-01-07 00:55:10.000",-290,1461.59,2373.08,27263.1,0
"uptake_soil","2000-01-07 00:55:11.000",-289,1461.87,2375.48,27492.1,0
"uptake_soil","2000-01-07 00:55:12.000",-288,1464.29,2374.64,27240.6,0
"uptake_soil","2000-01-07 00:55:13.000",-287,1465.08,2380.05,27341.3,0
"uptake_soil","2000-01-07 00:55:14.000",-286,1466.82,2373.58,27392.2,0
"uptake_soil","2000-01-07 00:55:15.000",-285,1468.88,2374.07,27375.2,0
"uptake_soil","2000-01-07 00:55:16.000",-284,1470.8,2375.14,27536.1,0
"uptake_soil","2000-01-07 00:55:17.000",-283,1470.69,2378.29,27410.4,0
"uptake_soil","2000-01-07 00:55:18.000",-282,1471.82,2377.62,27281.9,0
"uptake_soil","2000-01-07 00:55:19.000",-281,1474.18,2381.46,27362.1,0
"uptake_soil","2000-01-07 00:55:20.000",-280,1476.04,2379.6,27268,0
"uptake_soil","2000-01-07 00:55:21.000",-279,1476.56,2382.26,27202.7,0
"uptake_soil","2000-01-07 00:55:22.000",-278,1478.28,2380.7,27318.1,0
"uptake_soil","2000-01-07 00:55:23.000",-277,1479.01,2379.62,27263.5,0
"uptake_soil","2000-01-07 00:55:24.000",-276,1481.5,2383.75,27250.1,0
"uptake_soil","2000-01-07 00:55:25.000",-275,1482.61,2380.28,27415.3,0
"uptake_soil","2000-01-07 00:55:26.000",-274,1482.9,2384.38,27362.1,0
"uptake_soil","2000-01-07 00:55:27.000",-273,1484.24,2383.21,27349.5,0
"uptake_soil","2000-01-07 00:55:28.000",-272,1485.99,2383.5,27329,0
"uptake_soil","2000-01-07 00:55:29.000",-271,1486.45,2385.88,27333.4,0
"uptake_soil","2000-01-07 00:55:30.000",-270,1487.53,2379.17,27328.9,0
"uptake_soil","2000-01-07 00:55:31.000",-269,1488.75,2380.19,27227.3,0
"uptake_soil","2000-01-07 00:55:32.000",-268,1489.74,2387.99,27347.9,0
"uptake_soil","2000-01-07 00:55:33.000",-267,1490.1,2385.18,27430.7,0
"uptake_soil","2000-01-07 00:55:34.000",-266,1490.63,2385.16,27312.3,0
"uptake_soil","2000-01-07 00:55:35.000",-265,1491.12,2386.85,27376.6,0
"uptake_soil","2000-01-07 00:55:36.000",-264,1494.15,2384.3,27498.5,0
"uptake_soil","2000-01-07 00:55:37.000",-263,1494.22,2380.85,27238.8,0
"uptake_soil","2000-01-07 00:55:38.000",-262,1495.55,2388.37,27300.5,0
"uptake_soil","2000-01-07 00:55:39.000",-261,1497.41,2389.98,27238.3,0
"uptake_soil","2000-01-07 00:55:40.000",-260,1497.85,2392.23,27352.8,0
"uptake_soil","2000-01-07 00:55:41.000",-259,1497.99,2382.8,27233.4,0
"uptake_soil","2000-01-07 00:55:42.000",-258,1499.14,2388.54,27196,0
"uptake_soil","2000-01-07 00:55:43.000",-257,1498.83,2387.78,27434.5,0
"uptake_soil","2000-01-07 00:55:44.000",-256,1501.07,2389.08,27470,0
"uptake_soil","2000-01-07 00:55:45.000",-255,1501.18,2388.67,27232,0
"uptake_soil","2000-01-07 00:55:46.000",-254,1502.33,2390.49,27310.5,0
"uptake_soil","2000-01-07 00:55:47.000",-253,1502.56,2386.03,27287.1,0
"uptake_soil","2000-01-07 00:55:48.000",-252,1504.66,2387.68,27223,0
"uptake_soil","2000-01-07 00:55:49.000",-251,1504.73,2387.81,27324.3,0
"uptake_soil","2000-01-07 00:55:50.000",-250,1504.66,2390.12,27308.1,0
"uptake_soil","2000-01-07 00:55:51.000",-249,1505.51,2387.65,27313.4,0
"uptake_soil","2000-01-07 00:55:52.000",-248,1504.87,2387.08,27205.3,0
"uptake_soil","2000-01-07 00:55:53.000",-247,1507.41,2388.48,27302.4,0
"uptake_soil","2000-01-07 00:55:54.000",-246,1508.3,2390.26,27450.8,0
"uptake_soil","2000-01-07 00:55:55.000",-245,1506.81,2389.69,27230.6,0
"uptake_soil","2000-01-07 00:55:56.000",-244,1509.07,2395.31,27488,0
"uptake_soil","2000-01-07 00:55:57.000",-243,1510.42,2394.25,27215.1,0
"uptake_soil","2000-01-07 00:55:58.000",-242,1510.59,2389.28,27431.3,0
"uptake_soil","2000-01-07 00:55:59.000",-241,1510.62,2386.02,27269.8,0
"uptake_soil","2000-01-07 00:56:00.000",-240,1510.73,2392.03,27431.9,0
"uptake_soil","2000-01-07 00:56:01.000",-239,1512.52,2387.66,27306.3,0
"uptake_soil","2000-01-07 00:56:02.000",-238,1512.83,2390.95,27341.1,0
"uptake_soil","2000-01-07 00:56:03.000",-237,1515,2388.06,27238.3,0
"uptake_soil","2000-01-07 00:56:04.000",-236,1514.12,2388.14,27380.4,0
"uptake_soil","2000-01-07 00:56:05.000",-235,1516.46,2392.4,27119.6,0
"uptake_soil","2000-01-07 00:56:06.000",-234,1514.74,2391.77,27254.7,0
"uptake_soil","2000-01-07 00:56:07.000",-233,1518.39,2389.72,27252.9,0
"uptake_soil","2000-01-07 00:56:08.000",-232,1518.53,2388.98,27453.8,0
"uptake_soil","2000-01-07 00:56:09.000",-231,1520.58,2396.71,26843,0
"uptake_soil","2000-01-07 00:56:10.000",-230,1518.48,2395.36,27300,0
"uptake_soil","2000-01-07 00:56:11.000",-229,1521.7,2393.29,27004.8,0
"uptake_soil","2000-01-07 00:56:12.000",-228,1522.19,2397.3,27196.8,0
"uptake_soil","2000-01-07 00:56:13.000",-227,1530.7,2395,26885.8,0
"uptake_soil","2000-01-07 00:56:14.000",-226,1533.55,2396.91,26646.5,0
"uptake_soil","2000-01-07 00:56:15.000",-225,1534.35,2396.3,26424.5,0
"uptake_soil","2000-01-07 00:56:16.000",-224,1536.85,2401.38,26577.7,0
"uptake_soil","2000-01-07 00:56:17.000",-223,1537.79,2400.6,26807.1,0
"uptake_soil","2000-01-07 00:56:18.000",-222,1536.42,2396.79,26883.2,0
"uptake_soil","2000-01-07 00:56:19.000",-221,1539.61,2396.84,26768.9,0
"uptake_soil","2000-01-07 00:56:20.000",-220,1527.55,2395.76,26818.4,0
"uptake_soil","2000-01-07 00:56:21.000",-219,1529.66,2397.17,27074.9,0
"uptake_soil","2000-01-07 00:56:22.000",-218,1534.75,2395.84,26989.5,0
"uptake_soil","2000-01-07 00:56:23.000",-217,1533.48,2396.39,27180.8,0
"uptake_soil","2000-01-07 00:56:24.000",-216,1528.14,2393.52,27194.6,0
"uptake_soil","2000-01-07 00:56:25.000",-215,1534.82,2391.93,27130,0
"uptake_soil","2000-01-07 00:56:26.000",-214,1534.45,2393.64,27110.9,0
"uptake_soil","2000-01-07 00:56:27.000",-213,1537.82,2393.81,27217.7,0
"uptake_soil","2000-01-07 00:56:28.000",-212,1537.63,2393.36,27283,0
"uptake_soil","2000-01-07 00:56:29.000",-211,1536.21,2396.99,27226,0
"uptake_soil","2000-01-07 00:56:30.000",-210,1537.61,2397.46,27156.4,0
"uptake_soil","2000-01-07 00:56:31.000",-209,1536.26,2399.7,27090,0
"uptake_soil","2000-01-07 00:56:32.000",-208,1538.84,2395.35,27270.9,0
"uptake_soil","2000-01-07 00:56:33.000",-207,1537.87,2393.87,27076.3,0
"uptake_soil","2000-01-07 00:56:34.000",-206,1541.69,2394.77,27256.9,0
"uptake_soil","2000-01-07 00:56:35.000",-205,1540.5,2396.5,27164.4,0
"uptake_soil","2000-01-07 00:56:36.000",-204,1541.07,2397.77,27171.5,0
"uptake_soil","2000-01-07 00:56:37.000",-203,1542.14,2397.69,27159.4,0
"uptake_soil","2000-01-07 00:56:38.000",-202,1541.67,2397.75,27157.6,0
"uptake_soil","2000-01-07 00:56:39.000",-201,1542.22,2400.06,27209.1,0
"uptake_soil","2000-01-07 00:56:40.000",-200,1545.67,2399.33,27229.8,0
"uptake_soil","2000-01-07 00:56:41.000",-199,1545.16,2399.09,27296.1,0
"uptake_soil","2000-01-07 00:56:42.000",-198,1549.15,2397.93,27182.9,0
"uptake_soil","2000-01-07 00:56:43.000",-197,1544.34,2403.36,27102.3,0
"uptake_soil","2000-01-07 00:56:44.000",-196,1545.79,2400.43,27058.3,0
"uptake_soil","2000-01-07 00:56:45.000",-195,1546.65,2396.62,27035.5,0
"uptake_soil","2000-01-07 00:56:46.000",-194,1545.85,2402.25,27184.8,0
"uptake_soil","2000-01-07 00:56:47.000",-193,1549.11,2399.06,27143,0
"uptake_soil","2000-01-07 00:56:48.000",-192,1549.96,2397.94,27168.2,0
"uptake_soil","2000-01-07 00:56:49.000",-191,1547.06,2401.23,27225.3,0
"uptake_soil","2000-01-07 00:56:50.000",-190,1549.03,2397.15,27099.4,0
"uptake_soil","2000-01-07 00:56:51.000",-189,1550.2,2403.11,27039.4,0
"uptake_soil","2000-01-07 00:56:52.000",-188,1551.48,2398.36,27071,0
"uptake_soil","2000-01-07 00:56:53.000",-187,1548.03,2398.17,27145.4,0
"uptake_soil","2000-01-07 00:56:54.000",-186,1550.99,2400.31,27120.9,0
"uptake_soil","2000-01-07 00:56:55.000",-185,1548.52,2402.61,27001,0
"uptake_soil","2000-01-07 00:56:56.000",-184,1550.1,2398.59,27066.2,0
"uptake_soil","2000-01-07 00:56:57.000",-183,1549.99,2402.28,27041.1,0
"uptake_soil","2000-01-07 00:56:58.000",-182,1549.4,2399.01,27144.8,0
"uptake_soil","2000-01-07 00:56:59.000",-181,1549.41,2398.94,27299.3,0
"uptake_soil","2000-01-07 00:57:00.000",-180,1549.64,2400.53,27280.3,0
"uptake_soil","2000-01-07 00:57:01.000",-179,1549.38,2399.64,27136.2,0
"uptake_soil","2000-01-07 00:57:02.000",-178,1548.6,2396.46,27087.2,0
"uptake_soil","2000-01-07 00:57:03.000",-177,1547.1,2397.97,27317,0
"uptake_soil","2000-01-07 00:57:04.000",-176,1548.66,2398.03,27062.7,0
"uptake_soil","2000-01-07 00:57:05.000",-175,1548.83,2398.69,27168.2,0
"uptake_soil","2000-01-07 00:57:06.000",-174,1546.71,2397.31,27134.7,0
"uptake_soil","2000-01-07 00:57:07.000",-173,1545.71,2397.75,27340.4,0
"uptake_soil","2000-01-07 00:57:07.000",-173,1546.39,2397.75,27115.8,0
"uptake_soil","2000-01-07 00:57:08.000",-172,1545.83,2397.7,27216.9,0
"uptake_soil","2000-01-07 00:57:09.000",-171,1546.51,2397.53,27050,0
"uptake_soil","2000-01-07 00:57:10.000",-170,1545.24,2398.08,27127.3,0
"uptake_soil","2000-01-07 00:57:11.000",-169,1546.13,2399.53,27210.7,0
"uptake_soil","2000-01-07 00:57:12.000",-168,1544.99,2396.96,27133.3,0
"uptake_soil","2000-01-07 00:57:13.000",-167,1545.16,2401.76,27296.7,0
"uptake_soil","2000-01-07 00:57:14.000",-166,1542.78,2399.91,27102.4,0
"uptake_soil","2000-01-07 00:57:15.000",-165,1542.87,2394.87,27237.5,0
"uptake_soil","2000-01-07 00:57:16.000",-164,1543.41,2400.42,27417.6,0
"uptake_soil","2000-01-07 00:57:17.000",-163,1542.63,2395.82,27095.3,0
"uptake_soil","2000-01-07 00:57:18.000",-162,1543.38,2397.74,27195.4,0
"uptake_soil","2000-01-07 00:57:19.000",-161,1541.38,2392.41,27136.4,0
"uptake_soil","2000-01-07 00:57:20.000",-160,1539.92,2392.34,27146.4,0
"uptake_soil","2000-01-07 00:57:21.000",-159,1540.52,2396.11,27078.6,0
"uptake_soil","2000-01-07 00:57:22.000",-158,1541.95,2397.07,27164.1,0
"uptake_soil","2000-01-07 00:57:23.000",-157,1540.15,2394.5,27152.6,0
"uptake_soil","2000-01-07 00:57:24.000",-156,1540.87,2398.05,27052.8,0
"uptake_soil","2000-01-07 00:57:25.000",-155,1540.94,2397.67,27112.1,0
"uptake_soil","2000-01-07 00:57:26.000",-154,1540.72,2394.03,26858.1,0
"uptake_soil","2000-01-07 00:57:27.000",-153,1538.8,2391.52,27091.2,0
"uptake_soil","2000-01-07 00:57:28.000",-152,1537.3,2394.73,27272.6,0
"uptake_soil","2000-01-07 00:57:29.000",-151,1539.07,2394.43,27091.9,0
"uptake_soil","2000-01-07 00:57:30.000",-150,1536.1,2394.09,27009.6,0
"uptake_soil","2000-01-07 00:57:31.000",-149,1535.74,2397.22,27166.2,0
"uptake_soil","2000-01-07 00:57:32.000",-148,1535.6,2395.62,27205.4,0
"uptake_soil","2000-01-07 00:57:33.000",-147,1535.64,2393.34,27195.9,0
"uptake_soil","2000-01-07 00:57:34.000",-146,1535.46,2398.89,27245.3,0
"uptake_soil","2000-01-07 00:57:35.000",-145,1538.23,2394.14,27051,0
"uptake_soil","2000-01-07 00:57:36.000",-144,1538.1,2397.05,27310.8,0
"uptake_soil","2000-01-07 00:57:37.000",-143,1537.48,2399.46,27139.7,0
"uptake_soil","2000-01-07 00:57:38.000",-142,1536.93,2391.09,27119.5,0
"uptake_soil","2000-01-07 00:57:39.000",-141,1536.29,2392.79,27305.6,0
"uptake_soil","2000-01-07 00:57:40.000",-140,1536.92,2396.89,27187.4,0
"uptake_soil","2000-01-07 00:57:41.000",-139,1536.75,2396.41,27096.9,0
"uptake_soil","2000-01-07 00:57:42.000",-138,1536.19,2394.49,27105.4,0
"uptake_soil","2000-01-07 00:57:43.000",-137,1536.62,2396.33,27136,0
"uptake_soil","2000-01-07 00:57:44.000",-136,1538.08,2390.08,27201.4,0
"uptake_soil","2000-01-07 00:57:45.000",-135,1536.89,2393.85,27030,0
"uptake_soil","2000-01-07 00:57:46.000",-134,1513.87,2385.96,27135.6,0
"uptake_soil","2000-01-07 00:57:47.000",-133,1357.7,2340.42,27032.9,0
"uptake_soil","2000-01-07 00:57:48.000",-132,1141.8,2267.24,27265.2,0
"uptake_soil","2000-01-07 00:57:49.000",-131,956.642,2207.55,27386.5,0
"uptake_soil","2000-01-07 00:57:50.000",-130,819.511,2161.62,27169.2,0
"uptake_soil","2000-01-07 00:57:51.000",-129,721.653,2136.87,27588.3,0
"uptake_soil","2000-01-07 00:57:52.000",-128,649.702,2109.52,27682.4,0
"uptake_soil","2000-01-07 00:57:53.000",-127,600.132,2087.59,27874,0
"uptake_soil","2000-01-07 00:57:54.000",-126,565.294,2078.18,27712.7,0
"uptake_soil","2000-01-07 00:57:55.000",-125,540.041,2070.54,28086.2,0
"uptake_soil","2000-01-07 00:57:56.000",-124,519.913,2062.91,28010.8,0
"uptake_soil","2000-01-07 00:57:57.000",-123,502.451,2058.91,27929.6,0
"uptake_soil","2000-01-07 00:57:58.000",-122,495.391,2057.74,27893.2,0
"uptake_soil","2000-01-07 00:57:59.000",-121,476.595,2058.88,27791.1,0
"uptake_soil","2000-01-07 00:58:00.000",-120,467.687,2055.58,27800.9,0
"uptake_soil","2000-01-07 00:58:01.000",-119,455.878,2063.5,27594.2,0
"uptake_soil","2000-01-07 00:58:02.000",-118,443.531,2059.68,27591.2,0
"uptake_soil","2000-01-07 00:58:03.000",-117,438.096,2058.03,27786.2,0
"uptake_soil","2000-01-07 00:58:04.000",-116,435.626,2059.67,27296.1,0
"uptake_soil","2000-01-07 00:58:05.000",-115,429.308,2062.15,26943.6,0
"uptake_soil","2000-01-07 00:58:06.000",-114,425.55,2064.32,26969.8,0
"uptake_soil","2000-01-07 00:58:07.000",-113,423.997,2065.02,26757.6,0
"uptake_soil","2000-01-07 00:58:08.000",-112,424.553,2061.95,26653.6,0
"uptake_soil","2000-01-07 00:58:09.000",-111,422.677,2061.97,26596.8,0
"uptake_soil","2000-01-07 00:58:10.000",-110,423.617,2058.56,26663.9,0
"uptake_soil","2000-01-07 00:58:11.000",-109,423.925,2054.41,26505.4,0
"uptake_soil","2000-01-07 00:58:12.000",-108,425.953,2053.75,26407.3,0
"uptake_soil","2000-01-07 00:58:13.000",-107,425.479,2050.65,26248.1,0
"uptake_soil","2000-01-07 00:58:14.000",-106,430.764,2055.1,26247.7,0
"uptake_soil","2000-01-07 00:58:15.000",-105,431.76,2055.9,26407.3,0
"uptake_soil","2000-01-07 00:58:16.000",-104,428.357,2050.34,26414.4,0
"uptake_soil","2000-01-07 00:58:17.000",-103,430.286,2049.59,26195.3,0
"uptake_soil","2000-01-07 00:58:18.000",-102,430.594,2047.65,26328.6,0
"uptake_soil","2000-01-07 00:58:19.000",-101,430.283,2049.14,26018.7,0
"uptake_soil","2000-01-07 00:58:20.000",-100,431.203,2049.87,26522.5,0
"uptake_soil","2000-01-07 00:58:21.000",-99,427.375,2053.51,26396.1,0
"uptake_soil","2000-01-07 00:58:22.000",-98,430.859,2051.24,26371.1,0
"uptake_soil","2000-01-07 00:58:23.000",-97,430.002,2047.52,26132.7,0
"uptake_soil","2000-01-07 00:58:24.000",-96,431.651,2049.37,26308.1,0
"uptake_soil","2000-01-07 00:58:25.000",-95,431.99,2047.18,26255.1,0
"uptake_soil","2000-01-07 00:58:26.000",-94,430.394,2048.85,26103.2,0
"uptake_soil","2000-01-07 00:58:27.000",-93,433.536,2050.08,26311.7,0
"uptake_soil","2000-01-07 00:58:28.000",-92,428.618,2052.69,26248,0
"uptake_soil","2000-01-07 00:58:29.000",-91,427.584,2046.47,26060.1,0
"uptake_soil","2000-01-07 00:58:30.000",-90,429.886,2047.67,26104.2,0
"uptake_soil","2000-01-07 00:58:31.000",-89,435.893,2047.69,26143.1,0
"uptake_soil","2000-01-07 00:58:32.000",-88,438.535,2045.01,26424.1,0
"uptake_soil","2000-01-07 00:58:33.000",-87,441.576,2045.42,26231,0
"uptake_soil","2000-01-07 00:58:34.000",-86,443.403,2042.58,26186.4,0
"uptake_soil","2000-01-07 00:58:35.000",-85,447.332,2043.03,26453,0
"uptake_soil","2000-01-07 00:58:36.000",-84,448.568,2040.44,26032.1,0
"uptake_soil","2000-01-07 00:58:37.000",-83,445.92,2038.5,26404.8,0
"uptake_soil","2000-01-07 00:58:38.000",-82,440.053,2041.47,26287.3,0
"uptake_soil","2000-01-07 00:58:39.000",-81,440.207,2043.64,26698.2,0
"uptake_soil","2000-01-07 00:58:40.000",-80,440.583,2044.51,26468,0
"uptake_soil","2000-01-07 00:58:41.000",-79,439.234,2046.84,26556.3,0
"uptake_soil","2000-01-07 00:58:42.000",-78,439.237,2045.91,26381,0
"uptake_soil","2000-01-07 00:58:43.000",-77,438.828,2047.1,26629.2,0
"uptake_soil","2000-01-07 00:58:44.000",-76,436.93,2049.1,26482.2,0
"uptake_soil","2000-01-07 00:58:45.000",-75,440.905,2045.6,26527.4,0
"uptake_soil","2000-01-07 00:58:46.000",-74,441.34,2047.01,26451.2,0
"uptake_soil","2000-01-07 00:58:47.000",-73,444.693,2042.87,26574.4,0
"uptake_soil","2000-01-07 00:58:48.000",-72,447.896,2042.25,26513.4,0
"uptake_soil","2000-01-07 00:58:49.000",-71,450.644,2037.73,26697.6,0
"uptake_soil","2000-01-07 00:58:50.000",-70,454.079,2038.21,26478.8,0
"uptake_soil","2000-01-07 00:58:51.000",-69,457.555,2034.76,26630,0
"uptake_soil","2000-01-07 00:58:52.000",-68,459.85,2032.26,26780,0
"uptake_soil","2000-01-07 00:58:53.000",-67,462.876,2033.74,26691.3,0
"uptake_soil","2000-01-07 00:58:54.000",-66,463.093,2032.47,26739.5,0
"uptake_soil","2000-01-07 00:58:55.000",-65,464.378,2033.19,26745.6,0
"uptake_soil","2000-01-07 00:58:56.000",-64,464.872,2035.82,26887.1,0
"uptake_soil","2000-01-07 00:58:57.000",-63,463.104,2032.31,26832.9,0
"uptake_soil","2000-01-07 00:58:58.000",-62,463.571,2031.41,26878,0
"uptake_soil","2000-01-07 00:58:59.000",-61,461.797,2038.8,26759.6,0
"uptake_soil","2000-01-07 00:59:00.000",-60,460.556,2037.24,26929.3,0
"uptake_soil","2000-01-07 00:59:01.000",-59,460.796,2037.29,26917.4,0
"uptake_soil","2000-01-07 00:59:02.000",-58,461.187,2034.29,27059.8,0
"uptake_soil","2000-01-07 00:59:03.000",-57,460.876,2036.17,27127.6,0
"uptake_soil","2000-01-07 00:59:04.000",-56,462.026,2035.17,26924,0
"uptake_soil","2000-01-07 00:59:05.000",-55,459.782,2035.18,26912.6,0
"uptake_soil","2000-01-07 00:59:06.000",-54,458.285,2034.17,26943.4,0
"uptake_soil","2000-01-07 00:59:07.000",-53,458.296,2034.25,26809.1,0
"uptake_soil","2000-01-07 00:59:08.000",-52,456.828,2039.77,27000.9,0
"uptake_soil","2000-01-07 00:59:09.000",-51,454.775,2038.67,26875.4,0
"uptake_soil","2000-01-07 00:59:10.000",-50,452.079,2036.6,26849.7,0
"uptake_soil","2000-01-07 00:59:11.000",-49,447.534,2043.51,26710.7,0
"uptake_soil","2000-01-07 00:59:12.000",-48,444.012,2043.2,26822.6,0
"uptake_soil","2000-01-07 00:59:13.000",-47,442.732,2046.99,26655.3,0
"uptake_soil","2000-01-07 00:59:14.000",-46,441.985,2046.7,26762.8,0
"uptake_soil","2000-01-07 00:59:15.000",-45,439.103,2044.44,26784.6,0
"uptake_soil","2000-01-07 00:59:16.000",-44,437.594,2047.76,26819.7,0
"uptake_soil","2000-01-07 00:59:17.000",-43,438.781,2045.81,26868.5,0
"uptake_soil","2000-01-07 00:59:18.000",-42,437.904,2044.99,26635.3,0
"uptake_soil","2000-01-07 00:59:19.000",-41,436.994,2043.3,26484.3,0
"uptake_soil","2000-01-07 00:59:20.000",-40,436.216,2046.71,26732.1,0
"uptake_soil","2000-01-07 00:59:21.000",-39,432.094,2049.13,26568.9,0
"uptake_soil","2000-01-07 00:59:22.000",-38,432.047,2050.74,26630.4,0
"uptake_soil","2000-01-07 00:59:23.000",-37,431.59,2047.49,26679.7,0
"uptake_soil","2000-01-07 00:59:24.000",-36,433.278,2050.02,26467.3,0
"uptake_soil","2000-01-07 00:59:25.000",-35,433.234,2048.62,26445.9,0
"uptake_soil","2000-01-07 00:59:26.000",-34,434.213,2053.45,26417,0
"uptake_soil","2000-01-07 00:59:27.000",-33,433.487,2059.88,26619.2,0
"uptake_soil","2000-01-07 00:59:28.000",-32,430.804,2060.01,26549.8,0
"uptake_soil","2000-01-07 00:59:29.000",-31,428.121,2062.84,26458.6,0
"uptake_soil","2000-01-07 00:59:30.000",-30,429.62,2059.37,26311.7,0
"uptake_soil","2000-01-07 00:59:31.000",-29,431.78,2057.55,26242.5,0
"uptake_soil","2000-01-07 00:59:32.000",-28,433.249,2053.34,26180.2,0
"uptake_soil","2000-01-07 00:59:33.000",-27,434.885,2057.08,26316.4,0
"uptake_soil","2000-01-07 00:59:34.000",-26,435.389,2052.73,26053.3,0
"uptake_soil","2000-01-07 00:59:35.000",-25,435.974,2055.25,26076.7,0
"uptake_soil","2000-01-07 00:59:36.000",-24,437.752,2054.19,26291.8,0
"uptake_soil","2000-01-07 00:59:37.000",-23,438.232,2051.42,26183.8,0
"uptake_soil","2000-01-07 00:59:38.000",-22,438.453,2051.82,26368.4,0
"uptake_soil","2000-01-07 00:59:39.000",-21,438.979,2055.41,26490,0
"uptake_soil","2000-01-07 00:59:40.000",-20,437.722,2050.88,26474,0
"uptake_soil","2000-01-07 00:59:41.000",-19,438.117,2049.22,26462.8,0
"uptake_soil","2000-01-07 00:59:42.000",-18,438.924,2048.34,26345.9,0
"uptake_soil","2000-01-07 00:59:43.000",-17,440.338,2050.43,26453.9,0
"uptake_soil","2000-01-07 00:59:44.000",-16,440.93,2050.78,26532.4,0
"uptake_soil","2000-01-07 00:59:45.000",-15,440.361,2047.51,26639.6,0
"uptake_soil","2000-01-07 00:59:46.000",-14,440.155,2047.84,26614.1,0
"uptake_soil","2000-01-07 00:59:47.000",-13,439.037,2048.92,26623.9,0
"uptake_soil","2000-01-07 00:59:48.000",-12,442.406,2049.59,26669.3,0
"uptake_soil","2000-01-07 00:59:49.000",-11,439.618,2048.31,26557.7,0
"uptake_soil","2000-01-07 00:59:50.000",-10,439.684,2049.44,26721.5,0
"uptake_soil","2000-01-07 00:59:51.000",-9,439.333,2049.6,26869.6,0
"uptake_soil","2000-01-07 00:59:52.000",-8,439.908,2052.15,26702.2,0
"uptake_soil","2000-01-07 00:59:53.000",-7,440.946,2050.18,26460.7,0
"uptake_soil","2000-01-07 00:59:54.000",-6,442.031,2052.09,26790.3,0
"uptake_soil","2000-01-07 00:59:55.000",-5,439.068,2050.21,26672.8,0
"uptake_soil","2000-01-07 00:59:56.000",-4,440.464,2050.51,26652,0
"uptake_soil","2000-01-07 00:59:57.000",-3,439.871,2050.85,26635.9,0
"uptake_soil","2000-01-07 00:59:58.000",-2,439.42,2048.6,26589.5,0
"uptake_soil","2000-01-07 00:59:59.000",-1,439.18,2051.59,26602.4,0
"uptake_soil","2000-01-07 01:00:00.000",0,439.648,2053.37,26702.4,0
"uptake_soil","2000-01-07 01:00:01.000",1,441.601,2049.06,26647.8,0
"uptake_soil","2000-01-07 01:00:02.000",2,440.481,2047.49,26669,0
"uptake_soil","2000-01-07 01:00:03.000",3,439.339,2047.82,26603.7,0
"uptake_soil","2000-01-07 01:00:04.000",4,440.88,2047.52,26651.2,0
"uptake_soil","2000-01-07 01:00:05.000",5,440.383,2048.84,26598.7,0
"uptake_soil","2000-01-07 01:00:06.000",6,443.344,2048.44,26502.1,0
"uptake_soil","2000-01-07 01:00:07.000",7,442.756,2047.05,26663.1,0
"uptake_soil","2000-01-07 01:00:08.000",8,440.875,2051.31,26649.6,0
"uptake_soil","2000-01-07 01:00:09.000",9,441.448,2047.88,26555,0
"uptake_soil","2000-01-07 01:00:10.000",10,440.319,2050.52,26842.8,0
"uptake_soil","2000-01-07 01:00:11.000",11,440.865,2047.45,26820.5,0
"uptake_soil","2000-01-07 01:00:12.000",12,440.771,2045.83,26583.3,0
"uptake_soil","2000-01-07 01:00:12.000",12,443.836,2049.89,26711.2,0
"uptake_soil","2000-01-07 01:00:13.000",13,444.327,2051.03,26477.7,0
"uptake_soil","2000-01-07 01:00:14.000",14,440.088,2049.75,26719.4,0
"uptake_soil","2000-01-07 01:00:15.000",15,441.165,2045.73,26747.1,0
"uptake_soil","2000-01-07 01:00:16.000",16,445.867,2048.33,26616.5,0
"uptake_soil","2000-01-07 01:00:17.000",17,444.992,2047.14,26709.1,0
"uptake_soil","2000-01-07 01:00:18.000",18,445.818,2045.17,26641.9,0
"uptake_soil","2000-01-07 01:00:19.000",19,445.838,2046.03,26704.2,0
"uptake_soil","2000-01-07 01:00:20.000",20,446.102,2048.19,26562.4,0
"uptake_soil","2000-01-07 01:00:21.000",21,445.112,2045.68,26517.2,0
"uptake_soil","2000-01-07 01:00:22.000",22,445.477,2044.86,26549.4,0
"uptake_soil","2000-01-07 01:00:23.000",23,447.048,2042.89,26575.2,0
"uptake_soil","2000-01-07 01:00:24.000",24,446.441,2046.57,26590.5,0
"uptake_soil","2000-01-07 01:00:25.000",25,447.315,2046.1,26536.8,0
"uptake_soil","2000-01-07 01:00:26.000",26,447.504,2043.45,26690.8,0
"uptake_soil","2000-01-07 01:00:27.000",27,447.312,2042.24,26525,0
"uptake_soil","2000-01-07 01:00:28.000",28,448.441,2045.67,26766.4,0
"uptake_soil","2000-01-07 01:00:29.000",29,448.424,2043.86,26700.4,0
"uptake_soil","2000-01-07 01:00:30.000",30,448.131,2047.39,26742.6,0
"uptake_soil","2000-01-07 01:00:31.000",31,450.623,2042.37,26760.8,0
"uptake_soil","2000-01-07 01:00:32.000",32,451.169,2044.22,26654.8,0
"uptake_soil","2000-01-07 01:00:33.000",33,451.241,2048.34,26621.9,0
"uptake_soil","2000-01-07 01:00:34.000",34,453.039,2043.02,26604.2,0
"uptake_soil","2000-01-07 01:00:35.000",35,452.37,2043.12,26933.6,0
"uptake_soil","2000-01-07 01:00:36.000",36,454.095,2047.17,26765.6,0
"uptake_soil","2000-01-07 01:00:37.000",37,455.288,2040.86,26708,0
"uptake_soil","2000-01-07 01:00:38.000",38,456.984,2044.2,26718.6,0
"uptake_soil","2000-01-07 01:00:39.000",39,456.715,2041.06,26867.1,0
"uptake_soil","2000-01-07 01:00:40.000",40,458.703,2043.58,26716.7,0
"uptake_soil","2000-01-07 01:00:41.000",41,459.1,2044.82,26623.2,0
"uptake_soil","2000-01-07 01:00:42.000",42,459.269,2043.3,26718.4,0
"uptake_soil","2000-01-07 01:00:43.000",43,461.436,2038.39,26693.8,0
"uptake_soil","2000-01-07 01:00:44.000",44,461.655,2041.36,26691.9,0
"uptake_soil","2000-01-07 01:00:45.000",45,463.465,2036.86,26689,0
"uptake_soil","2000-01-07 01:00:46.000",46,462.257,2039.09,26768.4,0
"uptake_soil","2000-01-07 01:00:47.000",47,462.173,2040.56,26653.8,0
"uptake_soil","2000-01-07 01:00:48.000",48,464.164,2038.86,26890.9,0
"uptake_soil","2000-01-07 01:00:49.000",49,466.393,2041.32,26844.5,0
"uptake_soil","2000-01-07 01:00:50.000",50,464.691,2039.9,26737,0
"uptake_soil","2000-01-07 01:00:51.000",51,465.816,2038.02,26748.3,0
"uptake_soil","2000-01-07 01:00:52.000",52,467.497,2037.5,26784,0
"uptake_soil","2000-01-07 01:00:53.000",53,466.724,2037.8,26633.2,0
"uptake_soil","2000-01-07 01:00:54.000",54,468.338,2035.53,26653.1,0
"uptake_soil","2000-01-07 01:00:55.000",55,467.866,2036.75,26911.7,0
"uptake_soil","2000-01-07 01:00:56.000",56,470.218,2037.88,26848.8,0
"uptake_soil","2000-01-07 01:00:57.000",57,471.006,2036.41,26730.7,0
"uptake_soil","2000-01-07 01:00:58.000",58,469.83,2035.62,26893.1,0
"uptake_soil","2000-01-07 01:00:59.000",59,472.377,2032.81,26618.4,0
"uptake_soil","2000-01-07 01:01:00.000",60,471.485,2035.44,26774.9,0
"uptake_soil","2000-01-07 01:01:01.000",61,473.072,2032.67,26709.7,0
"uptake_soil","2000-01-07 01:01:02.000",62,474.11,2032.36,26646.8,0
"uptake_soil","2000-01-07 01:01:03.000",63,475.305,2034.04,26758.8,0
"uptake_soil","2000-01-07 01:01:04.000",64,476.388,2032.5,26776.8,0
"uptake_soil","2000-01-07 01:01:05.000",65,475.837,2030.09,26902.2,0
"uptake_soil","2000-01-07 01:01:06.000",66,478.736,2031.42,26799.5,0
"uptake_soil","2000-01-07 01:01:07.000",67,479.856,2029,26721.9,0
"uptake_soil","2000-01-07 01:01:08.000",68,479.897,2029.65,26865.1,0
"uptake_soil","2000-01-07 01:01:09.000",69,477.425,2027.31,27032.2,0
"uptake_soil","2000-01-07 01:01:10.000",70,481.996,2031.46,26701.3,0
"uptake_soil","2000-01-07 01:01:11.000",71,482.884,2029.17,26703.6,0
"uptake_soil","2000-01-07 01:01:12.000",72,482.794,2028.44,26842.7,0
"uptake_soil","2000-01-07 01:01:13.000",73,480.933,2028.85,26734.9,0
"uptake_soil","2000-01-07 01:01:14.000",74,484.797,2024.7,26811.8,0
"uptake_soil","2000-01-07 01:01:15.000",75,486.258,2025.24,26644.5,0
"uptake_soil","2000-01-07 01:01:16.000",76,487.13,2027.1,26830.6,0
"uptake_soil","2000-01-07 01:01:17.000",77,487.582,2023.37,26764.2,0
"uptake_soil","2000-01-07 01:01:18.000",78,484.453,2030.09,27003.9,0
"uptake_soil","2000-01-07 01:01:19.000",79,484.783,2029.41,26858.7,0
"uptake_soil","2000-01-07 01:01:20.000",80,486.455,2028.79,26824.3,0
"uptake_soil","2000-01-07 01:01:21.000",81,489.061,2027.18,26928.6,0
"uptake_soil","2000-01-07 01:01:22.000",82,489.311,2025.42,26696.3,0
"uptake_soil","2000-01-07 01:01:23.000",83,489.744,2023.94,26686.8,0
"uptake_soil","2000-01-07 01:01:24.000",84,489.976,2021.89,27020.2,0
"uptake_soil","2000-01-07 01:01:25.000",85,487.63,2026,26786.1,0
"uptake_soil","2000-01-07 01:01:26.000",86,490.843,2023.81,26910.4,0
"uptake_soil","2000-01-07 01:01:27.000",87,487.917,2025.45,27029.8,0
"uptake_soil","2000-01-07 01:01:28.000",88,488.789,2026.08,26883.1,0
"uptake_soil","2000-01-07 01:01:29.000",89,489.83,2026.23,27031.5,0
"uptake_soil","2000-01-07 01:01:30.000",90,492.393,2026.33,26842.8,0
"uptake_soil","2000-01-07 01:01:31.000",91,492.862,2025.17,26733.4,0
"uptake_soil","2000-01-07 01:01:32.000",92,493.759,2024.91,26913.2,0
"uptake_soil","2000-01-07 01:01:33.000",93,493.523,2025.44,26832.8,0
"uptake_soil","2000-01-07 01:01:34.000",94,491.337,2024.76,27027.6,0
"uptake_soil","2000-01-07 01:01:35.000",95,493.013,2024.81,27005.6,0
"uptake_soil","2000-01-07 01:01:36.000",96,493.15,2022.18,27000.3,0
"uptake_soil","2000-01-07 01:01:37.000",97,494.615,2021.8,26872.7,0
"uptake_soil","2000-01-07 01:01:38.000",98,495.205,2023.62,26804.1,0
"uptake_soil","2000-01-07 01:01:39.000",99,496.575,2026.26,26954.8,0
"uptake_soil","2000-01-07 01:01:40.000",100,497.183,2021.25,26910.6,0
"uptake_soil","2000-01-07 01:01:41.000",101,495.786,2024.76,27028.6,0
"uptake_soil","2000-01-07 01:01:42.000",102,496.794,2019.9,26876.6,0
"uptake_soil","2000-01-07 01:01:43.000",103,497.093,2022.39,26952.1,0
"uptake_soil","2000-01-07 01:01:44.000",104,496.832,2019.64,26793.9,0
"uptake_soil","2000-01-07 01:01:45.000",105,500.119,2021.56,26866.5,0
"uptake_soil","2000-01-07 01:01:46.000",106,499.653,2021.96,26975.7,0
"uptake_soil","2000-01-07 01:01:47.000",107,499.76,2017.06,26895.4,0
"uptake_soil","2000-01-07 01:01:48.000",108,500.387,2018.11,26926.2,0
"uptake_soil","2000-01-07 01:01:49.000",109,501.698,2018.77,26808.3,0
"uptake_soil","2000-01-07 01:01:50.000",110,501.89,2018.96,26898.3,0
"uptake_soil","2000-01-07 01:01:51.000",111,502.964,2015.34,26922.5,0
"uptake_soil","2000-01-07 01:01:52.000",112,502.971,2016.86,26933.8,0
"uptake_soil","2000-01-07 01:01:53.000",113,503.461,2017.57,26859.4,0
"uptake_soil","2000-01-07 01:01:54.000",114,504.466,2018.59,27011.9,0
"uptake_soil","2000-01-07 01:01:55.000",115,505.362,2016.59,26981.6,0
"uptake_soil","2000-01-07 01:01:56.000",116,505.215,2016.13,26944.7,0
"uptake_soil","2000-01-07 01:01:57.000",117,506.202,2014.99,26809.3,0
"uptake_soil","2000-01-07 01:01:58.000",118,507.499,2016.76,27059.3,0
"uptake_soil","2000-01-07 01:01:59.000",119,507.107,2018.37,26702.2,0
"uptake_soil","2000-01-07 01:02:00.000",120,508.063,2015.26,26924.3,0
"uptake_soil","2000-01-07 01:02:01.000",121,507.852,2014.55,26840.1,0
"uptake_soil","2000-01-07 01:02:02.000",122,509.336,2016.31,26898,1
"uptake_soil","2000-01-07 01:02:03.000",123,509.394,2011.56,27049.1,1
"uptake_soil","2000-01-07 01:02:04.000",124,508.916,2012.8,27081.6,1
"uptake_soil","2000-01-07 01:02:05.000",125,511.288,2015.79,26855.9,1
"uptake_soil","2000-01-07 01:02:06.000",126,511.246,2012.93,27082.2,1
"uptake_soil","2000-01-07 01:02:07.000",127,511.414,2007.56,26941.6,1
"uptake_soil","2000-01-07 01:02:08.000",128,512.12,2010.94,27124.2,1
"uptake_soil","2000-01-07 01:02:09.000",129,512.927,2013.59,27155.5,1
"uptake_soil","2000-01-07 01:02:10.000",130,513.758,2011.8,27143.5,1
"uptake_soil","2000-01-07 01:02:11.000",131,513.442,2014.83,27293.5,1
"uptake_soil","2000-01-07 01:02:12.000",132,516.245,2010.24,27151.4,1
"uptake_soil","2000-01-07 01:02:13.000",133,515.778,2011.14,27180.2,1
"uptake_soil","2000-01-07 01:02:14.000",134,515.567,2009.29,27027.8,1
"uptake_soil","2000-01-07 01:02:15.000",135,516.67,2009.98,27244.8,1
"uptake_soil","2000-01-07 01:02:16.000",136,520.294,2006.74,27242.4,1
"uptake_soil","2000-01-07 01:02:17.000",137,518.014,2007.39,27091,1
"uptake_soil","2000-01-07 01:02:18.000",138,518.827,2008.52,27087.6,1
"uptake_soil","2000-01-07 01:02:19.000",139,518.46,2005.9,27126.9,1
"uptake_soil","2000-01-07 01:02:20.000",140,520.466,2005.72,27242.8,1
"uptake_soil","2000-01-07 01:02:21.000",141,520.642,2006.5,27156.1,1
"uptake_soil","2000-01-07 01:02:22.000",142,520.253,2008.27,27276.8,1
"uptake_soil","2000-01-07 01:02:23.000",143,521.357,2007.65,27297.5,1
"uptake_soil","2000-01-07 01:02:24.000",144,522.217,2007.12,27034.5,1
"uptake_soil","2000-01-07 01:02:25.000",145,521.342,2003.74,27096.9,1
"uptake_soil","2000-01-07 01:02:26.000",146,522.819,2005.4,26887.9,1
"uptake_soil","2000-01-07 01:02:27.000",147,523.049,2004.73,27105.8,1
"uptake_soil","2000-01-07 01:02:28.000",148,524.023,2006.23,27155.8,1
"uptake_soil","2000-01-07 01:02:29.000",149,524.075,2002.76,27018.3,1
"uptake_soil","2000-01-07 01:02:30.000",150,527.64,2002.92,27002.9,1
"uptake_soil","2000-01-07 01:02:31.000",151,524.901,2004.41,27116.2,1
"uptake_soil","2000-01-07 01:02:32.000",152,530.125,2001.48,27175.5,1
"uptake_soil","2000-01-07 01:02:33.000",153,526.448,2005.57,27124.2,1
"uptake_soil","2000-01-07 01:02:34.000",154,527.85,2002.55,27133.1,1
"uptake_soil","2000-01-07 01:02:35.000",155,531.085,2002.27,27027.6,1
"uptake_soil","2000-01-07 01:02:36.000",156,532.562,2002.47,26924.9,1
"uptake_soil","2000-01-07 01:02:37.000",157,532.199,2000.13,27050.4,1
"uptake_soil","2000-01-07 01:02:38.000",158,532.87,2000.01,27008.7,1
"uptake_soil","2000-01-07 01:02:39.000",159,532.723,1997.15,27092.2,1
"uptake_soil","2000-01-07 01:02:40.000",160,534.081,2002.48,26917.2,1
"uptake_soil","2000-01-07 01:02:41.000",161,534.948,1998.79,27046.8,1
"uptake_soil","2000-01-07 01:02:42.000",162,535.946,2000.81,26985.8,1
"uptake_soil","2000-01-07 01:02:43.000",163,536.698,1998.32,26994.9,1
"uptake_soil","2000-01-07 01:02:44.000",164,537.781,1998.4,27023.5,1
"uptake_soil","2000-01-07 01:02:45.000",165,537.108,1998.27,27004.4,1
"uptake_soil","2000-01-07 01:02:46.000",166,540.298,2000.5,26840.6,1
"uptake_soil","2000-01-07 01:02:47.000",167,540.61,1997.63,27133.1,1
"uptake_soil","2000-01-07 01:02:48.000",168,541.278,1997.06,27033.4,1
"uptake_soil","2000-01-07 01:02:49.000",169,542.106,1998.54,27057.1,1
"uptake_soil","2000-01-07 01:02:50.000",170,543.357,2000.95,27101.4,1
"uptake_soil","2000-01-07 01:02:51.000",171,544.178,1997,26794.9,1
"uptake_soil","2000-01-07 01:02:52.000",172,545.385,1996.26,27119.9,1
"uptake_soil","2000-01-07 01:02:53.000",173,545.038,1991.18,27191.5,1
"uptake_soil","2000-01-07 01:02:54.000",174,546.225,1996.19,27196.3,1
"uptake_soil","2000-01-07 01:02:55.000",175,547.466,1998.53,27079.8,1
"uptake_soil","2000-01-07 01:02:56.000",176,547.432,1997,27274.2,1
"uptake_soil","2000-01-07 01:02:57.000",177,547.623,1997.47,27109.5,1
"uptake_soil","2000-01-07 01:02:58.000",178,548.78,1995.36,27316.9,1
"uptake_soil","2000-01-07 01:02:59.000",179,550.991,1996.84,27282.3,1
"uptake_soil","2000-01-07 01:03:00.000",180,550.52,1995.9,27206.4,1
"uptake_soil","2000-01-07 01:03:01.000",181,550.967,1998.03,27161.7,1
"uptake_soil","2000-01-07 01:03:02.000",182,552.213,1995.12,27292.3,1
"uptake_soil","2000-01-07 01:03:03.000",183,553.434,1994.9,27378.4,1
"uptake_soil","2000-01-07 01:03:04.000",184,552.062,1996.14,27319,1
"uptake_soil","2000-01-07 01:03:05.000",185,552.957,1994.82,27087.1,1
"uptake_soil","2000-01-07 01:03:06.000",186,553.744,1994.38,27148.5,1
"uptake_soil","2000-01-07 01:03:07.000",187,553.953,1993.14,27205.8,1
"uptake_soil","2000-01-07 01:03:08.000",188,556.109,1995.44,27365.8,1
"uptake_soil","2000-01-07 01:03:09.000",189,556.296,1994.36,27306.6,1
"uptake_soil","2000-01-07 01:03:10.000",190,555.053,1993.25,27146.1,1
"uptake_soil","2000-01-07 01:03:11.000",191,557.784,1994.61,27131.5,1
"uptake_soil","2000-01-07 01:03:12.000",192,557.503,1989.51,27178.1,1
"uptake_soil","2000-01-07 01:03:13.000",193,557.958,1989.37,27094,1
"uptake_soil","2000-01-07 01:03:14.000",194,559.46,1989.32,27055.6,1
"uptake_soil","2000-01-07 01:03:15.000",195,559.7,1991.65,27074.6,1
"uptake_soil","2000-01-07 01:03:16.000",196,560.701,1987.44,27240.8,1
"uptake_soil","2000-01-07 01:03:17.000",197,559.644,1987.15,27226.2,1
"uptake_soil","2000-01-07 01:03:18.000",198,561.313,1987.55,27070.3,1
"uptake_soil","2000-01-07 01:03:19.000",199,560.869,1986.83,27233.2,1
"uptake_soil","2000-01-07 01:03:19.000",199,562.15,1986.05,27135.2,1
"uptake_soil","2000-01-07 01:03:20.000",200,564.316,1982.77,27267.3,1
"uptake_soil","2000-01-07 01:03:21.000",201,563.912,1980.96,27160.7,1
"uptake_soil","2000-01-07 01:03:22.000",202,563.72,1988.28,27313.5,1
"uptake_soil","2000-01-07 01:03:23.000",203,565.092,1979.23,27288.6,1
"uptake_soil","2000-01-07 01:03:24.000",204,564.815,1984.65,27185.1,1
"uptake_soil","2000-01-07 01:03:25.000",205,566.308,1984.61,27338.3,1
"uptake_soil","2000-01-07 01:03:26.000",206,568.261,1985.75,27308,1
"uptake_soil","2000-01-07 01:03:27.000",207,567.282,1980.62,27245.7,1
"uptake_soil","2000-01-07 01:03:28.000",208,568.619,1982.57,27080.7,1
"uptake_soil","2000-01-07 01:03:29.000",209,569.415,1982.21,27292.8,1
"uptake_soil","2000-01-07 01:03:30.000",210,569.248,1982.25,27244.5,1
"uptake_soil","2000-01-07 01:03:31.000",211,569.856,1983.2,27150.2,1
"uptake_soil","2000-01-07 01:03:32.000",212,570.977,1985.66,27158.7,1
"uptake_soil","2000-01-07 01:03:33.000",213,571.935,1981.67,27223.8,1
"uptake_soil","2000-01-07 01:03:34.000",214,572.165,1979.63,27356.2,1
"uptake_soil","2000-01-07 01:03:35.000",215,573.552,1980.46,27342.6,1
"uptake_soil","2000-01-07 01:03:36.000",216,572.988,1979.27,27354.3,1
"uptake_soil","2000-01-07 01:03:37.000",217,575.549,1977.42,27445.5,1
"uptake_soil","2000-01-07 01:03:38.000",218,575.087,1980,27240.2,1
"uptake_soil","2000-01-07 01:03:39.000",219,576.434,1978.12,27293.3,1
"uptake_soil","2000-01-07 01:03:40.000",220,576.015,1980.65,27306.8,1
"uptake_soil","2000-01-07 01:03:41.000",221,576.773,1976.46,27263.1,1
"uptake_soil","2000-01-07 01:03:42.000",222,576.077,1977.51,27407.7,1
"uptake_soil","2000-01-07 01:03:43.000",223,578.395,1980.72,27553,1
"uptake_soil","2000-01-07 01:03:44.000",224,579.026,1978.38,27521.9,1
"uptake_soil","2000-01-07 01:03:45.000",225,580.584,1982.98,27385,1
"uptake_soil","2000-01-07 01:03:46.000",226,581.36,1979.39,27588.5,1
"uptake_soil","2000-01-07 01:03:47.000",227,581.285,1978.87,27498.5,1
"uptake_soil","2000-01-07 01:03:48.000",228,582.486,1980.05,27664.7,1
"uptake_soil","2000-01-07 01:03:49.000",229,582.875,1978.29,27634.3,1
"uptake_soil","2000-01-07 01:03:50.000",230,583.237,1976.9,27537.8,1
"uptake_soil","2000-01-07 01:03:51.000",231,583.382,1976.83,27701.2,1
"uptake_soil","2000-01-07 01:03:52.000",232,585.075,1972.71,27431.3,1
"uptake_soil","2000-01-07 01:03:53.000",233,585.622,1975.96,27670.8,1
"uptake_soil","2000-01-07 01:03:54.000",234,586.72,1975.35,27632,1
"uptake_soil","2000-01-07 01:03:55.000",235,587.639,1976.43,27416.3,1
"uptake_soil","2000-01-07 01:03:56.000",236,588.079,1973.34,27613,1
"uptake_soil","2000-01-07 01:03:57.000",237,590.09,1974.02,27529.9,1
"uptake_soil","2000-01-07 01:03:58.000",238,588.265,1972.62,27310.5,1
"uptake_soil","2000-01-07 01:03:59.000",239,590.707,1975.83,27507.1,1
"uptake_soil","2000-01-07 01:04:00.000",240,590.336,1974.51,27702.2,1
"uptake_soil","2000-01-07 01:04:01.000",241,590.971,1971.71,27633.1,1
"uptake_soil","2000-01-07 01:04:02.000",242,592.275,1973.03,27609.9,1
"uptake_soil","2000-01-07 01:04:03.000",243,590.539,1970.25,27514.5,1
"uptake_soil","2000-01-07 01:04:04.000",244,594.087,1967.77,27753.8,1
"uptake_soil","2000-01-07 01:04:05.000",245,593.196,1972.05,27698.8,1
"uptake_soil","2000-01-07 01:04:06.000",246,593.675,1970.02,27493.5,1
"uptake_soil","2000-01-07 01:04:07.000",247,594.373,1970.5,27547.7,1
"uptake_soil","2000-01-07 01:04:08.000",248,595.512,1969.11,27403.9,1
"uptake_soil","2000-01-07 01:04:09.000",249,595.602,1964.25,27511.9,1
"uptake_soil","2000-01-07 01:04:10.000",250,596.82,1969.93,27598,1
"uptake_soil","2000-01-07 01:04:11.000",251,597.943,1968.21,27597,1
"uptake_soil","2000-01-07 01:04:12.000",252,597.558,1964.96,27397.3,1
"uptake_soil","2000-01-07 01:04:13.000",253,597.348,1965.57,27439.4,1
"uptake_soil","2000-01-07 01:04:14.000",254,598.263,1966.14,27488.4,1
"uptake_soil","2000-01-07 01:04:15.000",255,600.744,1964.34,27656,1
"uptake_soil","2000-01-07 01:04:16.000",256,599.599,1965.58,27420.5,1
"uptake_soil","2000-01-07 01:04:17.000",257,599.324,1963.38,27316.9,1
"uptake_soil","2000-01-07 01:04:18.000",258,602.242,1963.31,27435.8,1
"uptake_soil","2000-01-07 01:04:19.000",259,601.346,1963.7,27430.8,1
"uptake_soil","2000-01-07 01:04:20.000",260,601.55,1960.21,27317,1
"uptake_soil","2000-01-07 01:04:21.000",261,602.88,1961.39,27240.6,1
"uptake_soil","2000-01-07 01:04:22.000",262,603.453,1959.34,27246,1
"uptake_soil","2000-01-07 01:04:23.000",263,602.235,1960.2,27345.7,1
"uptake_soil","2000-01-07 01:04:24.000",264,604.064,1965.18,27457.9,1
"uptake_soil","2000-01-07 01:04:25.000",265,603.081,1963.55,27358.1,1
"uptake_soil","2000-01-07 01:04:26.000",266,604.266,1964.52,27327.2,1
"uptake_soil","2000-01-07 01:04:27.000",267,606.827,1958.56,27224.5,1
"uptake_soil","2000-01-07 01:04:28.000",268,606.695,1958.61,27372.2,1
"uptake_soil","2000-01-07 01:04:29.000",269,606.576,1960.91,27472.6,1
"uptake_soil","2000-01-07 01:04:30.000",270,606.82,1957.53,27329.4,1
"uptake_soil","2000-01-07 01:04:31.000",271,608.986,1957.56,27301.2,1
"uptake_soil","2000-01-07 01:04:32.000",272,608.176,1955.08,27326.1,1
"uptake_soil","2000-01-07 01:04:33.000",273,608.91,1960.09,27347.4,1
"uptake_soil","2000-01-07 01:04:34.000",274,609.465,1959.16,27482.2,1
"uptake_soil","2000-01-07 01:04:35.000",275,610.514,1953.11,27526.1,1
"uptake_soil","2000-01-07 01:04:36.000",276,611.242,1956.17,27372.6,1
"uptake_soil","2000-01-07 01:04:37.000",277,611.336,1957.72,27367,1
"uptake_soil","2000-01-07 01:04:38.000",278,612.43,1954.09,27411.4,1
"uptake_soil","2000-01-07 01:04:39.000",279,613.521,1952.03,27265.7,1
"uptake_soil","2000-01-07 01:04:40.000",280,613.887,1952.45,27450.9,1
"uptake_soil","2000-01-07 01:04:41.000",281,614.536,1952.11,27212.5,1
"uptake_soil","2000-01-07 01:04:42.000",282,614.333,1952.59,27357.8,1
"uptake_soil","2000-01-07 01:04:43.000",283,614.805,1953.78,27316.9,1
"uptake_soil","2000-01-07 01:04:44.000",284,615.72,1954.53,27298.2,1
"uptake_soil","2000-01-07 01:04:45.000",285,615.906,1951.13,27315.5,1
"uptake_soil","2000-01-07 01:04:46.000",286,616.455,1950.29,27563.5,1
"uptake_soil","2000-01-07 01:04:47.000",287,618.065,1948.75,27405.3,1
"uptake_soil","2000-01-07 01:04:48.000",288,619.729,1951.35,27536.8,1
"uptake_soil","2000-01-07 01:04:49.000",289,618.386,1951.94,27591.8,1
"uptake_soil","2000-01-07 01:04:50.000",290,621.193,1948.12,27497.1,1
"uptake_soil","2000-01-07 01:04:51.000",291,618.309,1949.47,27505.7,1
"uptake_soil","2000-01-07 01:04:52.000",292,620.646,1948.95,27417.8,1
"uptake_soil","2000-01-07 01:04:53.000",293,621.571,1951.84,27337.7,1
"uptake_soil","2000-01-07 01:04:54.000",294,621.974,1951.24,27673.7,1
"uptake_soil","2000-01-07 01:04:55.000",295,622.368,1953.73,27696.4,1
"uptake_soil","2000-01-07 01:04:56.000",296,623.643,1947.15,27563.5,1
"uptake_soil","2000-01-07 01:04:57.000",297,623.756,1949.97,27538.7,1
"uptake_soil","2000-01-07 01:04:58.000",298,625.154,1952.96,27670.8,1
"uptake_soil","2000-01-07 01:04:59.000",299,625.347,1951.7,27484.1,1
"uptake_soil","2000-01-07 01:05:00.000",300,625.783,1950.04,27586.3,1
"uptake_soil","2000-01-07 01:05:01.000",301,627.202,1950.39,27741.2,1
"uptake_soil","2000-01-07 01:05:02.000",302,627.858,1947.62,27467.5,1
"uptake_soil","2000-01-07 01:05:03.000",303,627.472,1948.04,27765.6,1
"uptake_soil","2000-01-07 01:05:04.000",304,629.523,1947.3,27563.7,1
"uptake_soil","2000-01-07 01:05:05.000",305,629.046,1950.15,27402.7,1
"uptake_soil","2000-01-07 01:05:06.000",306,629.536,1949.18,27632.2,1
"uptake_soil","2000-01-07 01:05:07.000",307,630.508,1950.97,27481.4,1
"uptake_soil","2000-01-07 01:05:08.000",308,629.914,1949.14,27414.5,1
"uptake_soil","2000-01-07 01:05:09.000",309,630.768,1946.02,27399.1,1
"uptake_soil","2000-01-07 01:05:10.000",310,630.645,1944.52,27410.1,1
"uptake_soil","2000-01-07 01:05:11.000",311,630.445,1943.92,27237.4,1
"uptake_soil","2000-01-07 01:05:12.000",312,632.654,1946.56,27604.1,1
"uptake_soil","2000-01-07 01:05:13.000",313,632.657,1948.38,27228.2,1
"uptake_soil","2000-01-07 01:05:14.000",314,632.689,1943.59,27396.7,1
"uptake_soil","2000-01-07 01:05:15.000",315,635.573,1944.38,27540.7,1
"uptake_soil","2000-01-07 01:05:16.000",316,635.216,1943.08,27426.1,1
"uptake_soil","2000-01-07 01:05:17.000",317,636.348,1942.73,27505,1
"uptake_soil","2000-01-07 01:05:18.000",318,637.891,1941.44,27322.8,1
"uptake_soil","2000-01-07 01:05:19.000",319,638.246,1943.82,27440,1
"uptake_soil","2000-01-07 01:05:20.000",320,638.615,1943.51,27293.5,1
"uptake_soil","2000-01-07 01:05:21.000",321,638.452,1944.35,27465.5,1
"uptake_soil","2000-01-07 01:05:22.000",322,640.215,1939.35,27297.9,1
"uptake_soil","2000-01-07 01:05:23.000",323,640.357,1942.11,27431.8,1
"uptake_soil","2000-01-07 01:05:24.000",324,639.949,1942.55,27510.6,1
"uptake_soil","2000-01-07 01:05:25.000",325,639.589,1940.92,27477.6,1
"uptake_soil","2000-01-07 01:05:26.000",326,642.079,1939.21,27459.5,1
"uptake_soil","2000-01-07 01:05:27.000",327,642.088,1942.11,27545.2,1
"uptake_soil","2000-01-07 01:05:28.000",328,644.213,1942.09,27646.2,1
"uptake_soil","2000-01-07 01:05:29.000",329,643.983,1945.01,27554.4,1
"uptake_soil","2000-01-07 01:05:30.000",330,644.431,1943.16,27497.7,1
"uptake_soil","2000-01-07 01:05:31.000",331,645.589,1942.75,27609.9,1
"uptake_soil","2000-01-07 01:05:32.000",332,646.489,1938.61,27427.7,1
"uptake_soil","2000-01-07 01:05:33.000",333,646.41,1939.77,27524.2,1
"uptake_soil","2000-01-07 01:05:34.000",334,647.778,1940.61,27680.5,1
"uptake_soil","2000-01-07 01:05:35.000",335,646.801,1935.79,27517.4,1
"uptake_soil","2000-01-07 01:05:36.000",336,649.55,1936.51,27711.9,1
"uptake_soil","2000-01-07 01:05:37.000",337,649.662,1937.41,27721.6,1
"uptake_soil","2000-01-07 01:05:38.000",338,650.172,1939.38,27524.6,1
"uptake_soil","2000-01-07 01:05:39.000",339,650.193,1939.18,27648,1
"uptake_soil","2000-01-07 01:05:40.000",340,649.794,1937.54,27456.1,1
"uptake_soil","2000-01-07 01:05:41.000",341,650.904,1939.42,27505.2,1
"uptake_soil","2000-01-07 01:05:42.000",342,651.767,1935.27,27489,1
"uptake_soil","2000-01-07 01:05:43.000",343,651.908,1936.38,27524.4,1
"uptake_soil","2000-01-07 01:05:44.000",344,652.762,1936.1,27434.7,1
"uptake_soil","2000-01-07 01:05:45.000",345,653.021,1935.72,27495.8,1
"uptake_soil","2000-01-07 01:05:46.000",346,652.769,1935.4,27487.8,1
"uptake_soil","2000-01-07 01:05:47.000",347,653.909,1935.73,27676.1,1
"uptake_soil","2000-01-07 01:05:48.000",348,655.496,1929.57,27567.6,1
"uptake_soil","2000-01-07 01:05:49.000",349,656.12,1935.19,27449.1,1
"uptake_soil","2000-01-07 01:05:50.000",350,656.234,1935.14,27681.5,1
"uptake_soil","2000-01-07 01:05:51.000",351,657.861,1931.23,27492.1,1
"uptake_soil","2000-01-07 01:05:52.000",352,656.716,1931.6,27430.8,1
"uptake_soil","2000-01-07 01:05:53.000",353,657.758,1933.69,27359.4,1
"uptake_soil","2000-01-07 01:05:54.000",354,658.222,1927.86,27399.2,1
"uptake_soil","2000-01-07 01:05:55.000",355,657.007,1927.9,27479.4,1
"uptake_soil","2000-01-07 01:05:56.000",356,659.407,1926.64,27462.6,1
"uptake_soil","2000-01-07 01:05:57.000",357,659.22,1931.03,27408.5,1
"uptake_soil","2000-01-07 01:05:58.000",358,660.557,1927.29,27530.2,1
"uptake_soil","2000-01-07 01:05:59.000",359,661.483,1926.45,27552.2,1
"uptake_soil","2000-01-07 01:06:00.000",360,661.558,1927.14,27411,1
"uptake_soil","2000-01-07 01:06:01.000",361,661.852,1928.32,27333.5,1
"uptake_soil","2000-01-07 01:06:02.000",362,662.611,1925.11,27355.6,1
"uptake_soil","2000-01-07 01:06:03.000",363,663.392,1924.72,27251.9,1
"uptake_soil","2000-01-07 01:06:04.000",364,663.25,1926.08,27340.8,1
"uptake_soil","2000-01-07 01:06:05.000",365,664.939,1923.78,27346,1
"uptake_soil","2000-01-07 01:06:06.000",366,663.472,1925.47,27315.6,1
"uptake_soil","2000-01-07 01:06:07.000",367,665.281,1925.54,27292.9,1
"uptake_soil","2000-01-07 01:06:08.000",368,667.272,1927.86,27466.6,1
"uptake_soil","2000-01-07 01:06:09.000",369,665.841,1923.46,27481.9,1
"uptake_soil","2000-01-07 01:06:10.000",370,665.599,1922.15,27178.8,1
"uptake_soil","2000-01-07 01:06:11.000",371,666.615,1926,27620.5,1
"uptake_soil","2000-01-07 01:06:12.000",372,667.645,1923.62,27273,1
"uptake_soil","2000-01-07 01:06:13.000",373,668.742,1922.94,27411.9,1
"uptake_soil","2000-01-07 01:06:14.000",374,669.902,1919.76,27521.8,1
"uptake_soil","2000-01-07 01:06:15.000",375,669.704,1921.27,27426,1
"uptake_soil","2000-01-07 01:06:16.000",376,670.657,1920.1,27616.2,1
"uptake_soil","2000-01-07 01:06:17.000",377,669.959,1918.75,27550.8,1
"uptake_soil","2000-01-07 01:06:18.000",378,670.75,1920.25,27465.3,1
"uptake_soil","2000-01-07 01:06:19.000",379,672.495,1918.36,27441.7,1
"uptake_soil","2000-01-07 01:06:20.000",380,673.07,1920.49,27611,1
"uptake_soil","2000-01-07 01:06:21.000",381,672.009,1915.69,27528.9,1
"uptake_soil","2000-01-07 01:06:22.000",382,673.907,1917.95,27564.3,1
"uptake_soil","2000-01-07 01:06:23.000",383,674.881,1920.31,27561.4,1
"uptake_soil","2000-01-07 01:06:23.000",383,674.96,1914.36,27620.8,1
"uptake_soil","2000-01-07 01:06:24.000",384,675.787,1919.65,27434.2,1
"uptake_soil","2000-01-07 01:06:25.000",385,676.339,1917.04,27532.7,1
"uptake_soil","2000-01-07 01:06:26.000",386,677.099,1917.09,27539.9,1
"uptake_soil","2000-01-07 01:06:27.000",387,678.489,1916.43,27477.1,1
"uptake_soil","2000-01-07 01:06:28.000",388,679.308,1912.13,27626.2,1
"uptake_soil","2000-01-07 01:06:29.000",389,679.253,1915.51,27569.7,1
"uptake_soil","2000-01-07 01:06:30.000",390,680.89,1914.21,27538.4,1
"uptake_soil","2000-01-07 01:06:31.000",391,678.989,1911.3,27415.9,1
"uptake_soil","2000-01-07 01:06:32.000",392,680.756,1910.75,27588.3,1
"uptake_soil","2000-01-07 01:06:33.000",393,681.739,1915.16,27476.8,1
"uptake_soil","2000-01-07 01:06:34.000",394,682.241,1913.04,27674.7,1
"uptake_soil","2000-01-07 01:06:35.000",395,681.397,1910.42,27445.7,1
"uptake_soil","2000-01-07 01:06:36.000",396,681.861,1910.86,27376.2,1
"uptake_soil","2000-01-07 01:06:37.000",397,681.801,1912.9,27532.4,1
"uptake_soil","2000-01-07 01:06:38.000",398,684.533,1909.86,27438.2,1
"uptake_soil","2000-01-07 01:06:39.000",399,685.592,1910.45,27428.4,1
"uptake_soil","2000-01-07 01:06:40.000",400,685.047,1910.93,27602,1
"uptake_soil","2000-01-07 01:06:41.000",401,685.383,1911.57,27470,1
"uptake_soil","2000-01-07 01:06:42.000",402,686.875,1907.96,27417.5,1
"uptake_soil","2000-01-07 01:06:43.000",403,687.26,1912.03,27435.1,1
"uptake_soil","2000-01-07 01:06:44.000",404,682.659,1911.34,27397.7,1
"uptake_soil","2000-01-07 01:06:45.000",405,688.78,1907.4,27473.4,1
"uptake_soil","2000-01-07 01:06:46.000",406,683.718,1911.15,27389.4,1
"uptake_soil","2000-01-07 01:06:47.000",407,690.127,1908.67,27393.4,1
"uptake_soil","2000-01-07 01:06:48.000",408,688.736,1912.22,27338.7,1
"uptake_soil","2000-01-07 01:06:49.000",409,689.631,1907.52,27406.2,1
"uptake_soil","2000-01-07 01:06:50.000",410,692.537,1909.75,27559.5,1
"uptake_soil","2000-01-07 01:06:51.000",411,689.326,1906.18,27502.7,1
"uptake_soil","2000-01-07 01:06:52.000",412,689.575,1906.24,27497.7,1
"uptake_soil","2000-01-07 01:06:53.000",413,691.716,1903.91,27426.6,1
"uptake_soil","2000-01-07 01:06:54.000",414,693.215,1906.22,27298.1,1
"uptake_soil","2000-01-07 01:06:55.000",415,693.406,1906.41,27535.5,1
"uptake_soil","2000-01-07 01:06:56.000",416,693.582,1906.93,27553.3,1
"uptake_soil","2000-01-07 01:06:57.000",417,693.959,1906.71,27515.4,1
"uptake_soil","2000-01-07 01:06:58.000",418,694.361,1908.69,27382,1
"uptake_soil","2000-01-07 01:06:59.000",419,694.751,1905.03,27397.6,1
"uptake_soil","2000-01-07 01:07:00.000",420,694.985,1905.13,27503.5,1
"uptake_soil","2000-01-07 01:07:01.000",421,696.777,1904.88,27403.3,1
"uptake_soil","2000-01-07 01:07:02.000",422,696.489,1904.71,27520.9,1
"uptake_soil","2000-01-07 01:07:03.000",423,698.129,1903.57,27535.4,1
"uptake_soil","2000-01-07 01:07:04.000",424,696.982,1905.23,27643.5,1
"uptake_soil","2000-01-07 01:07:05.000",425,698.441,1902.18,27660.1,1
"uptake_soil","2000-01-07 01:07:06.000",426,698.748,1905.74,27538.8,1
"uptake_soil","2000-01-07 01:07:07.000",427,700.061,1904.56,27505.9,1
"uptake_soil","2000-01-07 01:07:08.000",428,700.86,1901.73,27535.6,1
"uptake_soil","2000-01-07 01:07:09.000",429,701.431,1903.23,27701.5,1
"uptake_soil","2000-01-07 01:07:10.000",430,701.214,1899.71,27607.4,1
"uptake_soil","2000-01-07 01:07:11.000",431,702.18,1902.4,27698.7,1
"uptake_soil","2000-01-07 01:07:12.000",432,702.77,1897.89,27758.3,1
"uptake_soil","2000-01-07 01:07:13.000",433,703.479,1901.72,27644.7,1
"uptake_soil","2000-01-07 01:07:14.000",434,703.491,1899.65,27658,1
"uptake_soil","2000-01-07 01:07:15.000",435,704.509,1902.5,27817.7,1
"uptake_soil","2000-01-07 01:07:16.000",436,705.426,1901.77,27718.3,1
"uptake_soil","2000-01-07 01:07:17.000",437,705.755,1899.69,27898.9,1
"uptake_soil","2000-01-07 01:07:18.000",438,706.511,1899.45,27730,1
"uptake_soil","2000-01-07 01:07:19.000",439,706.707,1896.24,27763.2,1
"uptake_soil","2000-01-07 01:07:20.000",440,708.443,1899.05,27651.8,1
"uptake_soil","2000-01-07 01:07:21.000",441,708.554,1898.39,27581,1
"uptake_soil","2000-01-07 01:07:22.000",442,709.211,1895.05,27629,1
"uptake_soil","2000-01-07 01:07:23.000",443,708.712,1896.64,27572.1,1
"uptake_soil","2000-01-07 01:07:24.000",444,710.913,1892.48,27673.5,1
"uptake_soil","2000-01-07 01:07:25.000",445,709.585,1894.87,27578.8,1
"uptake_soil","2000-01-07 01:07:26.000",446,712.97,1895.09,27477.9,1
"uptake_soil","2000-01-07 01:07:27.000",447,711.604,1896.94,27435.9,1
"uptake_soil","2000-01-07 01:07:28.000",448,713.342,1895.14,27553.5,1
"uptake_soil","2000-01-07 01:07:29.000",449,713.123,1892.32,27587.5,1
"uptake_soil","2000-01-07 01:07:30.000",450,714.016,1892.34,27383.6,1
"uptake_soil","2000-01-07 01:07:31.000",451,713.985,1894,27503.3,1
"uptake_soil","2000-01-07 01:07:32.000",452,715.217,1894.8,27562.2,1
"uptake_soil","2000-01-07 01:07:33.000",453,716.342,1890.63,27475.6,1
"uptake_soil","2000-01-07 01:07:34.000",454,716.661,1891.95,27478.2,1
"uptake_soil","2000-01-07 01:07:35.000",455,717.409,1893.95,27626.2,1
"uptake_soil","2000-01-07 01:07:36.000",456,718.088,1891.59,27529.1,1
"uptake_soil","2000-01-07 01:07:37.000",457,717.123,1894.49,27458.2,1
"uptake_soil","2000-01-07 01:07:38.000",458,719.42,1891.67,27391.5,1
"uptake_soil","2000-01-07 01:07:39.000",459,719.808,1892.26,27538.7,1
"uptake_soil","2000-01-07 01:07:40.000",460,719.691,1889.29,27567.9,1
"uptake_soil","2000-01-07 01:07:41.000",461,720.741,1890.93,27608.2,1
"uptake_soil","2000-01-07 01:07:42.000",462,721.723,1889.24,27580.3,1
"uptake_soil","2000-01-07 01:07:43.000",463,723.165,1890.09,27526.1,1
"uptake_soil","2000-01-07 01:07:44.000",464,723.094,1890.76,27458.7,1
"uptake_soil","2000-01-07 01:07:45.000",465,722.892,1887.13,27657.7,1
"uptake_soil","2000-01-07 01:07:46.000",466,722.581,1888.04,27413.2,1
"uptake_soil","2000-01-07 01:07:47.000",467,723.794,1889.39,27391.5,1
"uptake_soil","2000-01-07 01:07:48.000",468,724.307,1889.74,27413.1,1
"uptake_soil","2000-01-07 01:07:49.000",469,725.238,1889.78,27541.7,1
"uptake_soil","2000-01-07 01:07:50.000",470,726.132,1888.76,27585,1
"uptake_soil","2000-01-07 01:07:51.000",471,725.467,1888.65,27644.4,1
"uptake_soil","2000-01-07 01:07:52.000",472,727.113,1888.16,27771.1,1
"uptake_soil","2000-01-07 01:07:53.000",473,726.618,1889.97,27591.7,1
"uptake_soil","2000-01-07 01:07:54.000",474,727.382,1887.25,27678.4,1
"uptake_soil","2000-01-07 01:07:55.000",475,728.158,1885.61,27500.5,1
"uptake_soil","2000-01-07 01:07:56.000",476,728.52,1886.74,27505.1,1
"uptake_soil","2000-01-07 01:07:57.000",477,728.779,1882.78,27827.6,1
"uptake_soil","2000-01-07 01:07:58.000",478,728.934,1883.19,27643,1
"uptake_soil","2000-01-07 01:07:59.000",479,729.418,1883.17,27610.9,1
"uptake_soil","2000-01-07 01:08:00.000",480,730.85,1882.86,27495.9,1
"uptake_soil","2000-01-07 01:08:01.000",481,731.527,1884.05,27579.4,1
"uptake_soil","2000-01-07 01:08:02.000",482,731.862,1883.65,27793.8,1
"uptake_soil","2000-01-07 01:08:03.000",483,731.212,1886.86,27619,1
"uptake_soil","2000-01-07 01:08:04.000",484,733.683,1879.7,27691.2,1
"uptake_soil","2000-01-07 01:08:05.000",485,732.458,1880.32,27441.8,1
"uptake_soil","2000-01-07 01:08:06.000",486,736.011,1883.71,27607.6,1
"uptake_soil","2000-01-07 01:08:07.000",487,734.934,1881.73,27558.6,1
"uptake_soil","2000-01-07 01:08:08.000",488,736.192,1884.62,27415.9,1
"uptake_soil","2000-01-07 01:08:09.000",489,734.788,1877.07,27575.5,1
"uptake_soil","2000-01-07 01:08:10.000",490,735.182,1881.05,27792.7,1
"uptake_soil","2000-01-07 01:08:11.000",491,736.104,1884.38,27835.1,1
"uptake_soil","2000-01-07 01:08:12.000",492,736.537,1880.35,27483.8,1
"uptake_soil","2000-01-07 01:08:13.000",493,737.436,1880.09,27554.6,1
"uptake_soil","2000-01-07 01:08:14.000",494,737.338,1877.31,27605.6,1
"uptake_soil","2000-01-07 01:08:15.000",495,738.026,1877.3,27496.7,1
"uptake_soil","2000-01-07 01:08:16.000",496,738.995,1879.03,27795.6,1
"uptake_soil","2000-01-07 01:08:17.000",497,740.48,1878.36,27521.9,1
"uptake_soil","2000-01-07 01:08:18.000",498,741.723,1875.4,27583.5,1
"uptake_soil","2000-01-07 01:08:19.000",499,741.089,1877.32,27801.3,1
"uptake_soil","2000-01-07 01:08:20.000",500,741.595,1875.69,27644.7,1
"uptake_soil","2000-01-07 01:08:21.000",501,744.544,1878.17,27840.3,1
"uptake_soil","2000-01-07 01:08:22.000",502,743.535,1876.99,27649.7,1
"uptake_soil","2000-01-07 01:08:23.000",503,744.174,1875.24,27449.2,1
"uptake_soil","2000-01-07 01:08:24.000",504,744.895,1874.04,27460.3,1
"uptake_soil","2000-01-07 01:08:25.000",505,746.267,1875.94,27625.8,1
"uptake_soil","2000-01-07 01:08:26.000",506,745.642,1875.83,27566.5,1
"uptake_soil","2000-01-07 01:08:27.000",507,746.412,1868.85,27541.5,1
"uptake_soil","2000-01-07 01:08:28.000",508,746.882,1872.07,27593.1,1
"uptake_soil","2000-01-07 01:08:29.000",509,750.066,1874.3,27626.5,1
"uptake_soil","2000-01-07 01:08:30.000",510,748.678,1874.16,27564.3,0
"uptake_soil","2000-01-07 01:08:31.000",511,748.964,1870.34,27708.6,0
"uptake_soil","2000-01-07 01:08:32.000",512,749.731,1869.74,27552.5,0
"uptake_soil","2000-01-07 01:08:33.000",513,749.686,1874.89,27624.3,0
"uptake_soil","2000-01-07 01:08:34.000",514,749.8,1869.91,27644.8,0
"uptake_soil","2000-01-07 01:08:35.000",515,752.412,1871.44,27464.1,0
"uptake_soil","2000-01-07 01:08:36.000",516,751.877,1873.03,27748.3,0
"uptake_soil","2000-01-07 01:08:37.000",517,751.597,1868.85,27800.4,0
"uptake_soil","2000-01-07 01:08:38.000",518,753.003,1867.58,27652,0
"uptake_soil","2000-01-07 01:08:39.000",519,753.287,1869.96,27732.6,0
"uptake_soil","2000-01-07 01:08:40.000",520,753.951,1864.34,27580.2,0
"uptake_soil","2000-01-07 01:08:41.000",521,753.95,1868.2,27545.2,0
"uptake_soil","2000-01-07 01:08:42.000",522,755.07,1868.19,27779.4,0
"uptake_soil","2000-01-07 01:08:43.000",523,757.162,1865.01,27775.4,0
"uptake_soil","2000-01-07 01:08:44.000",524,757.319,1869.24,27671,0
"uptake_soil","2000-01-07 01:08:45.000",525,758.079,1866.31,27603,0
"uptake_soil","2000-01-07 01:08:46.000",526,757.672,1869.68,27619.1,0
"uptake_soil","2000-01-07 01:08:47.000",527,759.744,1863.79,27418.2,0
"uptake_soil","2000-01-07 01:08:48.000",528,758.559,1866.06,27566.1,0
"uptake_soil","2000-01-07 01:08:49.000",529,759.707,1863.05,27579.7,0
"uptake_soil","2000-01-07 01:08:50.000",530,760.731,1864.56,27854.2,0
"uptake_soil","2000-01-07 01:08:51.000",531,761.161,1866.21,27551.6,0
"uptake_soil","2000-01-07 01:08:52.000",532,762.291,1866.41,27539.7,0
"uptake_soil","2000-01-07 01:08:53.000",533,762.419,1863.86,27643.2,0
"uptake_soil","2000-01-07 01:08:54.000",534,763.505,1861.72,27581,0
"uptake_soil","2000-01-07 01:08:55.000",535,763.433,1863.38,27515.5,0
"uptake_soil","2000-01-07 01:08:56.000",536,764.051,1862.72,27468.1,0
"uptake_soil","2000-01-07 01:08:57.000",537,765.074,1861.71,27472.9,0
"uptake_soil","2000-01-07 01:08:58.000",538,765.616,1861.27,27482.5,0
"uptake_soil","2000-01-07 01:08:59.000",539,766.826,1865.81,27531.3,0
"uptake_soil","2000-01-07 01:09:00.000",540,767.487,1861.79,27510.6,0
"uptake_soil","2000-01-07 01:09:01.000",541,767.647,1861.79,27423.3,0
"uptake_soil","2000-01-07 01:09:02.000",542,768.004,1862.47,27592.2,0
"uptake_soil","2000-01-07 01:09:03.000",543,769.024,1861.06,27458.8,0
"uptake_soil","2000-01-07 01:09:04.000",544,770.187,1857.96,27577.1,0
"uptake_soil","2000-01-07 01:09:05.000",545,770.82,1860.13,27739.6,0
"uptake_soil","2000-01-07 01:09:06.000",546,771.812,1860.25,27481.8,0
"uptake_soil","2000-01-07 01:09:07.000",547,770.696,1855.48,27479.7,0
"uptake_soil","2000-01-07 01:09:08.000",548,771.871,1853.38,27562.1,0
"uptake_soil","2000-01-07 01:09:09.000",549,772.48,1854.12,27548.9,0
"uptake_soil","2000-01-07 01:09:10.000",550,773.791,1857.03,27553.6,0
"uptake_soil","2000-01-07 01:09:11.000",551,774.302,1856.91,27372.5,0
"uptake_soil","2000-01-07 01:09:12.000",552,774.671,1858.91,27637.2,0
"uptake_soil","2000-01-07 01:09:13.000",553,774.277,1857.07,27503.1,0
"uptake_soil","2000-01-07 01:09:14.000",554,774.577,1859.67,27402.3,0
"uptake_soil","2000-01-07 01:09:15.000",555,774.982,1856.55,27577,0
"uptake_soil","2000-01-07 01:09:16.000",556,775.239,1853.97,27392.5,0
"uptake_soil","2000-01-07 01:09:17.000",557,776.967,1852.9,27375.6,0
"uptake_soil","2000-01-07 01:09:18.000",558,777.13,1854.1,27463.9,0
"uptake_soil","2000-01-07 01:09:19.000",559,778.487,1856.73,27467.5,0
"uptake_soil","2000-01-07 01:09:20.000",560,778.313,1854.02,27345.6,0
"uptake_soil","2000-01-07 01:09:21.000",561,778.521,1852.27,27410.1,0
"uptake_soil","2000-01-07 01:09:22.000",562,779.526,1853.61,27423.6,0
"uptake_soil","2000-01-07 01:09:23.000",563,780.99,1850.93,27595.8,0
"uptake_soil","2000-01-07 01:09:24.000",564,781.848,1851.42,27325.4,0
"uptake_soil","2000-01-07 01:09:25.000",565,782.223,1847.34,27262.9,0
"uptake_soil","2000-01-07 01:09:26.000",566,782.428,1851.23,27421.7,0
"uptake_soil","2000-01-07 01:09:27.000",567,782.208,1849.01,27647.2,0
"uptake_soil","2000-01-07 01:09:28.000",568,783.435,1847.81,27435.2,0
"uptake_soil","2000-01-07 01:09:29.000",569,784.586,1852.2,27385.6,0
"uptake_soil","2000-01-07 01:09:30.000",570,785.102,1851.12,27303.2,0
"uptake_soil","2000-01-07 01:09:30.000",570,786.45,1851.73,27376.7,0
"uptake_soil","2000-01-07 01:09:31.000",571,786.281,1850.5,27774.7,0
"uptake_soil","2000-01-07 01:09:32.000",572,786.199,1848.68,27257.9,0
"uptake_soil","2000-01-07 01:09:33.000",573,785.975,1847.91,27560.3,0
"uptake_soil","2000-01-07 01:09:34.000",574,783.07,1849.3,27506.9,0
"uptake_soil","2000-01-07 01:09:35.000",575,788.821,1848.61,27578.5,0
"uptake_soil","2000-01-07 01:09:36.000",576,787.944,1853.13,27424.6,0
"uptake_soil","2000-01-07 01:09:37.000",577,789.84,1844.05,27547,0
"uptake_soil","2000-01-07 01:09:38.000",578,790.611,1849.57,27267,0
"uptake_soil","2000-01-07 01:09:39.000",579,791.384,1847.28,27514.8,0
"uptake_soil","2000-01-07 01:09:40.000",580,783.658,1847.13,27406.9,0
"uptake_soil","2000-01-07 01:09:41.000",581,769.918,1857.55,27556.7,0
"uptake_soil","2000-01-07 01:09:42.000",582,734.172,1880.18,27701.5,0
"uptake_soil","2000-01-07 01:09:43.000",583,686.708,1904.92,27469.8,0
"uptake_soil","2000-01-07 01:09:44.000",584,626.781,1938.35,27801.9,0
"uptake_soil","2000-01-07 01:09:45.000",585,575.293,1969.83,27456.8,0
"uptake_soil","2000-01-07 01:09:46.000",586,537.288,1989.28,27429.5,0
"uptake_soil","2000-01-07 01:09:47.000",587,508.598,2008.54,27399.7,0
"uptake_soil","2000-01-07 01:09:48.000",588,487.811,2021.23,27308.3,0
"uptake_soil","2000-01-07 01:09:49.000",589,473.486,2031.95,27194.3,0
"uptake_soil","2000-01-07 01:09:50.000",590,461.627,2033.81,27265.2,0
"uptake_soil","2000-01-07 01:09:51.000",591,453.257,2042.54,27002.7,0
"uptake_soil","2000-01-07 01:09:52.000",592,448.885,2042.28,27102.1,0
"uptake_soil","2000-01-07 01:09:53.000",593,442.654,2044.19,27115.4,0
"uptake_soil","2000-01-07 01:09:55.000",595,441.463,2047.44,26874,0
"uptake_soil","2000-01-07 01:09:55.000",595,436.656,2047.39,27047.5,0
"uptake_soil","2000-01-07 01:09:56.000",596,431.255,2050.62,26949.5,0
"uptake_soil","2000-01-07 01:09:57.000",597,429.524,2046.85,26354.5,0
"uptake_soil","2000-01-07 01:09:58.000",598,428.058,2054.89,26754.9,0
"uptake_soil","2000-01-07 01:09:59.000",599,426.158,2052.5,26423.9,0
"uptake_soil","2000-01-07 01:10:00.000",600,427.373,2052.41,26452.4,0
"high_flux_wetland_stem","2000-01-08 00:55:00.000",-300,405.93,1971.79,30383,0
"high_flux_wetland_stem","2000-01-08 00:55:01.000",-299,405.588,1970.32,30421.8,0
"high_flux_wetland_stem","2000-01-08 00:55:02.000",-298,406.181,1957.42,30553,0
"high_flux_wetland_stem","2000-01-08 00:55:03.000",-297,405.767,1958.57,30565.8,0
"high_flux_wetland_stem","2000-01-08 00:55:04.000",-296,410.393,1966.32,30707.1,0
"high_flux_wetland_stem","2000-01-08 00:55:05.000",-295,410.301,1957.38,30011.3,0
"high_flux_wetland_stem","2000-01-08 00:55:06.000",-294,409.694,1953.24,30522.6,0
"high_flux_wetland_stem","2000-01-08 00:55:07.000",-293,408.163,1952.45,30146.6,0
"high_flux_wetland_stem","2000-01-08 00:55:08.000",-292,407.293,1954.43,29888.6,0
"high_flux_wetland_stem","2000-01-08 00:55:09.000",-291,406.516,1955.28,29740.7,0
"high_flux_wetland_stem","2000-01-08 00:55:10.000",-290,405.873,1950.73,29900.9,0
"high_flux_wetland_stem","2000-01-08 00:55:11.000",-289,406.063,1952.02,29878.2,0
"high_flux_wetland_stem","2000-01-08 00:55:12.000",-288,408.125,1967.95,30244.8,0
"high_flux_wetland_stem","2000-01-08 00:55:13.000",-287,406.296,1963.44,30081.5,0
"high_flux_wetland_stem","2000-01-08 00:55:14.000",-286,407.163,1953.82,30232,0
"high_flux_wetland_stem","2000-01-08 00:55:15.000",-285,406.481,1954.13,30074,0
"high_flux_wetland_stem","2000-01-08 00:55:16.000",-284,407.62,1952.94,30348,0
"high_flux_wetland_stem","2000-01-08 00:55:17.000",-283,405.516,1941.88,30368.9,0
"high_flux_wetland_stem","2000-01-08 00:55:18.000",-282,405.143,1940.21,30520.1,0
"high_flux_wetland_stem","2000-01-08 00:55:19.000",-281,406.316,1941.41,30868.5,0
"high_flux_wetland_stem","2000-01-08 00:55:20.000",-280,407.036,1945.84,30811.8,0
"high_flux_wetland_stem","2000-01-08 00:55:21.000",-279,406.622,1944.77,30966,0
"high_flux_wetland_stem","2000-01-08 00:55:22.000",-278,406.339,1945.3,30661.2,0
"high_flux_wetland_stem","2000-01-08 00:55:23.000",-277,406.296,1939.69,30772.8,0
"high_flux_wetland_stem","2000-01-08 00:55:24.000",-276,406.688,1942.07,30319.3,0
"high_flux_wetland_stem","2000-01-08 00:55:25.000",-275,406.176,1938.84,30567,0
"high_flux_wetland_stem","2000-01-08 00:55:26.000",-274,405.335,1941.81,30436.1,0
"high_flux_wetland_stem","2000-01-08 00:55:27.000",-273,405.269,1947.3,31006.6,0
"high_flux_wetland_stem","2000-01-08 00:55:28.000",-272,405.538,1943.64,30919.4,0
"high_flux_wetland_stem","2000-01-08 00:55:29.000",-271,406.275,1950.69,31512.5,0
"high_flux_wetland_stem","2000-01-08 00:55:30.000",-270,406.245,1949.03,31097.8,0
"high_flux_wetland_stem","2000-01-08 00:55:31.000",-269,406.299,1947.66,31357.5,0
"high_flux_wetland_stem","2000-01-08 00:55:32.000",-268,407.561,1947.56,30570.1,0
"high_flux_wetland_stem","2000-01-08 00:55:33.000",-267,406.677,1952.12,31001.8,0
"high_flux_wetland_stem","2000-01-08 00:55:34.000",-266,406.227,1945.69,30705.8,0
"high_flux_wetland_stem","2000-01-08 00:55:35.000",-265,406.624,1951.34,30910.7,0
"high_flux_wetland_stem","2000-01-08 00:55:36.000",-264,405.42,1952.9,30778.3,0
"high_flux_wetland_stem","2000-01-08 00:55:37.000",-263,406.762,1961.68,31318.2,0
"high_flux_wetland_stem","2000-01-08 00:55:38.000",-262,406.473,1951.09,30894.4,0
"high_flux_wetland_stem","2000-01-08 00:55:39.000",-261,405.481,1952.67,31097.5,0
"high_flux_wetland_stem","2000-01-08 00:55:40.000",-260,407.087,1949.9,30748.5,0
"high_flux_wetland_stem","2000-01-08 00:55:41.000",-259,405.908,1950.03,31013.7,0
"high_flux_wetland_stem","2000-01-08 00:55:42.000",-258,404.487,1951.57,30708.9,0
"high_flux_wetland_stem","2000-01-08 00:55:43.000",-257,404.982,1953.27,31251.9,0
"high_flux_wetland_stem","2000-01-08 00:55:44.000",-256,403.543,1943.07,30960.7,0
"high_flux_wetland_stem","2000-01-08 00:55:45.000",-255,405.769,1954.78,30907.5,0
"high_flux_wetland_stem","2000-01-08 00:55:46.000",-254,407.17,1956.27,30891.9,0
"high_flux_wetland_stem","2000-01-08 00:55:47.000",-253,407.811,1952.87,30678.3,0
"high_flux_wetland_stem","2000-01-08 00:55:48.000",-252,407.664,1966.58,30022.9,0
"high_flux_wetland_stem","2000-01-08 00:55:49.000",-251,412.625,2349.01,30111.9,0
"high_flux_wetland_stem","2000-01-08 00:55:50.000",-250,420.991,2450.58,30292.6,0
"high_flux_wetland_stem","2000-01-08 00:55:51.000",-249,423.234,2399.68,30026.9,0
"high_flux_wetland_stem","2000-01-08 00:55:52.000",-248,417.364,2379.76,30094.9,0
"high_flux_wetland_stem","2000-01-08 00:55:53.000",-247,413.078,2282.04,30055.8,0
"high_flux_wetland_stem","2000-01-08 00:55:54.000",-246,409.228,2154.86,30363.1,0
"high_flux_wetland_stem","2000-01-08 00:55:55.000",-245,406.974,2061.85,30312.9,0
"high_flux_wetland_stem","2000-01-08 00:55:56.000",-244,406.156,2009.38,30664.1,0
"high_flux_wetland_stem","2000-01-08 00:55:57.000",-243,405.858,2002.78,30372.8,0
"high_flux_wetland_stem","2000-01-08 00:55:58.000",-242,405.618,2004.38,30687.9,0
"high_flux_wetland_stem","2000-01-08 00:55:59.000",-241,406.221,1962.9,30470.9,0
"high_flux_wetland_stem","2000-01-08 00:56:00.000",-240,404.944,1959.98,30423.5,0
"high_flux_wetland_stem","2000-01-08 00:56:01.000",-239,405.178,1971.52,30559.5,0
"high_flux_wetland_stem","2000-01-08 00:56:02.000",-238,405.362,1956.37,30765.1,0
"high_flux_wetland_stem","2000-01-08 00:56:03.000",-237,405.132,1945.59,30127.6,0
"high_flux_wetland_stem","2000-01-08 00:56:04.000",-236,406.412,1948.81,30608,0
"high_flux_wetland_stem","2000-01-08 00:56:05.000",-235,405.64,1942.81,30352.4,0
"high_flux_wetland_stem","2000-01-08 00:56:06.000",-234,407.048,1950.4,30759.1,0
"high_flux_wetland_stem","2000-01-08 00:56:07.000",-233,405.211,1946.89,30894.3,0
"high_flux_wetland_stem","2000-01-08 00:56:08.000",-232,407.076,1950.03,30826.1,0
"high_flux_wetland_stem","2000-01-08 00:56:09.000",-231,404.494,1949.12,30730.7,0
"high_flux_wetland_stem","2000-01-08 00:56:10.000",-230,405.473,1955.45,30668.7,0
"high_flux_wetland_stem","2000-01-08 00:56:11.000",-229,404.84,1951.33,30748.9,0
"high_flux_wetland_stem","2000-01-08 00:56:12.000",-228,405.395,1951.77,30895.5,0
"high_flux_wetland_stem","2000-01-08 00:56:13.000",-227,404.016,1944.44,30978.8,0
"high_flux_wetland_stem","2000-01-08 00:56:14.000",-226,404.6,1943.8,31105.1,0
"high_flux_wetland_stem","2000-01-08 00:56:15.000",-225,404.779,1946.81,31024.1,0
"high_flux_wetland_stem","2000-01-08 00:56:16.000",-224,404.158,1946.22,30801.6,0
"high_flux_wetland_stem","2000-01-08 00:56:17.000",-223,405.313,1945.09,31005.4,0
"high_flux_wetland_stem","2000-01-08 00:56:18.000",-222,404.382,1939.4,30477.6,0
"high_flux_wetland_stem","2000-01-08 00:56:19.000",-221,405.229,1943.55,30983.2,0
"high_flux_wetland_stem","2000-01-08 00:56:20.000",-220,404.644,1941.07,30553.8,0
"high_flux_wetland_stem","2000-01-08 00:56:21.000",-219,404.461,1940.74,30944.2,0
"high_flux_wetland_stem","2000-01-08 00:56:22.000",-218,404.797,1937.78,30502.2,0
"high_flux_wetland_stem","2000-01-08 00:56:23.000",-217,404.269,1942.59,30951.6,0
"high_flux_wetland_stem","2000-01-08 00:56:24.000",-216,404.382,1936.73,30481.1,0
"high_flux_wetland_stem","2000-01-08 00:56:25.000",-215,406.287,1940.8,30586.1,0
"high_flux_wetland_stem","2000-01-08 00:56:26.000",-214,404.045,1938.39,30334.1,0
"high_flux_wetland_stem","2000-01-08 00:56:27.000",-213,406.341,1941.51,30495,0
"high_flux_wetland_stem","2000-01-08 00:56:28.000",-212,404.783,1936.15,30468.6,0
"high_flux_wetland_stem","2000-01-08 00:56:29.000",-211,406.083,1941.83,30732,0
"high_flux_wetland_stem","2000-01-08 00:56:30.000",-210,404.984,1935.51,30529.9,0
"high_flux_wetland_stem","2000-01-08 00:56:31.000",-209,405.631,1939.8,30326.3,0
"high_flux_wetland_stem","2000-01-08 00:56:32.000",-208,405.12,1943.29,30540.4,0
"high_flux_wetland_stem","2000-01-08 00:56:33.000",-207,405.52,1943.77,30386,0
"high_flux_wetland_stem","2000-01-08 00:56:34.000",-206,406.383,1945.34,31045.6,0
"high_flux_wetland_stem","2000-01-08 00:56:35.000",-205,406.179,1946.13,30575.1,0
"high_flux_wetland_stem","2000-01-08 00:56:36.000",-204,404.744,1946.17,31023.6,0
"high_flux_wetland_stem","2000-01-08 00:56:37.000",-203,405.909,1950.26,30579.4,0
"high_flux_wetland_stem","2000-01-08 00:56:38.000",-202,405.839,1947.17,30928.6,0
"high_flux_wetland_stem","2000-01-08 00:56:39.000",-201,404.031,1940.71,30701.8,0
"high_flux_wetland_stem","2000-01-08 00:56:40.000",-200,406.319,1943.25,30697.4,0
"high_flux_wetland_stem","2000-01-08 00:56:41.000",-199,404.021,1939.03,30637.7,0
"high_flux_wetland_stem","2000-01-08 00:56:42.000",-198,405.664,1944.2,31136.8,0
"high_flux_wetland_stem","2000-01-08 00:56:43.000",-197,406.465,1943.62,30589.1,0
"high_flux_wetland_stem","2000-01-08 00:56:44.000",-196,405.18,1945.52,30667.9,0
"high_flux_wetland_stem","2000-01-08 00:56:45.000",-195,405.013,1943.44,30424.3,0
"high_flux_wetland_stem","2000-01-08 00:56:46.000",-194,406.371,1944.6,30699.6,0
"high_flux_wetland_stem","2000-01-08 00:56:46.000",-194,404.451,1945.54,30548.3,0
"high_flux_wetland_stem","2000-01-08 00:56:47.000",-193,406.762,1947.72,30587.2,0
"high_flux_wetland_stem","2000-01-08 00:56:48.000",-192,405.429,1943.38,30748.1,0
"high_flux_wetland_stem","2000-01-08 00:56:49.000",-191,405.676,1951.15,30494.6,0
"high_flux_wetland_stem","2000-01-08 00:56:50.000",-190,407.658,1954.91,31080.1,0
"high_flux_wetland_stem","2000-01-08 00:56:51.000",-189,406.259,1948.17,30607.8,0
"high_flux_wetland_stem","2000-01-08 00:56:52.000",-188,406.646,1947.14,30819.7,0
"high_flux_wetland_stem","2000-01-08 00:56:53.000",-187,405.679,1946.3,30622.6,0
"high_flux_wetland_stem","2000-01-08 00:56:54.000",-186,405.744,1942.66,31029.7,0
"high_flux_wetland_stem","2000-01-08 00:56:55.000",-185,403.249,1939.99,30687.7,0
"high_flux_wetland_stem","2000-01-08 00:56:56.000",-184,405.621,1943.89,31230,0
"high_flux_wetland_stem","2000-01-08 00:56:57.000",-183,405.289,1943.72,31000.8,0
"high_flux_wetland_stem","2000-01-08 00:56:58.000",-182,405.658,1948.32,31077.9,0
"high_flux_wetland_stem","2000-01-08 00:56:59.000",-181,404.977,1947.28,31190.7,0
"high_flux_wetland_stem","2000-01-08 00:57:00.000",-180,405.882,1949.33,30955.3,0
"high_flux_wetland_stem","2000-01-08 00:57:01.000",-179,405.91,1948.27,31190.6,0
"high_flux_wetland_stem","2000-01-08 00:57:02.000",-178,405.889,1958.57,30980.5,0
"high_flux_wetland_stem","2000-01-08 00:57:03.000",-177,406.459,1956.54,31188.5,0
"high_flux_wetland_stem","2000-01-08 00:57:04.000",-176,405.891,1952.58,30651.9,0
"high_flux_wetland_stem","2000-01-08 00:57:05.000",-175,406.109,1948.03,30657.9,0
"high_flux_wetland_stem","2000-01-08 00:57:06.000",-174,405.86,1947.45,30675.5,0
"high_flux_wetland_stem","2000-01-08 00:57:07.000",-173,406.153,1947.83,30968.4,0
"high_flux_wetland_stem","2000-01-08 00:57:08.000",-172,406.165,1941.89,30491.1,0
"high_flux_wetland_stem","2000-01-08 00:57:09.000",-171,406.686,1939.11,30735.2,0
"high_flux_wetland_stem","2000-01-08 00:57:10.000",-170,404.626,1941.29,30458.2,0
"high_flux_wetland_stem","2000-01-08 00:57:11.000",-169,407.45,1945.81,30665.7,0
"high_flux_wetland_stem","2000-01-08 00:57:12.000",-168,405.032,1941.72,30149.4,0
"high_flux_wetland_stem","2000-01-08 00:57:13.000",-167,406.946,1942.3,30295.1,0
"high_flux_wetland_stem","2000-01-08 00:57:14.000",-166,405.215,1938.42,30487.7,0
"high_flux_wetland_stem","2000-01-08 00:57:15.000",-165,404.219,1940.58,30149,0
"high_flux_wetland_stem","2000-01-08 00:57:16.000",-164,403.801,1935.13,30350.8,0
"high_flux_wetland_stem","2000-01-08 00:57:17.000",-163,405.852,1939.26,30164.8,0
"high_flux_wetland_stem","2000-01-08 00:57:18.000",-162,405.718,1939.81,30466.8,0
"high_flux_wetland_stem","2000-01-08 00:57:19.000",-161,405.293,1942.13,30251.1,0
"high_flux_wetland_stem","2000-01-08 00:57:20.000",-160,405.226,1941.39,30595.2,0
"high_flux_wetland_stem","2000-01-08 00:57:21.000",-159,405.123,1938.35,29702.2,0
"high_flux_wetland_stem","2000-01-08 00:57:22.000",-158,404.615,1969.5,30025.7,0
"high_flux_wetland_stem","2000-01-08 00:57:23.000",-157,404.829,1945.41,30118,0
"high_flux_wetland_stem","2000-01-08 00:57:24.000",-156,406.017,1956.4,30270,0
"high_flux_wetland_stem","2000-01-08 00:57:25.000",-155,404.89,1981.27,30468.4,0
"high_flux_wetland_stem","2000-01-08 00:57:26.000",-154,406.132,2414.47,30441.8,0
"high_flux_wetland_stem","2000-01-08 00:57:27.000",-153,404.12,3417.45,30653.9,0
"high_flux_wetland_stem","2000-01-08 00:57:28.000",-152,405.695,3296.95,30506.9,0
"high_flux_wetland_stem","2000-01-08 00:57:29.000",-151,404.654,3100.62,30900.3,0
"high_flux_wetland_stem","2000-01-08 00:57:30.000",-150,405.511,2736,30383.3,0
"high_flux_wetland_stem","2000-01-08 00:57:31.000",-149,405.045,2397.52,30761.2,0
"high_flux_wetland_stem","2000-01-08 00:57:32.000",-148,403.734,2293.69,30395.7,0
"high_flux_wetland_stem","2000-01-08 00:57:33.000",-147,406.206,2190.48,31044.3,0
"high_flux_wetland_stem","2000-01-08 00:57:34.000",-146,403.826,2162.23,30880,0
"high_flux_wetland_stem","2000-01-08 00:57:35.000",-145,405.985,2091,30924.6,0
"high_flux_wetland_stem","2000-01-08 00:57:36.000",-144,404.467,1998.51,30611,0
"high_flux_wetland_stem","2000-01-08 00:57:37.000",-143,404.973,1981.93,30751.7,0
"high_flux_wetland_stem","2000-01-08 00:57:38.000",-142,403.573,1978.64,31051.2,0
"high_flux_wetland_stem","2000-01-08 00:57:39.000",-141,406.53,1974.64,30854.1,0
"high_flux_wetland_stem","2000-01-08 00:57:40.000",-140,404.921,1963.35,31202.5,0
"high_flux_wetland_stem","2000-01-08 00:57:41.000",-139,404.957,1960.19,30880.8,0
"high_flux_wetland_stem","2000-01-08 00:57:42.000",-138,405.152,1958.13,30842.8,0
"high_flux_wetland_stem","2000-01-08 00:57:43.000",-137,403.813,1968.14,30203.9,0
"high_flux_wetland_stem","2000-01-08 00:57:44.000",-136,404.59,1964.79,30508.1,0
"high_flux_wetland_stem","2000-01-08 00:57:45.000",-135,403.647,1954.2,29966.2,0
"high_flux_wetland_stem","2000-01-08 00:57:46.000",-134,405.375,1947.24,30314.6,0
"high_flux_wetland_stem","2000-01-08 00:57:47.000",-133,403.437,1942.07,29944.5,0
"high_flux_wetland_stem","2000-01-08 00:57:48.000",-132,405.481,1951.86,30242.9,0
"high_flux_wetland_stem","2000-01-08 00:57:49.000",-131,404.46,1951.25,30100.5,0
"high_flux_wetland_stem","2000-01-08 00:57:50.000",-130,404.154,1953.03,30245.1,0
"high_flux_wetland_stem","2000-01-08 00:57:51.000",-129,403.664,1948.03,30390.4,0
"high_flux_wetland_stem","2000-01-08 00:57:52.000",-128,405.822,1952.07,30329.1,0
"high_flux_wetland_stem","2000-01-08 00:57:53.000",-127,404.23,1952.47,30304.4,0
"high_flux_wetland_stem","2000-01-08 00:57:54.000",-126,404.159,1946.22,30114.7,0
"high_flux_wetland_stem","2000-01-08 00:57:55.000",-125,405.386,1948.37,30507.9,0
"high_flux_wetland_stem","2000-01-08 00:57:56.000",-124,402.878,1941.22,30318.9,0
"high_flux_wetland_stem","2000-01-08 00:57:57.000",-123,405.322,1942.84,30294.1,0
"high_flux_wetland_stem","2000-01-08 00:57:58.000",-122,403.262,1941.32,30018.6,0
"high_flux_wetland_stem","2000-01-08 00:57:59.000",-121,404.407,1939.2,29994.3,0
"high_flux_wetland_stem","2000-01-08 00:58:00.000",-120,404.887,1935.08,30101.8,0
"high_flux_wetland_stem","2000-01-08 00:58:01.000",-119,404.886,1942.85,29831.6,0
"high_flux_wetland_stem","2000-01-08 00:58:02.000",-118,404.31,1940.28,30227.9,0
"high_flux_wetland_stem","2000-01-08 00:58:03.000",-117,403.959,1937,29859.5,0
"high_flux_wetland_stem","2000-01-08 00:58:04.000",-116,404.02,1937.76,30228.3,0
"high_flux_wetland_stem","2000-01-08 00:58:05.000",-115,405.473,1932.76,29740.3,0
"high_flux_wetland_stem","2000-01-08 00:58:06.000",-114,403.379,1937.51,30305.3,0
"high_flux_wetland_stem","2000-01-08 00:58:07.000",-113,404.583,1934.52,29938.4,0
"high_flux_wetland_stem","2000-01-08 00:58:08.000",-112,404.983,1939.02,30115.7,0
"high_flux_wetland_stem","2000-01-08 00:58:09.000",-111,404.199,1936.48,30391.7,0
"high_flux_wetland_stem","2000-01-08 00:58:10.000",-110,407.993,1940.71,30579.1,0
"high_flux_wetland_stem","2000-01-08 00:58:11.000",-109,551.976,2071.9,21319.9,0
"high_flux_wetland_stem","2000-01-08 00:58:12.000",-108,658.167,2160.11,8902.4,0
"high_flux_wetland_stem","2000-01-08 00:58:13.000",-107,701.907,2179.99,2848.5,0
"high_flux_wetland_stem","2000-01-08 00:58:14.000",-106,705.546,2148.71,1624.6,0
"high_flux_wetland_stem","2000-01-08 00:58:15.000",-105,707.919,2119.64,1230.8,0
"high_flux_wetland_stem","2000-01-08 00:58:16.000",-104,709.627,2089.61,881.7,0
"high_flux_wetland_stem","2000-01-08 00:58:17.000",-103,709.031,2064.04,727,0
"high_flux_wetland_stem","2000-01-08 00:58:18.000",-102,707.283,2038.57,778.2,0
"high_flux_wetland_stem","2000-01-08 00:58:19.000",-101,705.702,2014.63,602.9,0
"high_flux_wetland_stem","2000-01-08 00:58:20.000",-100,704.212,1997.49,444.9,0
"high_flux_wetland_stem","2000-01-08 00:58:21.000",-99,703.773,1983.22,417.6,0
"high_flux_wetland_stem","2000-01-08 00:58:22.000",-98,704.427,1970.54,387.2,0
"high_flux_wetland_stem","2000-01-08 00:58:23.000",-97,702.753,1961.61,320.1,0
"high_flux_wetland_stem","2000-01-08 00:58:24.000",-96,702.331,1957.14,293.3,0
"high_flux_wetland_stem","2000-01-08 00:58:25.000",-95,703.567,1951.52,165.2,0
"high_flux_wetland_stem","2000-01-08 00:58:26.000",-94,703.108,1951.1,274.2,0
"high_flux_wetland_stem","2000-01-08 00:58:27.000",-93,703.921,1949.56,471.5,0
"high_flux_wetland_stem","2000-01-08 00:58:28.000",-92,706.043,1945.36,286,0
"high_flux_wetland_stem","2000-01-08 00:58:29.000",-91,704.612,1942.71,128.7,0
"high_flux_wetland_stem","2000-01-08 00:58:30.000",-90,705.725,1940.71,318,0
"high_flux_wetland_stem","2000-01-08 00:58:31.000",-89,705.752,1940.67,35.6,0
"high_flux_wetland_stem","2000-01-08 00:58:32.000",-88,704.421,1937.67,-37.4,0
"high_flux_wetland_stem","2000-01-08 00:58:33.000",-87,706.209,1947.46,68.6,0
"high_flux_wetland_stem","2000-01-08 00:58:34.000",-86,706.882,1961.77,120.2,0
"high_flux_wetland_stem","2000-01-08 00:58:35.000",-85,704.754,1991.99,184.5,0
"high_flux_wetland_stem","2000-01-08 00:58:36.000",-84,707.758,2036.8,10.7,0
"high_flux_wetland_stem","2000-01-08 00:58:37.000",-83,705.01,2082.51,-205.6,0
"high_flux_wetland_stem","2000-01-08 00:58:38.000",-82,703.845,2128.98,-93.3,0
"high_flux_wetland_stem","2000-01-08 00:58:39.000",-81,706.358,2172.46,-11.8,0
"high_flux_wetland_stem","2000-01-08 00:58:40.000",-80,705.405,2199.68,-125.2,0
"high_flux_wetland_stem","2000-01-08 00:58:41.000",-79,705.926,2215.19,-20.1,0
"high_flux_wetland_stem","2000-01-08 00:58:42.000",-78,705.707,2210.99,-184,0
"high_flux_wetland_stem","2000-01-08 00:58:43.000",-77,705.452,2195.22,-91,0
"high_flux_wetland_stem","2000-01-08 00:58:44.000",-76,706.075,2181.28,-84.5,0
"high_flux_wetland_stem","2000-01-08 00:58:45.000",-75,706.047,2170.67,-149.5,0
"high_flux_wetland_stem","2000-01-08 00:58:46.000",-74,706.245,2153.19,28.2,0
"high_flux_wetland_stem","2000-01-08 00:58:47.000",-73,703.418,2159.1,-155.5,0
"high_flux_wetland_stem","2000-01-08 00:58:48.000",-72,704.578,2175.91,-274.2,0
"high_flux_wetland_stem","2000-01-08 00:58:49.000",-71,702.856,2209.03,-347,0
"high_flux_wetland_stem","2000-01-08 00:58:50.000",-70,703.505,2245.14,-247,0
"high_flux_wetland_stem","2000-01-08 00:58:51.000",-69,702.495,2274.04,-137.1,0
"high_flux_wetland_stem","2000-01-08 00:58:52.000",-68,700.972,2276.24,-320,0
"high_flux_wetland_stem","2000-01-08 00:58:53.000",-67,701.96,2288.92,-296.5,0
"high_flux_wetland_stem","2000-01-08 00:58:54.000",-66,701.474,2290.59,-194.6,0
"high_flux_wetland_stem","2000-01-08 00:58:55.000",-65,701.043,2293.15,-161.7,0
"high_flux_wetland_stem","2000-01-08 00:58:56.000",-64,699.706,2288.63,-277.8,0
"high_flux_wetland_stem","2000-01-08 00:58:57.000",-63,697.61,2285.71,-427.1,0
"high_flux_wetland_stem","2000-01-08 00:58:58.000",-62,697.331,2280.86,-208.8,0
"high_flux_wetland_stem","2000-01-08 00:58:59.000",-61,697.481,2276.62,-125.8,0
"high_flux_wetland_stem","2000-01-08 00:59:00.000",-60,697.24,2281.58,-201,0
"high_flux_wetland_stem","2000-01-08 00:59:01.000",-59,696.153,2279.34,-304.8,0
"high_flux_wetland_stem","2000-01-08 00:59:02.000",-58,694.634,2295.25,-225.6,0
"high_flux_wetland_stem","2000-01-08 00:59:03.000",-57,694.836,2299.84,-314.5,0
"high_flux_wetland_stem","2000-01-08 00:59:04.000",-56,692.648,2305.17,-440.5,0
"high_flux_wetland_stem","2000-01-08 00:59:05.000",-55,693.827,2318.56,-202.8,0
"high_flux_wetland_stem","2000-01-08 00:59:06.000",-54,692.033,2320.61,-320.5,0
"high_flux_wetland_stem","2000-01-08 00:59:07.000",-53,690.303,2325.56,-323.1,0
"high_flux_wetland_stem","2000-01-08 00:59:08.000",-52,690.785,2331.4,-250.7,0
"high_flux_wetland_stem","2000-01-08 00:59:09.000",-51,689.268,2335.06,4.2,0
"high_flux_wetland_stem","2000-01-08 00:59:10.000",-50,687.766,2337.99,-235.3,0
"high_flux_wetland_stem","2000-01-08 00:59:11.000",-49,687.413,2346.52,-284,0
"high_flux_wetland_stem","2000-01-08 00:59:12.000",-48,686.054,2350.96,-418.4,0
"high_flux_wetland_stem","2000-01-08 00:59:13.000",-47,685.609,2355.55,-204.3,0
"high_flux_wetland_stem","2000-01-08 00:59:14.000",-46,683.478,2361.47,-417.5,0
"high_flux_wetland_stem","2000-01-08 00:59:15.000",-45,683.329,2365.48,-193.8,0
"high_flux_wetland_stem","2000-01-08 00:59:16.000",-44,681.918,2364.79,-466.8,0
"high_flux_wetland_stem","2000-01-08 00:59:17.000",-43,681.859,2369.71,-396.5,0
"high_flux_wetland_stem","2000-01-08 00:59:18.000",-42,680.714,2373,-263.1,0
"high_flux_wetland_stem","2000-01-08 00:59:19.000",-41,679.52,2383.28,-284.1,0
"high_flux_wetland_stem","2000-01-08 00:59:20.000",-40,678.246,2384.91,-394.3,0
"high_flux_wetland_stem","2000-01-08 00:59:21.000",-39,678.393,2386.86,-311.6,0
"high_flux_wetland_stem","2000-01-08 00:59:22.000",-38,676.533,2396.32,-367.3,0
"high_flux_wetland_stem","2000-01-08 00:59:23.000",-37,676.379,2399.5,-342.1,0
"high_flux_wetland_stem","2000-01-08 00:59:24.000",-36,674.617,2406.15,-396.2,0
"high_flux_wetland_stem","2000-01-08 00:59:25.000",-35,674.137,2415.74,-521.7,0
"high_flux_wetland_stem","2000-01-08 00:59:26.000",-34,672.315,2419.6,-382.6,0
"high_flux_wetland_stem","2000-01-08 00:59:27.000",-33,672.223,2421.63,-408,0
"high_flux_wetland_stem","2000-01-08 00:59:28.000",-32,670.327,2425.91,-271.9,0
"high_flux_wetland_stem","2000-01-08 00:59:29.000",-31,671.207,2427.77,-305.8,0
"high_flux_wetland_stem","2000-01-08 00:59:30.000",-30,670.033,2432.72,-413.1,0
"high_flux_wetland_stem","2000-01-08 00:59:31.000",-29,669.47,2439.09,-335.6,0
"high_flux_wetland_stem","2000-01-08 00:59:32.000",-28,670.309,2449.78,-456.3,0
"high_flux_wetland_stem","2000-01-08 00:59:33.000",-27,668.531,2449.79,-116.8,0
"high_flux_wetland_stem","2000-01-08 00:59:34.000",-26,667.693,2455.76,-427.5,0
"high_flux_wetland_stem","2000-01-08 00:59:35.000",-25,668.09,2462.88,-346.7,0
"high_flux_wetland_stem","2000-01-08 00:59:36.000",-24,665.925,2469.69,-85.3,0
"high_flux_wetland_stem","2000-01-08 00:59:37.000",-23,665.86,2471.32,-553.1,0
"high_flux_wetland_stem","2000-01-08 00:59:38.000",-22,665.534,2476.6,-227.5,0
"high_flux_wetland_stem","2000-01-08 00:59:39.000",-21,664.027,2474.16,-403,0
"high_flux_wetland_stem","2000-01-08 00:59:40.000",-20,664.931,2472,-375.9,0
"high_flux_wetland_stem","2000-01-08 00:59:41.000",-19,663.391,2451.96,-524.4,0
"high_flux_wetland_stem","2000-01-08 00:59:42.000",-18,662.872,2412.7,-328.4,0
"high_flux_wetland_stem","2000-01-08 00:59:43.000",-17,662.289,2375.47,-256.6,0
"high_flux_wetland_stem","2000-01-08 00:59:44.000",-16,662.775,2383.96,-364.5,0
"high_flux_wetland_stem","2000-01-08 00:59:45.000",-15,661.515,2424.68,-477.2,0
"high_flux_wetland_stem","2000-01-08 00:59:46.000",-14,661.621,2462.53,-514.4,0
"high_flux_wetland_stem","2000-01-08 00:59:47.000",-13,661.551,2483.94,-503.4,0
"high_flux_wetland_stem","2000-01-08 00:59:48.000",-12,661.001,2487.67,-430.9,0
"high_flux_wetland_stem","2000-01-08 00:59:49.000",-11,662.341,2503.94,-441.9,0
"high_flux_wetland_stem","2000-01-08 00:59:50.000",-10,662.314,2516.4,-556.2,0
"high_flux_wetland_stem","2000-01-08 00:59:51.000",-9,660.901,2523.87,-518.6,0
"high_flux_wetland_stem","2000-01-08 00:59:52.000",-8,661.449,2533.93,-632.5,0
"high_flux_wetland_stem","2000-01-08 00:59:53.000",-7,660.739,2536.7,-598.7,0
"high_flux_wetland_stem","2000-01-08 00:59:53.000",-7,659.894,2542.55,-300.2,0
"high_flux_wetland_stem","2000-01-08 00:59:54.000",-6,660.229,2544.73,-427.6,0
"high_flux_wetland_stem","2000-01-08 00:59:55.000",-5,660.61,2543.99,-433.1,0
"high_flux_wetland_stem","2000-01-08 00:59:56.000",-4,659.765,2546.02,-494.4,0
"high_flux_wetland_stem","2000-01-08 00:59:57.000",-3,661.411,2555.14,-434,0
"high_flux_wetland_stem","2000-01-08 00:59:58.000",-2,660.572,2554.68,-503.4,0
"high_flux_wetland_stem","2000-01-08 00:59:59.000",-1,660.96,2560.48,-395,0
"high_flux_wetland_stem","2000-01-08 01:00:00.000",0,661.585,2568.35,-423.1,0
"high_flux_wetland_stem","2000-01-08 01:00:01.000",1,660.905,2570.75,-547,0
"high_flux_wetland_stem","2000-01-08 01:00:02.000",2,660.513,2575.31,-328.5,0
"high_flux_wetland_stem","2000-01-08 01:00:03.000",3,661.129,2585.96,-489.6,0
"high_flux_wetland_stem","2000-01-08 01:00:04.000",4,659.94,2594.12,-522.4,0
"high_flux_wetland_stem","2000-01-08 01:00:05.000",5,660.727,2600.42,-425.6,0
"high_flux_wetland_stem","2000-01-08 01:00:06.000",6,660.303,2605.52,-391.4,0
"high_flux_wetland_stem","2000-01-08 01:00:07.000",7,660.734,2615.48,-409,0
"high_flux_wetland_stem","2000-01-08 01:00:08.000",8,661.14,2620.25,-547.2,0
"high_flux_wetland_stem","2000-01-08 01:00:09.000",9,661.298,2626.01,-481.6,0
"high_flux_wetland_stem","2000-01-08 01:00:10.000",10,660.543,2630,-416.1,0
"high_flux_wetland_stem","2000-01-08 01:00:11.000",11,660.95,2637.78,-509.1,0
"high_flux_wetland_stem","2000-01-08 01:00:12.000",12,661.499,2641.69,-521.6,0
"high_flux_wetland_stem","2000-01-08 01:00:13.000",13,662.686,2644.97,-333.6,0
"high_flux_wetland_stem","2000-01-08 01:00:14.000",14,661.432,2653.44,-360,0
"high_flux_wetland_stem","2000-01-08 01:00:15.000",15,661.128,2662.1,-297.3,0
"high_flux_wetland_stem","2000-01-08 01:00:16.000",16,662.254,2665.19,-266.1,0
"high_flux_wetland_stem","2000-01-08 01:00:17.000",17,661.063,2668.27,-496.2,0
"high_flux_wetland_stem","2000-01-08 01:00:18.000",18,662.279,2675.8,-356.2,0
"high_flux_wetland_stem","2000-01-08 01:00:19.000",19,662.843,2682.48,-451.5,0
"high_flux_wetland_stem","2000-01-08 01:00:20.000",20,661.759,2684.72,-409.8,1
"high_flux_wetland_stem","2000-01-08 01:00:21.000",21,662.08,2693.7,-537.8,1
"high_flux_wetland_stem","2000-01-08 01:00:22.000",22,660.756,2698.56,-355.8,1
"high_flux_wetland_stem","2000-01-08 01:00:23.000",23,660.702,2697.73,-338.3,1
"high_flux_wetland_stem","2000-01-08 01:00:24.000",24,662.307,2709.22,-275.1,1
"high_flux_wetland_stem","2000-01-08 01:00:25.000",25,663.547,2715.6,600.5,1
"high_flux_wetland_stem","2000-01-08 01:00:26.000",26,661.994,2716.59,-266,1
"high_flux_wetland_stem","2000-01-08 01:00:27.000",27,662.487,2724.3,-385.3,1
"high_flux_wetland_stem","2000-01-08 01:00:28.000",28,662.336,2734.05,-359.2,1
"high_flux_wetland_stem","2000-01-08 01:00:29.000",29,662.378,2735.81,-436,1
"high_flux_wetland_stem","2000-01-08 01:00:30.000",30,661.528,2740.34,-316.1,1
"high_flux_wetland_stem","2000-01-08 01:00:31.000",31,662.841,2752.33,-365.2,1
"high_flux_wetland_stem","2000-01-08 01:00:32.000",32,660.874,2753.08,-371.5,1
"high_flux_wetland_stem","2000-01-08 01:00:33.000",33,662.676,2759.37,-327.4,1
"high_flux_wetland_stem","2000-01-08 01:00:34.000",34,662.583,2766.93,-303.4,1
"high_flux_wetland_stem","2000-01-08 01:00:35.000",35,663.143,2774.64,-336.4,1
"high_flux_wetland_stem","2000-01-08 01:00:36.000",36,662.408,2780.95,-172.4,1
"high_flux_wetland_stem","2000-01-08 01:00:37.000",37,663.645,2784.94,-246,1
"high_flux_wetland_stem","2000-01-08 01:00:38.000",38,662.168,2789.01,-343.6,1
"high_flux_wetland_stem","2000-01-08 01:00:39.000",39,663.218,2791.61,-265.6,1
"high_flux_wetland_stem","2000-01-08 01:00:40.000",40,663.215,2806.18,-246.9,1
"high_flux_wetland_stem","2000-01-08 01:00:41.000",41,662.876,2806.18,-240,1
"high_flux_wetland_stem","2000-01-08 01:00:42.000",42,663.24,2810,-339.4,1
"high_flux_wetland_stem","2000-01-08 01:00:43.000",43,663.763,2819.71,-207.3,1
"high_flux_wetland_stem","2000-01-08 01:00:44.000",44,663.144,2820.78,-245.2,1
"high_flux_wetland_stem","2000-01-08 01:00:45.000",45,663.491,2823.12,-199.7,1
"high_flux_wetland_stem","2000-01-08 01:00:46.000",46,663.099,2831.8,-250.7,1
"high_flux_wetland_stem","2000-01-08 01:00:47.000",47,663.967,2841.31,-251.8,1
"high_flux_wetland_stem","2000-01-08 01:00:48.000",48,661.688,2844.57,-294.1,1
"high_flux_wetland_stem","2000-01-08 01:00:49.000",49,663.577,2854.09,-203.8,1
"high_flux_wetland_stem","2000-01-08 01:00:50.000",50,662.453,2853.77,-202.1,1
"high_flux_wetland_stem","2000-01-08 01:00:51.000",51,663.272,2857.92,-308.8,1
"high_flux_wetland_stem","2000-01-08 01:00:52.000",52,663.038,2868.33,-221.8,1
"high_flux_wetland_stem","2000-01-08 01:00:53.000",53,663.938,2877.18,-127.1,1
"high_flux_wetland_stem","2000-01-08 01:00:54.000",54,663.639,2882.8,-250.7,1
"high_flux_wetland_stem","2000-01-08 01:00:55.000",55,664.331,2893.1,-287.3,1
"high_flux_wetland_stem","2000-01-08 01:00:56.000",56,663.527,2893.44,-137.6,1
"high_flux_wetland_stem","2000-01-08 01:00:57.000",57,662.932,2894.43,-232.9,1
"high_flux_wetland_stem","2000-01-08 01:00:58.000",58,664.61,2905.85,-156.1,1
"high_flux_wetland_stem","2000-01-08 01:00:59.000",59,663.787,2908.87,-189.6,1
"high_flux_wetland_stem","2000-01-08 01:01:00.000",60,663.852,2913.48,-58.1,1
"high_flux_wetland_stem","2000-01-08 01:01:01.000",61,664.877,2918.23,-143.1,1
"high_flux_wetland_stem","2000-01-08 01:01:02.000",62,664.251,2927.08,-211.4,1
"high_flux_wetland_stem","2000-01-08 01:01:03.000",63,662.71,2925.65,-339.3,1
"high_flux_wetland_stem","2000-01-08 01:01:04.000",64,665.422,2934.71,-237.6,1
"high_flux_wetland_stem","2000-01-08 01:01:05.000",65,665.187,2944.8,-66.4,1
"high_flux_wetland_stem","2000-01-08 01:01:06.000",66,665.494,2948.23,-244.8,1
"high_flux_wetland_stem","2000-01-08 01:01:07.000",67,664.814,2957.71,-17.3,1
"high_flux_wetland_stem","2000-01-08 01:01:08.000",68,665.407,2962.39,-232.8,1
"high_flux_wetland_stem","2000-01-08 01:01:09.000",69,664.323,2964.51,-149.6,1
"high_flux_wetland_stem","2000-01-08 01:01:10.000",70,664.22,2971.14,-264.7,1
"high_flux_wetland_stem","2000-01-08 01:01:11.000",71,665.47,2978.21,-33,1
"high_flux_wetland_stem","2000-01-08 01:01:12.000",72,664.396,2979.56,-289.2,1
"high_flux_wetland_stem","2000-01-08 01:01:13.000",73,665.318,2989.21,-71.2,1
"high_flux_wetland_stem","2000-01-08 01:01:14.000",74,666.639,2993.44,-296.9,1
"high_flux_wetland_stem","2000-01-08 01:01:15.000",75,665.153,2999.21,-73.3,1
"high_flux_wetland_stem","2000-01-08 01:01:16.000",76,666.167,3001.26,-125.8,1
"high_flux_wetland_stem","2000-01-08 01:01:17.000",77,666.789,3008.21,-97.5,1
"high_flux_wetland_stem","2000-01-08 01:01:18.000",78,666.329,3011.57,-85.2,1
"high_flux_wetland_stem","2000-01-08 01:01:19.000",79,666.783,3019.08,-97.9,1
"high_flux_wetland_stem","2000-01-08 01:01:20.000",80,666.613,3028.99,-205.8,1
"high_flux_wetland_stem","2000-01-08 01:01:21.000",81,667.716,3027.34,-43.3,1
"high_flux_wetland_stem","2000-01-08 01:01:22.000",82,666.769,3029.8,-185.7,1
"high_flux_wetland_stem","2000-01-08 01:01:23.000",83,668.476,3041.69,-107.3,1
"high_flux_wetland_stem","2000-01-08 01:01:24.000",84,667.18,3047.15,-249.9,1
"high_flux_wetland_stem","2000-01-08 01:01:25.000",85,667.357,3051.52,-84.9,1
"high_flux_wetland_stem","2000-01-08 01:01:26.000",86,669.06,3059.51,-65.7,1
"high_flux_wetland_stem","2000-01-08 01:01:27.000",87,667.184,3059.37,-160,1
"high_flux_wetland_stem","2000-01-08 01:01:28.000",88,668.898,3071.83,25.5,1
"high_flux_wetland_stem","2000-01-08 01:01:29.000",89,669.561,3075.79,-264.6,1
"high_flux_wetland_stem","2000-01-08 01:01:30.000",90,668.97,3079.31,-186,1
"high_flux_wetland_stem","2000-01-08 01:01:31.000",91,668.481,3083.07,-378.2,1
"high_flux_wetland_stem","2000-01-08 01:01:32.000",92,669.247,3092.71,-138.5,1
"high_flux_wetland_stem","2000-01-08 01:01:33.000",93,669.683,3099.29,-90.8,1
"high_flux_wetland_stem","2000-01-08 01:01:34.000",94,668.791,3104.87,-218.7,1
"high_flux_wetland_stem","2000-01-08 01:01:35.000",95,670.231,3107.23,-54,1
"high_flux_wetland_stem","2000-01-08 01:01:36.000",96,670.523,3113.49,-213.8,1
"high_flux_wetland_stem","2000-01-08 01:01:37.000",97,669.694,3119.01,-213.6,1
"high_flux_wetland_stem","2000-01-08 01:01:38.000",98,670.018,3121.63,-110.4,1
"high_flux_wetland_stem","2000-01-08 01:01:39.000",99,670.568,3133.03,-186.2,1
"high_flux_wetland_stem","2000-01-08 01:01:40.000",100,672.443,3136.9,-216.9,1
"high_flux_wetland_stem","2000-01-08 01:01:41.000",101,672.351,3142.37,-221.3,1
"high_flux_wetland_stem","2000-01-08 01:01:42.000",102,671.484,3151.79,-147.6,1
"high_flux_wetland_stem","2000-01-08 01:01:43.000",103,670.571,3154.97,-215.5,1
"high_flux_wetland_stem","2000-01-08 01:01:44.000",104,671.588,3161.61,-175.3,1
"high_flux_wetland_stem","2000-01-08 01:01:45.000",105,672.522,3167.78,-94.1,1
"high_flux_wetland_stem","2000-01-08 01:01:46.000",106,672.892,3169.28,-275.6,1
"high_flux_wetland_stem","2000-01-08 01:01:47.000",107,672.104,3177.66,-277.8,1
"high_flux_wetland_stem","2000-01-08 01:01:48.000",108,672.345,3184.65,43.9,1
"high_flux_wetland_stem","2000-01-08 01:01:49.000",109,673.434,3187.75,-197.2,1
"high_flux_wetland_stem","2000-01-08 01:01:50.000",110,673.448,3189.66,-207.8,1
"high_flux_wetland_stem","2000-01-08 01:01:51.000",111,674.701,3202.95,-271.1,1
"high_flux_wetland_stem","2000-01-08 01:01:52.000",112,674.603,3208.07,-117.1,1
"high_flux_wetland_stem","2000-01-08 01:01:53.000",113,673.215,3206.57,-214.8,1
"high_flux_wetland_stem","2000-01-08 01:01:54.000",114,674.461,3215.09,-120.6,1
"high_flux_wetland_stem","2000-01-08 01:01:55.000",115,674.203,3222.88,-209.5,1
"high_flux_wetland_stem","2000-01-08 01:01:56.000",116,674.4,3224.79,-16.1,1
"high_flux_wetland_stem","2000-01-08 01:01:57.000",117,674.497,3229.22,-113.7,1
"high_flux_wetland_stem","2000-01-08 01:01:58.000",118,675.626,3237.3,-234.6,1
"high_flux_wetland_stem","2000-01-08 01:01:59.000",119,674.875,3237.09,-221,1
"high_flux_wetland_stem","2000-01-08 01:02:00.000",120,675.632,3244.28,-84.9,1
"high_flux_wetland_stem","2000-01-08 01:02:01.000",121,674.306,3254.05,-87,1
"high_flux_wetland_stem","2000-01-08 01:02:02.000",122,676.572,3254.03,-1.4,1
"high_flux_wetland_stem","2000-01-08 01:02:03.000",123,677.549,3263.1,-166.7,1
"high_flux_wetland_stem","2000-01-08 01:02:04.000",124,675.476,3274.09,-185.8,1
"high_flux_wetland_stem","2000-01-08 01:02:05.000",125,675.446,3278.25,-96.7,1
"high_flux_wetland_stem","2000-01-08 01:02:06.000",126,675.457,3281.93,-173.3,1
"high_flux_wetland_stem","2000-01-08 01:02:07.000",127,677.727,3289.13,-157.9,1
"high_flux_wetland_stem","2000-01-08 01:02:08.000",128,676.326,3287.85,-146.4,1
"high_flux_wetland_stem","2000-01-08 01:02:09.000",129,677.407,3294.09,-211.5,1
"high_flux_wetland_stem","2000-01-08 01:02:10.000",130,677.548,3304.43,-389.4,1
"high_flux_wetland_stem","2000-01-08 01:02:11.000",131,678.154,3308.5,-232.6,1
"high_flux_wetland_stem","2000-01-08 01:02:12.000",132,679.084,3308.93,-82.5,1
"high_flux_wetland_stem","2000-01-08 01:02:13.000",133,678.701,3318.9,-308.2,1
"high_flux_wetland_stem","2000-01-08 01:02:14.000",134,679.882,3317.95,-442.8,1
"high_flux_wetland_stem","2000-01-08 01:02:15.000",135,678.42,3325.76,-164,1
"high_flux_wetland_stem","2000-01-08 01:02:16.000",136,679.119,3338.78,-270.5,1
"high_flux_wetland_stem","2000-01-08 01:02:17.000",137,679.686,3346.34,-150.7,1
"high_flux_wetland_stem","2000-01-08 01:02:18.000",138,678.133,3345.76,-251.2,1
"high_flux_wetland_stem","2000-01-08 01:02:19.000",139,680.166,3356.54,-199.4,1
"high_flux_wetland_stem","2000-01-08 01:02:20.000",140,680.1,3360.05,-448,1
"high_flux_wetland_stem","2000-01-08 01:02:21.000",141,679.327,3364.95,-169.3,1
"high_flux_wetland_stem","2000-01-08 01:02:22.000",142,681.396,3375.42,-211.7,1
"high_flux_wetland_stem","2000-01-08 01:02:23.000",143,680.717,3377.31,-477.4,1
"high_flux_wetland_stem","2000-01-08 01:02:24.000",144,680.458,3379.8,-573.1,1
"high_flux_wetland_stem","2000-01-08 01:02:25.000",145,680.269,3385.13,-343.5,1
"high_flux_wetland_stem","2000-01-08 01:02:26.000",146,680.469,3393.8,-260.7,1
"high_flux_wetland_stem","2000-01-08 01:02:27.000",147,681.281,3390.02,-100.8,1
"high_flux_wetland_stem","2000-01-08 01:02:28.000",148,681.229,3399.69,-243.4,1
"high_flux_wetland_stem","2000-01-08 01:02:29.000",149,682.517,3408.5,-264.1,1
"high_flux_wetland_stem","2000-01-08 01:02:30.000",150,680.582,3413.63,-438.7,1
"high_flux_wetland_stem","2000-01-08 01:02:31.000",151,680.643,3414.05,-251.4,1
"high_flux_wetland_stem","2000-01-08 01:02:32.000",152,680.919,3425.12,-356.4,1
"high_flux_wetland_stem","2000-01-08 01:02:33.000",153,683.248,3430.2,-363.9,1
"high_flux_wetland_stem","2000-01-08 01:02:34.000",154,682.41,3438.36,-364.1,1
"high_flux_wetland_stem","2000-01-08 01:02:35.000",155,682.542,3437.85,-506.9,1
"high_flux_wetland_stem","2000-01-08 01:02:36.000",156,684.28,3449.59,-283.5,1
"high_flux_wetland_stem","2000-01-08 01:02:37.000",157,681.939,3449.37,-705.3,1
"high_flux_wetland_stem","2000-01-08 01:02:38.000",158,682.504,3453.72,-586.4,1
"high_flux_wetland_stem","2000-01-08 01:02:39.000",159,683.968,3464.65,-402.5,1
"high_flux_wetland_stem","2000-01-08 01:02:40.000",160,683.703,3465.7,-320.8,1
"high_flux_wetland_stem","2000-01-08 01:02:41.000",161,683.038,3470.74,-524.3,1
"high_flux_wetland_stem","2000-01-08 01:02:42.000",162,685.989,3480.5,-427.1,1
"high_flux_wetland_stem","2000-01-08 01:02:43.000",163,685.533,3487.13,-529.2,1
"high_flux_wetland_stem","2000-01-08 01:02:44.000",164,684.836,3490.62,-530.6,1
"high_flux_wetland_stem","2000-01-08 01:02:45.000",165,683.945,3498.14,-391,1
"high_flux_wetland_stem","2000-01-08 01:02:46.000",166,685.189,3504.53,-689.2,1
"high_flux_wetland_stem","2000-01-08 01:02:47.000",167,685.371,3507.24,-349.3,1
"high_flux_wetland_stem","2000-01-08 01:02:48.000",168,685.933,3515.1,-561.9,1
"high_flux_wetland_stem","2000-01-08 01:02:49.000",169,686.396,3516.83,-585,1
"high_flux_wetland_stem","2000-01-08 01:02:50.000",170,686.069,3519.2,-585.5,1
"high_flux_wetland_stem","2000-01-08 01:02:51.000",171,686.401,3533.56,-554.4,1
"high_flux_wetland_stem","2000-01-08 01:02:52.000",172,686.532,3534.02,-664.2,1
"high_flux_wetland_stem","2000-01-08 01:02:53.000",173,685.855,3540.35,-502.5,1
"high_flux_wetland_stem","2000-01-08 01:02:54.000",174,686.365,3544.95,-643.7,1
"high_flux_wetland_stem","2000-01-08 01:02:55.000",175,686.825,3553.82,-546.6,1
"high_flux_wetland_stem","2000-01-08 01:02:56.000",176,686.519,3551.9,-574.3,1
"high_flux_wetland_stem","2000-01-08 01:02:57.000",177,686.428,3561.37,-486.8,1
"high_flux_wetland_stem","2000-01-08 01:02:58.000",178,688.293,3568.5,-674,1
"high_flux_wetland_stem","2000-01-08 01:02:59.000",179,686.297,3570.22,-669.5,1
"high_flux_wetland_stem","2000-01-08 01:03:00.000",180,685.985,3574.02,-639.3,1
"high_flux_wetland_stem","2000-01-08 01:03:01.000",181,688.196,3580.75,-687.7,1
"high_flux_wetland_stem","2000-01-08 01:03:02.000",182,686.084,3590.63,-656.4,1
"high_flux_wetland_stem","2000-01-08 01:03:03.000",183,687.455,3591.33,-637,1
"high_flux_wetland_stem","2000-01-08 01:03:03.000",183,688.083,3597.62,-494.8,1
"high_flux_wetland_stem","2000-01-08 01:03:04.000",184,688.703,3603.76,-731.9,1
"high_flux_wetland_stem","2000-01-08 01:03:05.000",185,687.638,3605.18,-667.5,1
"high_flux_wetland_stem","2000-01-08 01:03:06.000",186,689.494,3615.38,-397.4,1
"high_flux_wetland_stem","2000-01-08 01:03:07.000",187,689.939,3619.41,-435,1
"high_flux_wetland_stem","2000-01-08 01:03:08.000",188,689.311,3629.03,-625,1
"high_flux_wetland_stem","2000-01-08 01:03:09.000",189,687.733,3628.07,-579.7,1
"high_flux_wetland_stem","2000-01-08 01:03:10.000",190,688.449,3641.84,-460.4,1
"high_flux_wetland_stem","2000-01-08 01:03:11.000",191,689.074,3643.18,-641.4,1
"high_flux_wetland_stem","2000-01-08 01:03:12.000",192,691.127,3642.71,-580.2,1
"high_flux_wetland_stem","2000-01-08 01:03:13.000",193,690.098,3652.52,-558.5,1
"high_flux_wetland_stem","2000-01-08 01:03:14.000",194,689.719,3656.19,-761.2,1
"high_flux_wetland_stem","2000-01-08 01:03:15.000",195,689.318,3659.69,-523.4,1
"high_flux_wetland_stem","2000-01-08 01:03:16.000",196,691.989,3666.1,-449.9,1
"high_flux_wetland_stem","2000-01-08 01:03:17.000",197,691.216,3676.68,-605.6,1
"high_flux_wetland_stem","2000-01-08 01:03:18.000",198,690.765,3677.06,-670.3,1
"high_flux_wetland_stem","2000-01-08 01:03:19.000",199,689.522,3677.54,-679.8,1
"high_flux_wetland_stem","2000-01-08 01:03:20.000",200,690.622,3690.66,-444.5,1
"high_flux_wetland_stem","2000-01-08 01:03:21.000",201,691.504,3692.83,-550.9,1
"high_flux_wetland_stem","2000-01-08 01:03:22.000",202,691.562,3698.51,-617.7,1
"high_flux_wetland_stem","2000-01-08 01:03:23.000",203,691.346,3703.54,-566.7,1
"high_flux_wetland_stem","2000-01-08 01:03:24.000",204,692.553,3707.14,-528.9,1
"high_flux_wetland_stem","2000-01-08 01:03:25.000",205,691.775,3716.81,-514.3,1
"high_flux_wetland_stem","2000-01-08 01:03:26.000",206,693.897,3724.75,-529.4,1
"high_flux_wetland_stem","2000-01-08 01:03:27.000",207,693.888,3730.72,-495.6,1
"high_flux_wetland_stem","2000-01-08 01:03:28.000",208,692.803,3731.55,-719.8,1
"high_flux_wetland_stem","2000-01-08 01:03:29.000",209,692.865,3735.65,-625.5,1
"high_flux_wetland_stem","2000-01-08 01:03:30.000",210,692.854,3746.26,-617.8,1
"high_flux_wetland_stem","2000-01-08 01:03:31.000",211,692.392,3750,-587.8,1
"high_flux_wetland_stem","2000-01-08 01:03:32.000",212,692.741,3753.61,-667.1,1
"high_flux_wetland_stem","2000-01-08 01:03:33.000",213,692.705,3761.06,-429.8,1
"high_flux_wetland_stem","2000-01-08 01:03:34.000",214,693.182,3762.69,-626.5,1
"high_flux_wetland_stem","2000-01-08 01:03:35.000",215,693.412,3770.14,-555.2,1
"high_flux_wetland_stem","2000-01-08 01:03:36.000",216,693.177,3772.72,-620.4,1
"high_flux_wetland_stem","2000-01-08 01:03:37.000",217,693.26,3781.93,-479.5,1
"high_flux_wetland_stem","2000-01-08 01:03:38.000",218,694.793,3781.03,-617.5,1
"high_flux_wetland_stem","2000-01-08 01:03:39.000",219,694.561,3787.48,-597.6,1
"high_flux_wetland_stem","2000-01-08 01:03:40.000",220,694.103,3796.38,-583.2,1
"high_flux_wetland_stem","2000-01-08 01:03:41.000",221,694.005,3799.55,-584.8,1
"high_flux_wetland_stem","2000-01-08 01:03:42.000",222,694.561,3808.81,-569,1
"high_flux_wetland_stem","2000-01-08 01:03:43.000",223,693.451,3814.71,-586.9,1
"high_flux_wetland_stem","2000-01-08 01:03:44.000",224,694.425,3821.55,-620.9,1
"high_flux_wetland_stem","2000-01-08 01:03:45.000",225,693.89,3819.02,-570.5,1
"high_flux_wetland_stem","2000-01-08 01:03:46.000",226,694.666,3829.71,-434.8,1
"high_flux_wetland_stem","2000-01-08 01:03:47.000",227,696.575,3838.75,-667,1
"high_flux_wetland_stem","2000-01-08 01:03:48.000",228,696.458,3844.41,-559.2,1
"high_flux_wetland_stem","2000-01-08 01:03:49.000",229,697.054,3852.22,-568.4,1
"high_flux_wetland_stem","2000-01-08 01:03:50.000",230,696.19,3858.46,-754.2,1
"high_flux_wetland_stem","2000-01-08 01:03:51.000",231,696.769,3855.97,-509.1,1
"high_flux_wetland_stem","2000-01-08 01:03:52.000",232,695.852,3864.33,-614.2,1
"high_flux_wetland_stem","2000-01-08 01:03:53.000",233,697.662,3873.07,-618.4,1
"high_flux_wetland_stem","2000-01-08 01:03:54.000",234,696.754,3873.88,-288,1
"high_flux_wetland_stem","2000-01-08 01:03:55.000",235,697.729,3874.34,-600.5,1
"high_flux_wetland_stem","2000-01-08 01:03:56.000",236,698.085,3881.3,-597.6,1
"high_flux_wetland_stem","2000-01-08 01:03:57.000",237,699.033,3885.68,-646.9,1
"high_flux_wetland_stem","2000-01-08 01:03:58.000",238,697.547,3891.51,-502.5,1
"high_flux_wetland_stem","2000-01-08 01:03:59.000",239,698.72,3898.94,-539.9,1
"high_flux_wetland_stem","2000-01-08 01:04:00.000",240,698.412,3904.62,-656.9,1
"high_flux_wetland_stem","2000-01-08 01:04:01.000",241,698.076,3908.18,-606.5,0
"high_flux_wetland_stem","2000-01-08 01:04:02.000",242,698.184,3919.15,-479.8,0
"high_flux_wetland_stem","2000-01-08 01:04:03.000",243,699.425,3922.96,-628.7,0
"high_flux_wetland_stem","2000-01-08 01:04:04.000",244,699.713,3927.45,-593.7,0
"high_flux_wetland_stem","2000-01-08 01:04:05.000",245,699.206,3935.96,-652.8,0
"high_flux_wetland_stem","2000-01-08 01:04:06.000",246,701.298,3944.56,-408.3,0
"high_flux_wetland_stem","2000-01-08 01:04:07.000",247,699.155,3947.53,-526.7,0
"high_flux_wetland_stem","2000-01-08 01:04:08.000",248,700.382,3949.83,-444,0
"high_flux_wetland_stem","2000-01-08 01:04:09.000",249,700.022,3953.76,-522.1,0
"high_flux_wetland_stem","2000-01-08 01:04:10.000",250,701.185,3962.41,-574.1,0
"high_flux_wetland_stem","2000-01-08 01:04:11.000",251,699.585,3964.87,-505.6,0
"high_flux_wetland_stem","2000-01-08 01:04:12.000",252,699.595,3967.69,-543.7,0
"high_flux_wetland_stem","2000-01-08 01:04:13.000",253,700.42,3976.99,-564.4,0
"high_flux_wetland_stem","2000-01-08 01:04:14.000",254,700.227,3980.17,-485.5,0
"high_flux_wetland_stem","2000-01-08 01:04:15.000",255,700.953,3988.51,-427.3,0
"high_flux_wetland_stem","2000-01-08 01:04:16.000",256,701.943,3995.58,-492,0
"high_flux_wetland_stem","2000-01-08 01:04:17.000",257,702.899,3995.62,-375.1,0
"high_flux_wetland_stem","2000-01-08 01:04:18.000",258,701.322,4004.43,-443.3,0
"high_flux_wetland_stem","2000-01-08 01:04:19.000",259,703.16,4010.99,-437.1,0
"high_flux_wetland_stem","2000-01-08 01:04:20.000",260,702.633,4010.55,-430.2,0
"high_flux_wetland_stem","2000-01-08 01:04:21.000",261,703.384,4013.94,-396.3,0
"high_flux_wetland_stem","2000-01-08 01:04:22.000",262,702.339,4022.89,-496,0
"high_flux_wetland_stem","2000-01-08 01:04:23.000",263,704.107,4034.72,-414.8,0
"high_flux_wetland_stem","2000-01-08 01:04:24.000",264,702.244,4029.88,-574.9,0
"high_flux_wetland_stem","2000-01-08 01:04:25.000",265,702.247,4039.99,-470.1,0
"high_flux_wetland_stem","2000-01-08 01:04:26.000",266,704.152,4046.45,-346.6,0
"high_flux_wetland_stem","2000-01-08 01:04:27.000",267,703.971,4048.73,-580.2,0
"high_flux_wetland_stem","2000-01-08 01:04:28.000",268,704.538,4050.42,-374.5,0
"high_flux_wetland_stem","2000-01-08 01:04:29.000",269,704.542,4061.86,-540.5,0
"high_flux_wetland_stem","2000-01-08 01:04:30.000",270,703.492,4072.63,-482,0
"high_flux_wetland_stem","2000-01-08 01:04:31.000",271,703.615,4066.73,-435.5,0
"high_flux_wetland_stem","2000-01-08 01:04:32.000",272,703.798,4075.9,-403.8,0
"high_flux_wetland_stem","2000-01-08 01:04:33.000",273,705.941,4084.14,-462.5,0
"high_flux_wetland_stem","2000-01-08 01:04:34.000",274,705.475,4088.8,-454.6,0
"high_flux_wetland_stem","2000-01-08 01:04:35.000",275,704.735,4091.57,-348.3,0
"high_flux_wetland_stem","2000-01-08 01:04:36.000",276,706.354,4101.37,-185.5,0
"high_flux_wetland_stem","2000-01-08 01:04:37.000",277,705.881,4108.58,-494,0
"high_flux_wetland_stem","2000-01-08 01:04:38.000",278,706.842,4108.59,-393.2,0
"high_flux_wetland_stem","2000-01-08 01:04:39.000",279,705.571,4116,-340.2,0
"high_flux_wetland_stem","2000-01-08 01:04:40.000",280,707.265,4123.09,-469.8,0
"high_flux_wetland_stem","2000-01-08 01:04:41.000",281,707.414,4126.15,-305.4,0
"high_flux_wetland_stem","2000-01-08 01:04:42.000",282,707.29,4131.66,-310.6,0
"high_flux_wetland_stem","2000-01-08 01:04:43.000",283,707.201,4135.75,-459.6,0
"high_flux_wetland_stem","2000-01-08 01:04:44.000",284,706.818,4124.96,-390.7,0
"high_flux_wetland_stem","2000-01-08 01:04:45.000",285,707.327,4051.53,-267,0
"high_flux_wetland_stem","2000-01-08 01:04:46.000",286,707.775,3857.8,-461.5,0
"high_flux_wetland_stem","2000-01-08 01:04:47.000",287,708.554,3550.47,-414.1,0
"high_flux_wetland_stem","2000-01-08 01:04:48.000",288,709.271,3201.32,-453.5,0
"high_flux_wetland_stem","2000-01-08 01:04:49.000",289,707.913,2894.21,-496.8,0
"high_flux_wetland_stem","2000-01-08 01:04:50.000",290,709.841,2647.05,-293.1,0
"high_flux_wetland_stem","2000-01-08 01:04:51.000",291,709.337,2471.77,-494.2,0
"high_flux_wetland_stem","2000-01-08 01:04:52.000",292,709.356,2342.49,-255.5,0
"high_flux_wetland_stem","2000-01-08 01:04:53.000",293,710.449,2254.41,-507.3,0
"high_flux_wetland_stem","2000-01-08 01:04:54.000",294,710.873,2183.37,-267,0
"high_flux_wetland_stem","2000-01-08 01:04:55.000",295,709.474,2132.04,-158.8,0
"high_flux_wetland_stem","2000-01-08 01:04:56.000",296,710.006,2089.79,-188.9,0
"high_flux_wetland_stem","2000-01-08 01:04:57.000",297,710.198,2056.27,-348.2,0
"high_flux_wetland_stem","2000-01-08 01:04:58.000",298,710.72,2028.92,-226.4,0
"high_flux_wetland_stem","2000-01-08 01:04:59.000",299,709.015,2012.45,-544.8,0
"high_flux_wetland_stem","2000-01-08 01:05:00.000",300,712.146,1996.18,-189.7,0
"high_flux_wetland_stem","2000-01-08 01:05:01.000",301,711.07,1980.17,-367.1,0
"high_flux_wetland_stem","2000-01-08 01:05:02.000",302,710.805,1967.39,-285.3,0
"high_flux_wetland_stem","2000-01-08 01:05:03.000",303,710.708,1962.5,-283.3,0
"high_flux_wetland_stem","2000-01-08 01:05:04.000",304,711.98,1959.04,-85.8,0
"high_flux_wetland_stem","2000-01-08 01:05:05.000",305,710.774,1949.98,-459.5,0
"high_flux_wetland_stem","2000-01-08 01:05:06.000",306,711.633,1945.92,-456.2,0
"high_flux_wetland_stem","2000-01-08 01:05:07.000",307,712.305,1944.33,-236.2,0
"high_flux_wetland_stem","2000-01-08 01:05:08.000",308,711.798,1936.59,-226.2,0
"high_flux_wetland_stem","2000-01-08 01:05:09.000",309,710.351,1937.44,-309.2,0
"high_flux_wetland_stem","2000-01-08 01:05:10.000",310,711.383,1935.4,-295.1,0
"high_flux_wetland_stem","2000-01-08 01:05:11.000",311,712.483,1929.46,-414.2,0
"high_flux_wetland_stem","2000-01-08 01:05:12.000",312,710.916,1928.72,-334.5,0
"high_flux_wetland_stem","2000-01-08 01:05:13.000",313,710.979,1930.3,-296.4,0
"high_flux_wetland_stem","2000-01-08 01:05:14.000",314,710.869,1931.96,-276.2,0
"high_flux_wetland_stem","2000-01-08 01:05:15.000",315,710.554,1929.59,-392.3,0
"high_flux_wetland_stem","2000-01-08 01:05:16.000",316,710.499,1930.15,-282.7,0
"high_flux_wetland_stem","2000-01-08 01:05:17.000",317,711.335,1930.65,-197.6,0
"high_flux_wetland_stem","2000-01-08 01:05:18.000",318,709.474,1927.15,-189.8,0
"high_flux_wetland_stem","2000-01-08 01:05:19.000",319,710.019,1931.69,-266.3,0
"high_flux_wetland_stem","2000-01-08 01:05:20.000",320,710.095,1929.18,-287.7,0
"high_flux_wetland_stem","2000-01-08 01:05:21.000",321,709.977,1930.94,-290,0
"high_flux_wetland_stem","2000-01-08 01:05:22.000",322,708.236,1929.41,-311.3,0
"high_flux_wetland_stem","2000-01-08 01:05:23.000",323,706.544,1929.56,-402.8,0
"high_flux_wetland_stem","2000-01-08 01:05:24.000",324,707.55,1930.66,-39.3,0
"high_flux_wetland_stem","2000-01-08 01:05:25.000",325,706.545,1936.92,-129,0
"high_flux_wetland_stem","2000-01-08 01:05:26.000",326,705.997,1938.71,-296.8,0
"high_flux_wetland_stem","2000-01-08 01:05:27.000",327,704.852,1946.1,-249.7,0
"high_flux_wetland_stem","2000-01-08 01:05:28.000",328,704.078,1948.24,-411.5,0
"high_flux_wetland_stem","2000-01-08 01:05:29.000",329,703.237,1949.22,-109.6,0
"high_flux_wetland_stem","2000-01-08 01:05:30.000",330,702.699,1942.35,-227.8,0
"high_flux_wetland_stem","2000-01-08 01:05:31.000",331,701.771,1935.41,-343,0
"high_flux_wetland_stem","2000-01-08 01:05:32.000",332,700.825,1939.26,-207.9,0
"high_flux_wetland_stem","2000-01-08 01:05:33.000",333,698.775,1927.82,-321.3,0
"high_flux_wetland_stem","2000-01-08 01:05:34.000",334,698.29,1931.8,-319.8,0
"high_flux_wetland_stem","2000-01-08 01:05:35.000",335,698.461,1935,-155.9,0
"high_flux_wetland_stem","2000-01-08 01:05:36.000",336,696.954,1930.31,-267.2,0
"high_flux_wetland_stem","2000-01-08 01:05:37.000",337,695.081,1928.57,-239.2,0
"high_flux_wetland_stem","2000-01-08 01:05:38.000",338,694.706,1933.54,-285.2,0
"high_flux_wetland_stem","2000-01-08 01:05:39.000",339,691.714,1928.14,-292.3,0
"high_flux_wetland_stem","2000-01-08 01:05:40.000",340,691.942,1928.75,-157.2,0
"high_flux_wetland_stem","2000-01-08 01:05:41.000",341,688.352,1927.7,-407.6,0
"high_flux_wetland_stem","2000-01-08 01:05:42.000",342,688.769,1931.67,-417.5,0
"high_flux_wetland_stem","2000-01-08 01:05:43.000",343,686.684,1929.38,-193.8,0
"high_flux_wetland_stem","2000-01-08 01:05:44.000",344,685.609,1928.13,-296.6,0
"high_flux_wetland_stem","2000-01-08 01:05:45.000",345,683.993,1930.82,-156.5,0
"high_flux_wetland_stem","2000-01-08 01:05:46.000",346,682.042,1930.57,-366.8,0
"high_flux_wetland_stem","2000-01-08 01:05:47.000",347,679.809,1928.48,-394.6,0
"high_flux_wetland_stem","2000-01-08 01:05:48.000",348,678.688,1927.31,-363.4,0
"high_flux_wetland_stem","2000-01-08 01:05:49.000",349,676.655,1932.92,-298.7,0
"high_flux_wetland_stem","2000-01-08 01:05:50.000",350,674.857,1949.94,-372.8,0
"high_flux_wetland_stem","2000-01-08 01:05:51.000",351,672.378,1958.31,-164.8,0
"high_flux_wetland_stem","2000-01-08 01:05:52.000",352,670.59,1973.75,-251.4,0
"high_flux_wetland_stem","2000-01-08 01:05:53.000",353,667.032,1964.57,-384.1,0
"high_flux_wetland_stem","2000-01-08 01:05:54.000",354,665.731,1960.42,-275.7,0
"high_flux_wetland_stem","2000-01-08 01:05:55.000",355,663.948,1952.73,-242.6,0
"high_flux_wetland_stem","2000-01-08 01:05:56.000",356,661.396,1948.64,-371.5,0
"high_flux_wetland_stem","2000-01-08 01:05:57.000",357,658.715,1943.55,-555.6,0
"high_flux_wetland_stem","2000-01-08 01:05:58.000",358,656.828,1945.12,-368.9,0
"high_flux_wetland_stem","2000-01-08 01:05:59.000",359,654.974,1946.56,-371.8,0
"high_flux_wetland_stem","2000-01-08 01:06:00.000",360,653.057,1947.91,-338.6,0
"high_flux_wetland_stem","2000-01-08 01:06:01.000",361,649.765,1943.73,-429.4,0
"high_flux_wetland_stem","2000-01-08 01:06:02.000",362,649.031,1946.49,-279.6,0
"high_flux_wetland_stem","2000-01-08 01:06:03.000",363,646.1,1944.07,-347.9,0
"high_flux_wetland_stem","2000-01-08 01:06:04.000",364,644.455,1944.89,-261.3,0
"high_flux_wetland_stem","2000-01-08 01:06:05.000",365,640.662,1941.1,-411.6,0
"high_flux_wetland_stem","2000-01-08 01:06:06.000",366,639.622,1944.63,-368,0
"high_flux_wetland_stem","2000-01-08 01:06:07.000",367,636.623,1938.9,-314.6,0
"high_flux_wetland_stem","2000-01-08 01:06:08.000",368,633.935,1935.52,-402.2,0
"high_flux_wetland_stem","2000-01-08 01:06:09.000",369,632.718,1936.9,-439,0
"high_flux_wetland_stem","2000-01-08 01:06:09.000",369,629.636,1937.36,-388.4,0
"high_flux_wetland_stem","2000-01-08 01:06:10.000",370,626.139,1932.77,-449.5,0
"high_flux_wetland_stem","2000-01-08 01:06:11.000",371,624.585,1933.89,-383.6,0
"high_flux_wetland_stem","2000-01-08 01:06:12.000",372,623.119,1934.98,-373.1,0
"high_flux_wetland_stem","2000-01-08 01:06:13.000",373,621.248,1933.23,-264,0
"high_flux_wetland_stem","2000-01-08 01:06:14.000",374,618.19,1934.83,-364,0
"high_flux_wetland_stem","2000-01-08 01:06:15.000",375,616.641,1938.21,-381.1,0
"high_flux_wetland_stem","2000-01-08 01:06:16.000",376,612.757,1940.97,-473.8,0
"high_flux_wetland_stem","2000-01-08 01:06:17.000",377,610.808,1942.29,-400.5,0
"high_flux_wetland_stem","2000-01-08 01:06:18.000",378,606.926,1936.68,-553.9,0
"high_flux_wetland_stem","2000-01-08 01:06:19.000",379,606.128,1940.58,-366.8,0
"high_flux_wetland_stem","2000-01-08 01:06:20.000",380,603.394,1942.75,-639.8,0
"high_flux_wetland_stem","2000-01-08 01:06:21.000",381,600.438,1941.41,-353.3,0
"high_flux_wetland_stem","2000-01-08 01:06:22.000",382,596.581,1943.52,-682,0
"high_flux_wetland_stem","2000-01-08 01:06:23.000",383,596.663,1940.73,-631.3,0
"high_flux_wetland_stem","2000-01-08 01:06:24.000",384,593.029,1941.25,-653.2,0
"high_flux_wetland_stem","2000-01-08 01:06:25.000",385,591.154,1936.51,-519.5,0
"high_flux_wetland_stem","2000-01-08 01:06:26.000",386,588.326,1940.63,-548.8,0
"high_flux_wetland_stem","2000-01-08 01:06:27.000",387,586.843,1938.7,-674.6,0
"high_flux_wetland_stem","2000-01-08 01:06:28.000",388,583.421,1936.07,-479.2,0
"high_flux_wetland_stem","2000-01-08 01:06:29.000",389,582.619,1935.52,-668.8,0
"high_flux_wetland_stem","2000-01-08 01:06:30.000",390,579.873,1934.79,-547.8,0
"high_flux_wetland_stem","2000-01-08 01:06:31.000",391,576.659,1936.46,-603.4,0
"high_flux_wetland_stem","2000-01-08 01:06:32.000",392,575.519,1932.17,-594.4,0
"high_flux_wetland_stem","2000-01-08 01:06:33.000",393,573.163,1932.13,-635.1,0
"high_flux_wetland_stem","2000-01-08 01:06:34.000",394,571.202,1930.25,-432.2,0
"high_flux_wetland_stem","2000-01-08 01:06:35.000",395,566.969,1932.6,-614.3,0
"high_flux_wetland_stem","2000-01-08 01:06:36.000",396,565.231,1932.97,-570.7,0
"high_flux_wetland_stem","2000-01-08 01:06:37.000",397,563.81,1932.35,-538.7,0
"high_flux_wetland_stem","2000-01-08 01:06:38.000",398,560.744,1931.74,-561.6,0
"high_flux_wetland_stem","2000-01-08 01:06:39.000",399,559.967,1930.41,-605.7,0
"high_flux_wetland_stem","2000-01-08 01:06:40.000",400,556.899,1934.14,-632,0
"high_flux_wetland_stem","2000-01-08 01:06:41.000",401,554.85,1935.8,-409.5,0
"high_flux_wetland_stem","2000-01-08 01:06:42.000",402,553.937,1934.36,-627.3,0
"high_flux_wetland_stem","2000-01-08 01:06:43.000",403,551.711,1933.36,-443.4,0
"high_flux_wetland_stem","2000-01-08 01:06:44.000",404,549.6,1934.63,-489.3,0
"high_flux_wetland_stem","2000-01-08 01:06:45.000",405,547.331,1932.63,-644.7,0
"high_flux_wetland_stem","2000-01-08 01:06:46.000",406,545.424,1936.21,-307.9,0
"high_flux_wetland_stem","2000-01-08 01:06:47.000",407,542.637,1935.25,-683.7,0
"high_flux_wetland_stem","2000-01-08 01:06:48.000",408,540.738,1941.35,-554.3,0
"high_flux_wetland_stem","2000-01-08 01:06:49.000",409,539.862,1941.12,-546.3,0
"high_flux_wetland_stem","2000-01-08 01:06:50.000",410,537.014,1940.45,-433.6,0
"high_flux_wetland_stem","2000-01-08 01:06:51.000",411,535.005,1937.78,-644.7,0
"high_flux_wetland_stem","2000-01-08 01:06:52.000",412,532.725,1938.99,-563.9,0
"high_flux_wetland_stem","2000-01-08 01:06:53.000",413,531.364,1939.52,-521.6,0
"high_flux_wetland_stem","2000-01-08 01:06:54.000",414,530.39,1941.46,-628.4,0
"high_flux_wetland_stem","2000-01-08 01:06:55.000",415,528.616,1946.91,-623.6,0
"high_flux_wetland_stem","2000-01-08 01:06:56.000",416,526.301,1953.47,-365.3,0
"high_flux_wetland_stem","2000-01-08 01:06:57.000",417,523.113,1959.6,-458.2,0
"high_flux_wetland_stem","2000-01-08 01:06:58.000",418,522.769,1971.8,-472.8,0
"high_flux_wetland_stem","2000-01-08 01:06:59.000",419,521.453,1973.29,-453.2,0
"high_flux_wetland_stem","2000-01-08 01:07:00.000",420,519.434,1973.92,-589.6,0
"high_flux_wetland_stem","2000-01-08 01:07:01.000",421,516.273,1976.09,-562.4,0
"high_flux_wetland_stem","2000-01-08 01:07:02.000",422,515.647,1976.71,-578.7,0
"high_flux_wetland_stem","2000-01-08 01:07:03.000",423,513.743,1975.04,-588.5,0
"high_flux_wetland_stem","2000-01-08 01:07:04.000",424,511.891,1973.8,-408.3,0
"high_flux_wetland_stem","2000-01-08 01:07:05.000",425,511.226,1974.1,-481.9,0
"high_flux_wetland_stem","2000-01-08 01:07:06.000",426,510.437,1968.7,-430.7,0
"high_flux_wetland_stem","2000-01-08 01:07:07.000",427,507.809,1961.59,-490,0
"high_flux_wetland_stem","2000-01-08 01:07:08.000",428,508.493,1958.34,-512.7,0
"high_flux_wetland_stem","2000-01-08 01:07:09.000",429,506.274,1953.63,-526.1,0
"high_flux_wetland_stem","2000-01-08 01:07:10.000",430,504.082,1950.98,-506.5,0
"high_flux_wetland_stem","2000-01-08 01:07:11.000",431,501.275,1948.67,-532.3,0
"high_flux_wetland_stem","2000-01-08 01:07:12.000",432,500.538,1944.43,-549.9,0
"high_flux_wetland_stem","2000-01-08 01:07:13.000",433,499.436,1945.77,-484.7,0
"high_flux_wetland_stem","2000-01-08 01:07:14.000",434,498.209,1947.51,-325.9,0
"high_flux_wetland_stem","2000-01-08 01:07:15.000",435,497.334,1944.94,-430.2,0
"high_flux_wetland_stem","2000-01-08 01:07:16.000",436,495.771,1942.36,-567,0
"high_flux_wetland_stem","2000-01-08 01:07:17.000",437,494.457,1938.7,-536.5,0
"high_flux_wetland_stem","2000-01-08 01:07:18.000",438,493.756,1936.28,-379.9,0
"high_flux_wetland_stem","2000-01-08 01:07:19.000",439,491.494,1934.05,-506.4,0
"high_flux_wetland_stem","2000-01-08 01:07:20.000",440,490.722,1937.09,-362.5,0
"high_flux_wetland_stem","2000-01-08 01:07:21.000",441,489.34,1935.98,-564.1,0
"high_flux_wetland_stem","2000-01-08 01:07:22.000",442,487.525,1932.04,-330,0
"high_flux_wetland_stem","2000-01-08 01:07:23.000",443,485.406,1935,-411.8,0
"high_flux_wetland_stem","2000-01-08 01:07:24.000",444,485.467,1932.67,-392.4,0
"high_flux_wetland_stem","2000-01-08 01:07:25.000",445,485.316,1927.93,-542.5,0
"high_flux_wetland_stem","2000-01-08 01:07:26.000",446,482.886,1927.19,-552.6,0
"high_flux_wetland_stem","2000-01-08 01:07:27.000",447,481.832,1931.07,-511.3,0
"high_flux_wetland_stem","2000-01-08 01:07:28.000",448,481.147,1927.71,-496.2,0
"high_flux_wetland_stem","2000-01-08 01:07:29.000",449,480.093,1924.56,-556,0
"high_flux_wetland_stem","2000-01-08 01:07:30.000",450,480.568,1926,-495.9,0
"high_flux_wetland_stem","2000-01-08 01:07:31.000",451,478.021,1928.16,-343.2,0
"high_flux_wetland_stem","2000-01-08 01:07:32.000",452,478.029,1929.56,-488.6,0
"high_flux_wetland_stem","2000-01-08 01:07:33.000",453,475.458,1924.76,-468.4,0
"high_flux_wetland_stem","2000-01-08 01:07:34.000",454,474.982,1929.31,-235.7,0
"high_flux_wetland_stem","2000-01-08 01:07:35.000",455,475.364,1929.91,-435.9,0
"high_flux_wetland_stem","2000-01-08 01:07:36.000",456,474.224,1929.04,-508.4,0
"high_flux_wetland_stem","2000-01-08 01:07:37.000",457,471.83,1924.96,-380.6,0
"high_flux_wetland_stem","2000-01-08 01:07:38.000",458,471.97,1930.89,-340.2,0
"high_flux_wetland_stem","2000-01-08 01:07:39.000",459,471.524,1929.18,-329.7,0
"high_flux_wetland_stem","2000-01-08 01:07:40.000",460,470.61,1931.06,-274.8,0
"high_flux_wetland_stem","2000-01-08 01:07:41.000",461,469.497,1932.43,-510.9,0
"high_flux_wetland_stem","2000-01-08 01:07:42.000",462,470.116,1937.35,-479.4,0
"high_flux_wetland_stem","2000-01-08 01:07:43.000",463,469.442,1935,-403,0
"high_flux_wetland_stem","2000-01-08 01:07:44.000",464,467.495,1935.01,-388.3,0
"high_flux_wetland_stem","2000-01-08 01:07:45.000",465,464.93,1930.79,-386.8,0
"high_flux_wetland_stem","2000-01-08 01:07:46.000",466,465.38,1932.99,-355.5,0
"high_flux_wetland_stem","2000-01-08 01:07:47.000",467,465.639,1932.01,-352,0
"high_flux_wetland_stem","2000-01-08 01:07:48.000",468,464.948,1927.35,-314.4,0
"high_flux_wetland_stem","2000-01-08 01:07:49.000",469,463.801,1928.38,-483.1,0
"high_flux_wetland_stem","2000-01-08 01:07:50.000",470,462.217,1930.4,-527.5,0
"high_flux_wetland_stem","2000-01-08 01:07:51.000",471,462.187,1930.3,-415.4,0
"high_flux_wetland_stem","2000-01-08 01:07:52.000",472,462.232,1931.38,-370.7,0
"high_flux_wetland_stem","2000-01-08 01:07:53.000",473,461.772,1930.83,-311.1,0
"high_flux_wetland_stem","2000-01-08 01:07:54.000",474,461.055,1932.13,-397,0
"high_flux_wetland_stem","2000-01-08 01:07:55.000",475,459.517,1930.9,-393.3,0
"high_flux_wetland_stem","2000-01-08 01:07:56.000",476,459.718,1933.88,-450.7,0
"high_flux_wetland_stem","2000-01-08 01:07:57.000",477,459.106,1929.72,-274.4,0
"high_flux_wetland_stem","2000-01-08 01:07:58.000",478,458.747,1932.52,-389,0
"high_flux_wetland_stem","2000-01-08 01:07:59.000",479,459.081,1933.58,-231.1,0
"high_flux_wetland_stem","2000-01-08 01:08:00.000",480,458.172,1930.41,-346.8,0
"high_flux_wetland_stem","2000-01-08 01:08:01.000",481,457.29,1932.6,-280.9,0
"high_flux_wetland_stem","2000-01-08 01:08:02.000",482,456.829,1932.12,-435.2,0
"high_flux_wetland_stem","2000-01-08 01:08:03.000",483,456.624,1926.17,-375.2,0
"high_flux_wetland_stem","2000-01-08 01:08:04.000",484,454.969,1927.07,-322.7,0
"high_flux_wetland_stem","2000-01-08 01:08:05.000",485,454.956,1929.21,-256.6,0
"high_flux_wetland_stem","2000-01-08 01:08:06.000",486,455.245,1930.36,-386.2,0
"high_flux_wetland_stem","2000-01-08 01:08:07.000",487,455.241,1931.23,-209.5,0
"high_flux_wetland_stem","2000-01-08 01:08:08.000",488,453.525,1928.62,-445.5,0
"high_flux_wetland_stem","2000-01-08 01:08:09.000",489,454.5,1933.12,-362.9,0
"high_flux_wetland_stem","2000-01-08 01:08:10.000",490,453.367,1936.71,-273,0
"high_flux_wetland_stem","2000-01-08 01:08:11.000",491,451.799,1933.65,-444.6,0
"high_flux_wetland_stem","2000-01-08 01:08:12.000",492,451.088,1936.91,-250.3,0
"high_flux_wetland_stem","2000-01-08 01:08:13.000",493,451.851,1938.88,-306.7,0
"high_flux_wetland_stem","2000-01-08 01:08:14.000",494,449.922,1934.32,-286.5,0
"high_flux_wetland_stem","2000-01-08 01:08:15.000",495,451.399,1933.88,-231.9,0
"high_flux_wetland_stem","2000-01-08 01:08:16.000",496,449.133,1931.38,-198.7,0
"high_flux_wetland_stem","2000-01-08 01:08:17.000",497,450.793,1935.09,-125,0
"high_flux_wetland_stem","2000-01-08 01:08:18.000",498,450.204,1929.07,-370.5,0
"high_flux_wetland_stem","2000-01-08 01:08:19.000",499,449.21,1932.06,-281.1,0
"high_flux_wetland_stem","2000-01-08 01:08:20.000",500,449.326,1934.71,-122.8,0
"high_flux_wetland_stem","2000-01-08 01:08:21.000",501,448.548,1932.84,-152.3,0
"high_flux_wetland_stem","2000-01-08 01:08:22.000",502,447.672,1930.6,-56.5,0
"high_flux_wetland_stem","2000-01-08 01:08:23.000",503,448.248,1929.77,-340.9,0
"high_flux_wetland_stem","2000-01-08 01:08:24.000",504,447.157,1932.09,-169.2,0
"high_flux_wetland_stem","2000-01-08 01:08:25.000",505,447.723,1930.09,-306.6,0
"high_flux_wetland_stem","2000-01-08 01:08:26.000",506,445.772,1929.22,-107.6,0
"high_flux_wetland_stem","2000-01-08 01:08:27.000",507,446.971,1936.42,-37.4,0
"high_flux_wetland_stem","2000-01-08 01:08:28.000",508,446.363,1939.65,-145.5,0
"high_flux_wetland_stem","2000-01-08 01:08:29.000",509,445.563,1941.39,-109.3,0
"high_flux_wetland_stem","2000-01-08 01:08:30.000",510,444.725,1944.23,-176.4,0
"high_flux_wetland_stem","2000-01-08 01:08:31.000",511,444.359,1947.51,-159.8,0
"high_flux_wetland_stem","2000-01-08 01:08:32.000",512,444.286,1952.39,-163.8,0
"high_flux_wetland_stem","2000-01-08 01:08:33.000",513,444.766,1955.78,-190.4,0
"high_flux_wetland_stem","2000-01-08 01:08:34.000",514,444.127,1956.3,-155.4,0
"high_flux_wetland_stem","2000-01-08 01:08:35.000",515,444.844,1958.57,-193.2,0
"high_flux_wetland_stem","2000-01-08 01:08:36.000",516,443.306,1954.91,-122.7,0
"high_flux_wetland_stem","2000-01-08 01:08:37.000",517,444.599,1945.21,-309,0
"high_flux_wetland_stem","2000-01-08 01:08:38.000",518,443.575,1940.61,-182.2,0
"high_flux_wetland_stem","2000-01-08 01:08:39.000",519,442.895,1938.26,-237.3,0
"high_flux_wetland_stem","2000-01-08 01:08:40.000",520,442.302,1938.1,-173.9,0
"high_flux_wetland_stem","2000-01-08 01:08:41.000",521,441.918,1933.62,-271.8,0
"high_flux_wetland_stem","2000-01-08 01:08:42.000",522,442.579,1933.32,-441.8,0
"high_flux_wetland_stem","2000-01-08 01:08:43.000",523,441.879,1933.92,-88.9,0
"high_flux_wetland_stem","2000-01-08 01:08:44.000",524,441.084,1932.36,-249.7,0
"high_flux_wetland_stem","2000-01-08 01:08:45.000",525,440.999,1930.35,-279,0
"high_flux_wetland_stem","2000-01-08 01:08:46.000",526,439.911,1931.84,-389.2,0
"high_flux_wetland_stem","2000-01-08 01:08:47.000",527,439.727,1936.89,-347.6,0
"high_flux_wetland_stem","2000-01-08 01:08:48.000",528,441.149,1930.41,-262.1,0
"high_flux_wetland_stem","2000-01-08 01:08:49.000",529,439.888,1932.57,-377.8,0
"high_flux_wetland_stem","2000-01-08 01:08:50.000",530,440.252,1941.83,-292.1,0
"high_flux_wetland_stem","2000-01-08 01:08:51.000",531,439.46,1945.24,-460.9,0
"high_flux_wetland_stem","2000-01-08 01:08:52.000",532,439.703,1949.5,-229,0
"high_flux_wetland_stem","2000-01-08 01:08:53.000",533,439.013,1953.69,-216.8,0
"high_flux_wetland_stem","2000-01-08 01:08:54.000",534,438.656,1957.22,-216,0
"high_flux_wetland_stem","2000-01-08 01:08:55.000",535,439.558,1961.29,-206.5,0
"high_flux_wetland_stem","2000-01-08 01:08:56.000",536,439.088,1968.93,-235.9,0
"high_flux_wetland_stem","2000-01-08 01:08:57.000",537,438.348,1993.5,-240.6,0
"high_flux_wetland_stem","2000-01-08 01:08:58.000",538,438.574,2027.71,-358.7,0
"high_flux_wetland_stem","2000-01-08 01:08:59.000",539,437.363,2061.41,-448.7,0
"high_flux_wetland_stem","2000-01-08 01:09:00.000",540,438.765,2077.45,-196.3,0
"high_flux_wetland_stem","2000-01-08 01:09:01.000",541,436.258,2080.07,-497.8,0
"high_flux_wetland_stem","2000-01-08 01:09:02.000",542,437.738,2082.72,-419.2,0
"high_flux_wetland_stem","2000-01-08 01:09:03.000",543,436.975,2072.86,-507,0
"high_flux_wetland_stem","2000-01-08 01:09:04.000",544,437.038,2061.08,-282.7,0
"high_flux_wetland_stem","2000-01-08 01:09:05.000",545,437.769,2051.33,-418.7,0
"high_flux_wetland_stem","2000-01-08 01:09:06.000",546,436.512,2074.81,-439.6,0
"high_flux_wetland_stem","2000-01-08 01:09:07.000",547,436.783,2110.92,-427.2,0
"high_flux_wetland_stem","2000-01-08 01:09:08.000",548,436.438,2142.65,-468.6,0
"high_flux_wetland_stem","2000-01-08 01:09:09.000",549,436.347,2165.65,-475.2,0
"high_flux_wetland_stem","2000-01-08 01:09:10.000",550,436.285,2184.44,-318,0
"high_flux_wetland_stem","2000-01-08 01:09:11.000",551,434.717,2197.68,-562.2,0
"high_flux_wetland_stem","2000-01-08 01:09:12.000",552,435.342,2200.81,-587.3,0
"high_flux_wetland_stem","2000-01-08 01:09:13.000",553,434.424,2178.63,-396.9,0
"high_flux_wetland_stem","2000-01-08 01:09:14.000",554,434.284,2146.13,-376.2,0
"high_flux_wetland_stem","2000-01-08 01:09:15.000",555,435.862,2103.36,-433,0
"high_flux_wetland_stem","2000-01-08 01:09:16.000",556,434.687,2063.18,-309.3,0
"high_flux_wetland_stem","2000-01-08 01:09:17.000",557,433.966,2042.43,-450.9,0
"high_flux_wetland_stem","2000-01-08 01:09:18.000",558,434.254,2033.04,-315.4,0
"high_flux_wetland_stem","2000-01-08 01:09:19.000",559,435.873,2020.29,-459.1,0
"high_flux_wetland_stem","2000-01-08 01:09:19.000",559,433.426,2009.4,-314.5,0
"high_flux_wetland_stem","2000-01-08 01:09:20.000",560,434.052,1994.42,-604.2,0
"high_flux_wetland_stem","2000-01-08 01:09:21.000",561,432.912,1984.69,-524.1,0
"high_flux_wetland_stem","2000-01-08 01:09:22.000",562,434.875,1976.13,-581.9,0
"high_flux_wetland_stem","2000-01-08 01:09:23.000",563,432.819,1976.54,-401.2,0
"high_flux_wetland_stem","2000-01-08 01:09:24.000",564,433.593,1985.82,-457.4,0
"high_flux_wetland_stem","2000-01-08 01:09:25.000",565,432.115,1994.8,-561.1,0
"high_flux_wetland_stem","2000-01-08 01:09:26.000",566,432.539,1998.63,-347.9,0
"high_flux_wetland_stem","2000-01-08 01:09:27.000",567,432.018,1996.73,-345.3,0
"high_flux_wetland_stem","2000-01-08 01:09:28.000",568,432.693,2001.63,-300.9,0
"high_flux_wetland_stem","2000-01-08 01:09:29.000",569,433.325,1998.41,-285.3,0
"high_flux_wetland_stem","2000-01-08 01:09:30.000",570,430.617,1993.09,-397.4,0
"high_flux_wetland_stem","2000-01-08 01:09:31.000",571,430.479,1982.7,-519.2,0
"high_flux_wetland_stem","2000-01-08 01:09:32.000",572,432.31,1971.38,-499.8,0
"high_flux_wetland_stem","2000-01-08 01:09:33.000",573,431.563,1965.74,-466.9,0
"high_flux_wetland_stem","2000-01-08 01:09:34.000",574,430.167,1956.51,-242.4,0
"high_flux_wetland_stem","2000-01-08 01:09:35.000",575,430.307,1949.09,-669,0
"high_flux_wetland_stem","2000-01-08 01:09:36.000",576,431.152,1947.12,-630.4,0
"high_flux_wetland_stem","2000-01-08 01:09:37.000",577,430.927,1946.05,-428.2,0
"high_flux_wetland_stem","2000-01-08 01:09:38.000",578,430.291,1942.6,-602.7,0
"high_flux_wetland_stem","2000-01-08 01:09:39.000",579,430.809,1943.12,-674.9,0
"high_flux_wetland_stem","2000-01-08 01:09:40.000",580,430.049,1944.47,-457.5,0
"high_flux_wetland_stem","2000-01-08 01:09:41.000",581,429.59,1943.33,-357.9,0
"high_flux_wetland_stem","2000-01-08 01:09:42.000",582,429.756,1953.07,-657.7,0
"high_flux_wetland_stem","2000-01-08 01:09:43.000",583,429.69,1957.53,-665.2,0
"high_flux_wetland_stem","2000-01-08 01:09:44.000",584,429.186,1967.82,-540.4,0
"high_flux_wetland_stem","2000-01-08 01:09:45.000",585,430.249,1969.87,-495.7,0
"high_flux_wetland_stem","2000-01-08 01:09:46.000",586,429.083,1968.29,-650.2,0
"high_flux_wetland_stem","2000-01-08 01:09:47.000",587,428.97,1970.47,-415.8,0
"high_flux_wetland_stem","2000-01-08 01:09:48.000",588,429.698,1967.61,-373.1,0
"high_flux_wetland_stem","2000-01-08 01:09:49.000",589,427.903,1961.03,-493,0
"high_flux_wetland_stem","2000-01-08 01:09:50.000",590,428.397,1957.9,-532.5,0
"high_flux_wetland_stem","2000-01-08 01:09:51.000",591,427.84,1954.76,-582.9,0
"high_flux_wetland_stem","2000-01-08 01:09:52.000",592,427.259,1949.24,-582.1,0
"high_flux_wetland_stem","2000-01-08 01:09:53.000",593,427.498,1946.67,-386.7,0
"high_flux_wetland_stem","2000-01-08 01:09:54.000",594,428.459,1942,-377.6,0
"high_flux_wetland_stem","2000-01-08 01:09:55.000",595,427.842,1942,-524,0
"high_flux_wetland_stem","2000-01-08 01:09:56.000",596,428.93,1940.28,-515,0
"high_flux_wetland_stem","2000-01-08 01:09:57.000",597,427.467,1932.95,-692.9,0
"high_flux_wetland_stem","2000-01-08 01:09:58.000",598,428.977,1935.84,-562.5,0
"high_flux_wetland_stem","2000-01-08 01:09:59.000",599,427.388,1933.27,-658.3,0
"high_flux_wetland_stem","2000-01-08 01:10:00.000",600,427.587,1936.5,-585.3,0
"ebullition_floating","2000-01-09 01:00:00.000",0,425.281,2482.47,7832.3,1
"ebullition_floating","2000-01-09 01:00:00.994",0.994,425.669,2486.74,7910.7,1
"ebullition_floating","2000-01-09 01:00:01.990",1.99,425.914,2492.55,7852.6,1
"ebullition_floating","2000-01-09 01:00:02.983",2.983,425.958,2494.09,7897.6,1
"ebullition_floating","2000-01-09 01:00:03.976",3.976,425.771,2501.47,7898.6,1
"ebullition_floating","2000-01-09 01:00:04.983",4.984,425.918,2506.95,7876.6,1
"ebullition_floating","2000-01-09 01:00:05.973",5.974,425.855,2509.33,7808.4,1
"ebullition_floating","2000-01-09 01:00:06.969",6.969,427.455,2518.31,7995.9,1
"ebullition_floating","2000-01-09 01:00:07.962",7.962,426.013,2521.92,8034.4,1
"ebullition_floating","2000-01-09 01:00:08.962",8.962,426.282,2523.67,7890.3,1
"ebullition_floating","2000-01-09 01:00:09.964",9.965,426.605,2529.15,7857.6,1
"ebullition_floating","2000-01-09 01:00:10.951",10.952,427.725,2533.26,7866.4,1
"ebullition_floating","2000-01-09 01:00:11.951",11.952,426.346,2537.51,7827.2,1
"ebullition_floating","2000-01-09 01:00:12.937",12.937,426.2,2541.81,7868,1
"ebullition_floating","2000-01-09 01:00:13.938",13.939,427.31,2547.7,7830.6,1
"ebullition_floating","2000-01-09 01:00:14.921",14.921,427.179,2551.14,7866.2,1
"ebullition_floating","2000-01-09 01:00:15.924",15.924,426.887,2559.69,7933.4,1
"ebullition_floating","2000-01-09 01:00:16.916",16.916,427.911,2558.03,7969.7,1
"ebullition_floating","2000-01-09 01:00:17.911",17.912,427.19,2566.78,7926.8,1
"ebullition_floating","2000-01-09 01:00:18.903",18.903,427.432,2569.98,7908.7,1
"ebullition_floating","2000-01-09 01:00:19.901",19.901,428.816,2574.64,7796.7,1
"ebullition_floating","2000-01-09 01:00:20.892",20.893,427.657,2576.73,7871.3,1
"ebullition_floating","2000-01-09 01:00:21.890",21.89,428.199,2582.81,7941.2,1
"ebullition_floating","2000-01-09 01:00:22.879",22.88,428.145,2585.52,7893.5,1
"ebullition_floating","2000-01-09 01:00:23.876",23.876,429.266,2593.08,7914.2,1
"ebullition_floating","2000-01-09 01:00:24.871",24.872,428.164,2597.09,7887.2,1
"ebullition_floating","2000-01-09 01:00:25.869",25.869,427.983,2599.53,7785.4,1
"ebullition_floating","2000-01-09 01:00:26.859",26.86,428.525,2604.47,7795.1,1
"ebullition_floating","2000-01-09 01:00:27.864",27.864,429.268,2606.79,7904.7,1
"ebullition_floating","2000-01-09 01:00:28.871",28.871,428.941,2616.3,7931.2,1
"ebullition_floating","2000-01-09 01:00:29.852",29.853,429.118,2616.26,7899.5,1
"ebullition_floating","2000-01-09 01:00:30.846",30.847,429.32,2622.8,7997.2,1
"ebullition_floating","2000-01-09 01:00:31.845",31.845,429.906,2624.53,7965.5,1
"ebullition_floating","2000-01-09 01:00:32.828",32.829,429.035,2631.78,8018,1
"ebullition_floating","2000-01-09 01:00:33.828",33.828,430.168,2634.53,7975.6,1
"ebullition_floating","2000-01-09 01:00:34.820",34.821,429.956,2637.03,7974.7,1
"ebullition_floating","2000-01-09 01:00:35.828",35.829,429.114,2643.19,7898.9,1
"ebullition_floating","2000-01-09 01:00:36.806",36.807,430.522,2655.95,7921.8,1
"ebullition_floating","2000-01-09 01:00:37.812",37.812,429.883,2697.86,7854.6,1
"ebullition_floating","2000-01-09 01:00:38.808",38.808,429.544,2767.78,7875.8,1
"ebullition_floating","2000-01-09 01:00:39.819",39.819,430.956,2846.24,7885.6,1
"ebullition_floating","2000-01-09 01:00:40.799",40.799,431.341,2930.64,8005.7,1
"ebullition_floating","2000-01-09 01:00:41.796",41.796,430.015,3043.04,7924.9,1
"ebullition_floating","2000-01-09 01:00:42.786",42.787,430.738,3187.07,7918.9,1
"ebullition_floating","2000-01-09 01:00:43.782",43.782,430.229,3346.9,7965.9,1
"ebullition_floating","2000-01-09 01:00:44.776",44.776,430.91,3493.4,7969.9,1
"ebullition_floating","2000-01-09 01:00:45.776",45.776,431.266,3606.58,7916.5,1
"ebullition_floating","2000-01-09 01:00:46.767",46.768,430.834,3687.25,7968.9,1
"ebullition_floating","2000-01-09 01:00:47.751",47.751,431.631,3733.48,7938.1,1
"ebullition_floating","2000-01-09 01:00:48.747",48.748,432.495,3760.58,7903.4,1
"ebullition_floating","2000-01-09 01:00:49.754",49.755,432.544,3774.33,7870.4,1
"ebullition_floating","2000-01-09 01:00:50.733",50.733,431.661,3778.98,7991.2,1
"ebullition_floating","2000-01-09 01:00:51.731",51.731,431.658,3783.59,8031.4,1
"ebullition_floating","2000-01-09 01:00:52.725",52.725,432.088,3785.53,7920.3,1
"ebullition_floating","2000-01-09 01:00:53.721",53.722,431.872,3782.14,7948.7,1
"ebullition_floating","2000-01-09 01:00:54.713",54.714,432.729,3782.63,7951.1,1
"ebullition_floating","2000-01-09 01:00:55.707",55.708,432.983,3786.25,7977,1
"ebullition_floating","2000-01-09 01:00:56.710",56.71,431.949,3786.15,7944.6,1
"ebullition_floating","2000-01-09 01:00:57.694",57.694,432.243,3791.23,8049,1
"ebullition_floating","2000-01-09 01:00:58.690",58.69,432.566,3793.37,8160.7,1
"ebullition_floating","2000-01-09 01:00:59.684",59.684,432.477,3802.15,8135.5,1
"ebullition_floating","2000-01-09 01:01:00.680",60.68,432.885,3808.01,8086.2,1
"ebullition_floating","2000-01-09 01:01:01.668",61.669,433.377,3811.3,8001.3,1
"ebullition_floating","2000-01-09 01:01:02.673",62.673,432.593,3817.74,7991.1,1
"ebullition_floating","2000-01-09 01:01:03.667",63.668,433.767,3824.14,7976.9,1
"ebullition_floating","2000-01-09 01:01:04.657",64.658,433.817,3829.72,8065.9,1
"ebullition_floating","2000-01-09 01:01:05.652",65.652,433.044,3834.63,8101.8,1
"ebullition_floating","2000-01-09 01:01:06.648",66.648,433.805,3840.67,8084.1,1
"ebullition_floating","2000-01-09 01:01:07.652",67.652,433.829,3843.13,7961,1
"ebullition_floating","2000-01-09 01:01:08.646",68.646,433.962,3852.69,8048.7,1
"ebullition_floating","2000-01-09 01:01:09.641",69.641,433.61,3854.72,8045.2,1
"ebullition_floating","2000-01-09 01:01:10.634",70.634,434.717,3862.19,8001.3,1
"ebullition_floating","2000-01-09 01:01:11.626",71.626,434.214,3868.7,8094.7,1
"ebullition_floating","2000-01-09 01:01:12.620",72.62,434.547,3870.86,8106.6,1
"ebullition_floating","2000-01-09 01:01:13.614",73.614,435.135,3875.54,8043.8,1
"ebullition_floating","2000-01-09 01:01:14.608",74.608,434.814,3880.77,8114,1
"ebullition_floating","2000-01-09 01:01:15.608",75.609,434.176,3886.22,8086.9,1
"ebullition_floating","2000-01-09 01:01:16.600",76.6,434.667,3891.73,8080.7,1
"ebullition_floating","2000-01-09 01:01:17.593",77.593,434.989,3892.86,8133.4,1
"ebullition_floating","2000-01-09 01:01:18.605",78.605,435.056,3896.83,8024.6,1
"ebullition_floating","2000-01-09 01:01:19.581",79.581,436.201,3902.48,8049.5,1
"ebullition_floating","2000-01-09 01:01:20.576",80.577,435.504,3909.42,8029.6,1
"ebullition_floating","2000-01-09 01:01:21.569",81.57,434.875,3916.49,8112.4,1
"ebullition_floating","2000-01-09 01:01:22.569",82.569,435.685,3915.79,8068.9,1
"ebullition_floating","2000-01-09 01:01:23.562",83.562,435.901,3918.59,8108.6,1
"ebullition_floating","2000-01-09 01:01:24.552",84.552,435.518,3921.37,8106.6,1
"ebullition_floating","2000-01-09 01:01:25.550",85.551,436.117,3928.2,8121.5,1
"ebullition_floating","2000-01-09 01:01:26.549",86.55,435.677,3931.76,8116.7,1
"ebullition_floating","2000-01-09 01:01:27.536",87.537,435.768,3936.23,8091.6,1
"ebullition_floating","2000-01-09 01:01:28.530",88.531,436.382,3938.46,8066.9,1
"ebullition_floating","2000-01-09 01:01:29.527",89.527,435.494,3946.43,8041.4,1
"ebullition_floating","2000-01-09 01:01:30.526",90.526,436.498,3950.59,8160.2,1
"ebullition_floating","2000-01-09 01:01:31.519",91.519,436.634,3951.69,8167.4,1
"ebullition_floating","2000-01-09 01:01:32.523",92.524,436.494,3954.46,8135.3,1
"ebullition_floating","2000-01-09 01:01:33.508",93.508,436.184,3963.17,8226.7,1
"ebullition_floating","2000-01-09 01:01:34.508",94.508,436.199,3965.83,8190.2,1
"ebullition_floating","2000-01-09 01:01:35.495",95.495,437.228,3967.82,8185.5,1
"ebullition_floating","2000-01-09 01:01:36.513",96.513,437.623,3972.88,8129,1
"ebullition_floating","2000-01-09 01:01:37.491",97.492,437.499,3978.49,8184.2,1
"ebullition_floating","2000-01-09 01:01:38.483",98.484,437.745,3981.6,8194.7,1
"ebullition_floating","2000-01-09 01:01:39.483",99.483,438.262,3985.21,8185.2,1
"ebullition_floating","2000-01-09 01:01:40.476",100.476,437.83,3989.64,8155.3,1
"ebullition_floating","2000-01-09 01:01:41.469",101.469,438.151,3991.75,8210.8,1
"ebullition_floating","2000-01-09 01:01:42.462",102.462,438.555,3997.27,8190.8,1
"ebullition_floating","2000-01-09 01:01:43.458",103.459,437.633,3998.44,8140.7,1
"ebullition_floating","2000-01-09 01:01:44.456",104.456,438.097,4004.89,8158.7,1
"ebullition_floating","2000-01-09 01:01:45.448",105.448,438.694,4003.47,8182.1,1
"ebullition_floating","2000-01-09 01:01:46.444",106.444,437.928,4011.79,8118.8,1
"ebullition_floating","2000-01-09 01:01:47.438",107.439,439.255,4013.77,8176,1
"ebullition_floating","2000-01-09 01:01:48.436",108.436,439.046,4016.34,8147,1
"ebullition_floating","2000-01-09 01:01:49.424",109.425,438.382,4023.13,8135.8,1
"ebullition_floating","2000-01-09 01:01:50.422",110.422,439.9,4026.95,8314.8,1
"ebullition_floating","2000-01-09 01:01:51.417",111.417,438.304,4029.04,8324.3,1
"ebullition_floating","2000-01-09 01:01:52.412",112.413,438.668,4034.39,8297.8,1
"ebullition_floating","2000-01-09 01:01:53.404",113.404,439.675,4035.74,8446.3,1
"ebullition_floating","2000-01-09 01:01:54.398",114.399,440.392,4044.02,8325.5,1
"ebullition_floating","2000-01-09 01:01:55.397",115.397,439.723,4045.29,8440,1
"ebullition_floating","2000-01-09 01:01:56.397",116.397,439.278,4051.34,8355.2,1
"ebullition_floating","2000-01-09 01:01:57.384",117.384,440.001,4053,8369,1
"ebullition_floating","2000-01-09 01:01:58.387",118.387,440.107,4053.24,8331.6,1
"ebullition_floating","2000-01-09 01:01:59.379",119.38,439.308,4061.31,8322.5,1
"ebullition_floating","2000-01-09 01:02:00.376",120.376,440.356,4061.66,8273.6,1
"ebullition_floating","2000-01-09 01:02:01.365",121.366,440.282,4062.88,8314.7,1
"ebullition_floating","2000-01-09 01:02:02.361",122.362,439.901,4068.27,8313.7,1
"ebullition_floating","2000-01-09 01:02:03.351",123.352,440.584,4072.15,8298.1,1
"ebullition_floating","2000-01-09 01:02:04.350",124.35,440.522,4077.76,8400,1
"ebullition_floating","2000-01-09 01:02:05.348",125.348,441.206,4082.4,8354.6,1
"ebullition_floating","2000-01-09 01:02:06.341",126.341,440.612,4084.49,8362.4,1
"ebullition_floating","2000-01-09 01:02:07.335",127.335,440.776,4086.61,8364.6,1
"ebullition_floating","2000-01-09 01:02:08.330",128.33,440.58,4089.89,8344.2,1
"ebullition_floating","2000-01-09 01:02:09.322",129.322,440.388,4092.88,8277.4,1
"ebullition_floating","2000-01-09 01:02:10.315",130.316,440.541,4098.75,8343.2,1
"ebullition_floating","2000-01-09 01:02:11.312",131.312,441.172,4102.51,8359.7,1
"ebullition_floating","2000-01-09 01:02:12.318",132.318,440.972,4104.85,8364.8,1
"ebullition_floating","2000-01-09 01:02:13.308",133.308,440.784,4106.19,8378,1
"ebullition_floating","2000-01-09 01:02:14.298",134.298,441.878,4113.9,8429.1,1
"ebullition_floating","2000-01-09 01:02:15.302",135.302,441.57,4115.8,8363.2,1
"ebullition_floating","2000-01-09 01:02:16.290",136.29,442.603,4119.27,8436.1,1
"ebullition_floating","2000-01-09 01:02:17.289",137.289,441.199,4122.11,8316.1,1
"ebullition_floating","2000-01-09 01:02:18.279",138.279,442.247,4125.98,8404,1
"ebullition_floating","2000-01-09 01:02:19.276",139.276,441.695,4125.44,8348.5,1
"ebullition_floating","2000-01-09 01:02:20.269",140.27,441.806,4132.72,8395.5,1
"ebullition_floating","2000-01-09 01:02:21.272",141.272,441.697,4136.76,8400,1
"ebullition_floating","2000-01-09 01:02:22.259",142.259,442.335,4141.84,8406.8,1
"ebullition_floating","2000-01-09 01:02:23.254",143.255,442.441,4146.52,8348.6,1
"ebullition_floating","2000-01-09 01:02:24.256",144.256,443.204,4148.04,8353.9,1
"ebullition_floating","2000-01-09 01:02:25.240",145.24,442.199,4151.08,8346.4,1
"ebullition_floating","2000-01-09 01:02:26.240",146.24,442.168,4154.03,8515.9,1
"ebullition_floating","2000-01-09 01:02:27.236",147.236,442.575,4154.32,8331.9,1
"ebullition_floating","2000-01-09 01:02:28.229",148.229,442.996,4163.52,8378.7,1
"ebullition_floating","2000-01-09 01:02:29.226",149.227,442.397,4163.46,8448.6,1
"ebullition_floating","2000-01-09 01:02:30.214",150.215,443.986,4167.56,8435.2,1
"ebullition_floating","2000-01-09 01:02:31.207",151.208,443.187,4168.53,8421.7,1
"ebullition_floating","2000-01-09 01:02:32.201",152.202,443.64,4177.44,8446.8,1
"ebullition_floating","2000-01-09 01:02:33.200",153.201,443.866,4180.49,8373.6,1
"ebullition_floating","2000-01-09 01:02:34.201",154.202,443.332,4182.55,8467.5,1
"ebullition_floating","2000-01-09 01:02:35.188",155.189,442.898,4184.75,8394.6,1
"ebullition_floating","2000-01-09 01:02:36.185",156.185,442.824,4187.25,8385.2,1
"ebullition_floating","2000-01-09 01:02:37.180",157.18,443.762,4190.89,8480.5,1
"ebullition_floating","2000-01-09 01:02:38.171",158.171,444.023,4193.84,8413.6,1
"ebullition_floating","2000-01-09 01:02:39.161",159.162,443.347,4200.33,8451.7,1
"ebullition_floating","2000-01-09 01:02:40.159",160.159,443.758,4201.48,8425.8,1
"ebullition_floating","2000-01-09 01:02:41.155",161.156,444.417,4206.96,8487,1
"ebullition_floating","2000-01-09 01:02:42.152",162.152,443.799,4208.62,8475.9,1
"ebullition_floating","2000-01-09 01:02:43.144",163.145,444.833,4211.44,8496.4,1
"ebullition_floating","2000-01-09 01:02:44.139",164.139,444.383,4212.15,8481.7,1
"ebullition_floating","2000-01-09 01:02:45.141",165.142,444.63,4221.27,8443.8,1
"ebullition_floating","2000-01-09 01:02:46.129",166.13,445.385,4222.36,8480,1
"ebullition_floating","2000-01-09 01:02:47.127",167.127,445.112,4225.73,8498.6,1
"ebullition_floating","2000-01-09 01:02:48.114",168.114,445.321,4228.42,8476,1
"ebullition_floating","2000-01-09 01:02:49.114",169.114,445.617,4233.45,8470.3,1
"ebullition_floating","2000-01-09 01:02:50.107",170.107,445.063,4238.77,8468,1
"ebullition_floating","2000-01-09 01:02:51.107",171.107,445.005,4239.52,8454.8,1
"ebullition_floating","2000-01-09 01:02:52.105",172.105,445.575,4245.1,8585.6,1
"ebullition_floating","2000-01-09 01:02:53.095",173.095,444.979,4247.05,8494,1
"ebullition_floating","2000-01-09 01:02:54.081",174.081,445.247,4251.27,8437.1,1
"ebullition_floating","2000-01-09 01:02:55.078",175.079,446.41,4254.77,8556.6,1
"ebullition_floating","2000-01-09 01:02:56.069",176.07,446.074,4258.38,8383.8,1
"ebullition_floating","2000-01-09 01:02:57.069",177.07,446.409,4263.61,8529,1
"ebullition_floating","2000-01-09 01:02:58.065",178.065,445.308,4267.85,8544.6,1
"ebullition_floating","2000-01-09 01:02:59.059",179.059,446.58,4270.85,8511.7,1
"ebullition_floating","2000-01-09 01:03:00.052",180.052,446.9,4269.18,8425.4,1
"ebullition_floating","2000-01-09 01:03:01.045",181.045,446.698,4275.71,8574.2,1
"ebullition_floating","2000-01-09 01:03:02.047",182.047,447.071,4283.74,8545.5,1
"ebullition_floating","2000-01-09 01:03:03.035",183.035,446.849,4284.68,8520.4,1
"ebullition_floating","2000-01-09 01:03:04.030",184.031,446.923,4288.24,8496.4,1
"ebullition_floating","2000-01-09 01:03:05.019",185.019,446.893,4290.21,8558.1,1
"ebullition_floating","2000-01-09 01:03:06.017",186.018,447.054,4296.91,8532.1,1
"ebullition_floating","2000-01-09 01:03:07.013",187.013,446.926,4297.07,8519.6,1
"ebullition_floating","2000-01-09 01:03:08.009",188.009,447.398,4304.93,8564.7,1
"ebullition_floating","2000-01-09 01:03:09.000",189,447.573,4305.96,8552.2,1
"ebullition_floating","2000-01-09 01:03:10.003",190.004,446.95,4310.31,8489,1
"ebullition_floating","2000-01-09 01:03:10.986",190.987,447.262,4314,8517.8,1
"ebullition_floating","2000-01-09 01:03:11.990",191.99,447.524,4313.01,8538.6,1
"ebullition_floating","2000-01-09 01:03:12.979",192.979,448.031,4320.01,8576.4,1
"ebullition_floating","2000-01-09 01:03:13.976",193.976,447.808,4326.17,8589.6,1
"ebullition_floating","2000-01-09 01:03:14.966",194.966,448.123,4328.45,8652.3,1
"ebullition_floating","2000-01-09 01:03:15.969",195.969,448.527,4333.62,8646.1,1
"ebullition_floating","2000-01-09 01:03:16.957",196.958,448.15,4333.62,8630.5,1
"ebullition_floating","2000-01-09 01:03:17.949",197.949,448.75,4338.37,8540.1,1
"ebullition_floating","2000-01-09 01:03:18.953",198.953,448.45,4341.08,8611.9,1
"ebullition_floating","2000-01-09 01:03:19.950",199.951,447.689,4346.3,8711.2,1
"ebullition_floating","2000-01-09 01:03:20.937",200.937,448.412,4350.76,8627.3,1
"ebullition_floating","2000-01-09 01:03:21.925",201.926,448.198,4349.45,8569.6,1
"ebullition_floating","2000-01-09 01:03:22.931",202.932,449.346,4356.97,8569.9,1
"ebullition_floating","2000-01-09 01:03:23.924",203.925,448.801,4363.53,8648.7,1
"ebullition_floating","2000-01-09 01:03:24.922",204.922,448.785,4365.73,8651.7,1
"ebullition_floating","2000-01-09 01:03:25.911",205.912,449.258,4369.77,8642.7,1
"ebullition_floating","2000-01-09 01:03:26.911",206.911,449.894,4375.02,8543.1,1
"ebullition_floating","2000-01-09 01:03:27.904",207.905,448.511,4374.39,8665.8,1
"ebullition_floating","2000-01-09 01:03:28.902",208.902,450.555,4380.55,8642.9,1
"ebullition_floating","2000-01-09 01:03:29.896",209.896,450.197,4382.09,8614.4,1
"ebullition_floating","2000-01-09 01:03:30.894",210.894,449.406,4389.12,8606.8,1
"ebullition_floating","2000-01-09 01:03:31.881",211.881,449.75,4387.55,8641,1
"ebullition_floating","2000-01-09 01:03:32.872",212.873,450.325,4391.85,8580.1,1
"ebullition_floating","2000-01-09 01:03:33.870",213.87,450.479,4395.32,8623.2,1
"ebullition_floating","2000-01-09 01:03:34.870",214.87,449.898,4399.37,8559.2,1
"ebullition_floating","2000-01-09 01:03:35.871",215.871,450.532,4401.31,8645.4,1
"ebullition_floating","2000-01-09 01:03:36.861",216.861,451.329,4406.42,8619.8,1
"ebullition_floating","2000-01-09 01:03:37.855",217.855,450.281,4411.62,8611,1
"ebullition_floating","2000-01-09 01:03:38.851",218.851,450.72,4413.22,8525.7,1
"ebullition_floating","2000-01-09 01:03:39.848",219.848,449.973,4416.91,8670.4,1
"ebullition_floating","2000-01-09 01:03:40.836",220.836,450.826,4419.32,8573.3,1
"ebullition_floating","2000-01-09 01:03:41.841",221.841,451.905,4426.62,8627.8,1
"ebullition_floating","2000-01-09 01:03:42.838",222.838,451.549,4429.27,8631.8,1
"ebullition_floating","2000-01-09 01:03:43.822",223.822,451.392,4431.87,8631.7,1
"ebullition_floating","2000-01-09 01:03:44.818",224.818,450.794,4435.29,8690.8,1
"ebullition_floating","2000-01-09 01:03:45.812",225.813,450.267,4436.36,8709.1,1
"ebullition_floating","2000-01-09 01:03:46.810",226.81,452.349,4447.45,8654.4,1
"ebullition_floating","2000-01-09 01:03:47.804",227.804,451.697,4445.55,8664.9,1
"ebullition_floating","2000-01-09 01:03:48.799",228.8,451.623,4448.37,8739.9,1
"ebullition_floating","2000-01-09 01:03:49.805",229.806,451.099,4452.53,8702.3,1
"ebullition_floating","2000-01-09 01:03:50.787",230.788,452.425,4453.54,8640.2,1
"ebullition_floating","2000-01-09 01:03:51.782",231.782,452.796,4460.99,8551.5,1
"ebullition_floating","2000-01-09 01:03:52.773",232.774,451.969,4463.16,8688.9,1
"ebullition_floating","2000-01-09 01:03:53.769",233.769,453.418,4466.98,8644.5,1
"ebullition_floating","2000-01-09 01:03:54.762",234.762,452.167,4466.62,8620.1,1
"ebullition_floating","2000-01-09 01:03:55.760",235.761,452.715,4473.14,8666.3,1
"ebullition_floating","2000-01-09 01:03:56.757",236.757,452.565,4480.36,8693.7,1
"ebullition_floating","2000-01-09 01:03:57.750",237.75,453.491,4480.32,8663.9,1
"ebullition_floating","2000-01-09 01:03:58.740",238.74,454.016,4482.86,8532.1,1
"ebullition_floating","2000-01-09 01:03:59.739",239.739,453.482,4485.31,8690.2,1
"ebullition_floating","2000-01-09 01:04:00.736",240.736,453.092,4491.2,8772.4,1
"ebullition_floating","2000-01-09 01:04:01.725",241.725,454.326,4494.06,8743.3,1
"ebullition_floating","2000-01-09 01:04:02.720",242.721,453.507,4496.28,8711.5,1
"ebullition_floating","2000-01-09 01:04:03.718",243.718,454.115,4500.14,8762,1
"ebullition_floating","2000-01-09 01:04:04.721",244.722,453.675,4504.04,8802.2,1
"ebullition_floating","2000-01-09 01:04:05.705",245.705,455.318,4508.43,8723.8,1
"ebullition_floating","2000-01-09 01:04:06.703",246.703,454.072,4509.59,8746.6,1
"ebullition_floating","2000-01-09 01:04:07.700",247.7,454.168,4514.43,8810.8,1
"ebullition_floating","2000-01-09 01:04:08.693",248.693,453.788,4517.66,8863.5,1
"ebullition_floating","2000-01-09 01:04:09.688",249.689,454.469,4518.82,8735.8,1
"ebullition_floating","2000-01-09 01:04:10.684",250.684,454.373,4521.42,8755.1,1
"ebullition_floating","2000-01-09 01:04:11.681",251.682,454.062,4528.05,8731,1
"ebullition_floating","2000-01-09 01:04:12.668",252.669,454.189,4530.16,8774.5,1
"ebullition_floating","2000-01-09 01:04:13.664",253.664,454.828,4534.62,8768.2,1
"ebullition_floating","2000-01-09 01:04:14.661",254.661,453.517,4535.17,8717.2,1
"ebullition_floating","2000-01-09 01:04:15.657",255.657,455.071,4539.42,8771.9,1
"ebullition_floating","2000-01-09 01:04:16.660",256.66,455.101,4544.45,8652.9,1
"ebullition_floating","2000-01-09 01:04:17.648",257.648,454.965,4548.11,8717.2,1
"ebullition_floating","2000-01-09 01:04:18.642",258.643,455.322,4553.46,8833.5,1
"ebullition_floating","2000-01-09 01:04:19.635",259.636,454.817,4552.93,8738.8,1
"ebullition_floating","2000-01-09 01:04:20.641",260.641,455.223,4560.37,8780.5,1
"ebullition_floating","2000-01-09 01:04:21.632",261.632,454.9,4563.83,8808.6,1
"ebullition_floating","2000-01-09 01:04:22.615",262.616,455.471,4569.52,8818.8,1
"ebullition_floating","2000-01-09 01:04:23.611",263.611,455.831,4570.68,8848.3,1
"ebullition_floating","2000-01-09 01:04:24.605",264.605,456.337,4570.98,8812.5,1
"ebullition_floating","2000-01-09 01:04:25.605",265.605,455.848,4577.57,8834.5,1
"ebullition_floating","2000-01-09 01:04:26.596",266.597,455.116,4580.41,8817.5,1
"ebullition_floating","2000-01-09 01:04:27.592",267.592,456.615,4583.74,8799,1
"ebullition_floating","2000-01-09 01:04:28.588",268.589,455.296,4588.63,8899.9,1
"ebullition_floating","2000-01-09 01:04:29.578",269.579,456.861,4589.21,8779.5,1
"ebullition_floating","2000-01-09 01:04:30.570",270.571,457.128,4593.53,8892.7,1
"ebullition_floating","2000-01-09 01:04:31.567",271.567,456.089,4596.45,8704.4,1
"ebullition_floating","2000-01-09 01:04:32.562",272.563,456.817,4598.3,8768.8,1
"ebullition_floating","2000-01-09 01:04:33.563",273.564,456.92,4603.59,8827.3,1
"ebullition_floating","2000-01-09 01:04:34.554",274.554,456.957,4609.88,8917.6,1
"ebullition_floating","2000-01-09 01:04:35.555",275.555,457.065,4613.49,8973.9,1
"emission_li7810_stem","2000-01-10 00:57:00.000",-180,866.3217,2086.584,29375.9,0
"emission_li7810_stem","2000-01-10 00:57:01.000",-179,866.8623,2086.738,29378,0
"emission_li7810_stem","2000-01-10 00:57:02.000",-178,867.1772,2086.464,29377.6,0
"emission_li7810_stem","2000-01-10 00:57:03.000",-177,867.8187,2086.624,29377.7,0
"emission_li7810_stem","2000-01-10 00:57:04.000",-176,868.5322,2086.951,29379.4,0
"emission_li7810_stem","2000-01-10 00:57:05.000",-175,869.2591,2086.739,29381.9,0
"emission_li7810_stem","2000-01-10 00:57:06.000",-174,869.2987,2086.873,29384.8,0
"emission_li7810_stem","2000-01-10 00:57:07.000",-173,867.1297,2086.487,29387.7,0
"emission_li7810_stem","2000-01-10 00:57:08.000",-172,790.5525,2072.51,29389,0
"emission_li7810_stem","2000-01-10 00:57:09.000",-171,649.0829,2043.88,29387.1,0
"emission_li7810_stem","2000-01-10 00:57:10.000",-170,558.6262,2018.774,29390.3,0
"emission_li7810_stem","2000-01-10 00:57:11.000",-169,532.431,2009.027,29388.5,0
"emission_li7810_stem","2000-01-10 00:57:12.000",-168,519.9142,2004.393,29390.8,0
"emission_li7810_stem","2000-01-10 00:57:13.000",-167,493.0568,1996.755,29392.1,0
"emission_li7810_stem","2000-01-10 00:57:14.000",-166,475.5166,1992.188,29395.6,0
"emission_li7810_stem","2000-01-10 00:57:15.000",-165,450.748,1986.065,29396.3,0
"emission_li7810_stem","2000-01-10 00:57:16.000",-164,438.5332,1984.583,29403.9,0
"emission_li7810_stem","2000-01-10 00:57:17.000",-163,442.0531,1987.457,29408.9,0
"emission_li7810_stem","2000-01-10 00:57:18.000",-162,442.9811,1987.045,29414.2,0
"emission_li7810_stem","2000-01-10 00:57:19.000",-161,439.6214,1983.54,29409.9,0
"emission_li7810_stem","2000-01-10 00:57:20.000",-160,433.7114,1980.883,29409.8,0
"emission_li7810_stem","2000-01-10 00:57:21.000",-159,429.7623,1977.977,29409.9,0
"emission_li7810_stem","2000-01-10 00:57:22.000",-158,428.6392,1976.209,29409.1,0
"emission_li7810_stem","2000-01-10 00:57:23.000",-157,443.8934,1978.882,29407.6,0
"emission_li7810_stem","2000-01-10 00:57:24.000",-156,466.4243,1986.457,29405.3,0
"emission_li7810_stem","2000-01-10 00:57:25.000",-155,469.3618,1993.248,29404.5,0
"emission_li7810_stem","2000-01-10 00:57:26.000",-154,472.5414,1995.963,29403.5,0
"emission_li7810_stem","2000-01-10 00:57:27.000",-153,481.896,2000.766,29402.6,0
"emission_li7810_stem","2000-01-10 00:57:28.000",-152,495.1262,2008.079,29403.3,0
"emission_li7810_stem","2000-01-10 00:57:29.000",-151,501.6005,2011.863,29405.7,0
"emission_li7810_stem","2000-01-10 00:57:30.000",-150,510.9993,2009.958,29414.1,0
"emission_li7810_stem","2000-01-10 00:57:31.000",-149,561.9926,2018.493,29416,0
"emission_li7810_stem","2000-01-10 00:57:32.000",-148,759.3254,2065.374,29417.2,0
"emission_li7810_stem","2000-01-10 00:57:33.000",-147,650.81,2038.821,29426.5,0
"emission_li7810_stem","2000-01-10 00:57:34.000",-146,595.3707,2027.865,29432.4,0
"emission_li7810_stem","2000-01-10 00:57:35.000",-145,590.1988,2026.419,29438.8,0
"emission_li7810_stem","2000-01-10 00:57:36.000",-144,588.7197,2025.837,29443.8,0
"emission_li7810_stem","2000-01-10 00:57:37.000",-143,588.9496,2025.938,29447,0
"emission_li7810_stem","2000-01-10 00:57:38.000",-142,590.6118,2026.278,29449.5,0
"emission_li7810_stem","2000-01-10 00:57:39.000",-141,591.42,2026.278,29452.1,0
"emission_li7810_stem","2000-01-10 00:57:40.000",-140,589.11,2026.044,29454.1,0
"emission_li7810_stem","2000-01-10 00:57:41.000",-139,587.001,2025.937,29457.5,0
"emission_li7810_stem","2000-01-10 00:57:42.000",-138,585.717,2025.544,29459.6,0
"emission_li7810_stem","2000-01-10 00:57:43.000",-137,584.8882,2025.558,29465.5,0
"emission_li7810_stem","2000-01-10 00:57:44.000",-136,583.4623,2025.278,29473.3,0
"emission_li7810_stem","2000-01-10 00:57:45.000",-135,582.4568,2025.522,29478,0
"emission_li7810_stem","2000-01-10 00:57:46.000",-134,579.8552,2024.982,29482.2,0
"emission_li7810_stem","2000-01-10 00:57:47.000",-133,579.4042,2025.275,29489.1,0
"emission_li7810_stem","2000-01-10 00:57:48.000",-132,580.3893,2025.533,29487.4,0
"emission_li7810_stem","2000-01-10 00:57:49.000",-131,580.9492,2026.351,29489.7,0
"emission_li7810_stem","2000-01-10 00:57:50.000",-130,583.1235,2026.956,29493.4,0
"emission_li7810_stem","2000-01-10 00:57:51.000",-129,585.4779,2027.812,29496.5,0
"emission_li7810_stem","2000-01-10 00:57:52.000",-128,586.4371,2028.235,29499.5,0
"emission_li7810_stem","2000-01-10 00:57:53.000",-127,588.5849,2028.796,29504.2,0
"emission_li7810_stem","2000-01-10 00:57:54.000",-126,589.8027,2029.109,29508.3,0
"emission_li7810_stem","2000-01-10 00:57:55.000",-125,590.3146,2029.561,29513.8,0
"emission_li7810_stem","2000-01-10 00:57:56.000",-124,590.7927,2029.559,29522.6,0
"emission_li7810_stem","2000-01-10 00:57:57.000",-123,592.6434,2030.259,29533,0
"emission_li7810_stem","2000-01-10 00:57:58.000",-122,593.5365,2030.626,29541.4,0
"emission_li7810_stem","2000-01-10 00:57:59.000",-121,595.1926,2031.121,29550.1,0
"emission_li7810_stem","2000-01-10 00:58:00.000",-120,596.4028,2031.735,29559.4,0
"emission_li7810_stem","2000-01-10 00:58:01.000",-119,598.7541,2032.031,29565.4,0
"emission_li7810_stem","2000-01-10 00:58:02.000",-118,599.299,2032.796,29574.3,0
"emission_li7810_stem","2000-01-10 00:58:03.000",-117,598.5493,2033.475,29578.5,0
"emission_li7810_stem","2000-01-10 00:58:04.000",-116,597.1992,2033.957,29584,0
"emission_li7810_stem","2000-01-10 00:58:05.000",-115,596.3716,2035.346,29590.2,0
"emission_li7810_stem","2000-01-10 00:58:06.000",-114,594.6121,2037.066,29593.2,0
"emission_li7810_stem","2000-01-10 00:58:07.000",-113,593.0225,2038.65,29598,0
"emission_li7810_stem","2000-01-10 00:58:08.000",-112,592.6196,2039.334,29605.1,0
"emission_li7810_stem","2000-01-10 00:58:09.000",-111,592.9862,2039.611,29611,0
"emission_li7810_stem","2000-01-10 00:58:10.000",-110,594.1524,2039.249,29616.8,0
"emission_li7810_stem","2000-01-10 00:58:11.000",-109,592.4857,2039.12,29620.1,0
"emission_li7810_stem","2000-01-10 00:58:12.000",-108,594.0278,2039.649,29625.4,0
"emission_li7810_stem","2000-01-10 00:58:13.000",-107,617.4593,2045.129,29629.2,0
"emission_li7810_stem","2000-01-10 00:58:14.000",-106,635.9998,2049.929,29632.1,0
"emission_li7810_stem","2000-01-10 00:58:15.000",-105,627.1628,2049.258,29635.8,0
"emission_li7810_stem","2000-01-10 00:58:16.000",-104,611.3824,2048.123,29642.1,0
"emission_li7810_stem","2000-01-10 00:58:17.000",-103,598.2996,2051.988,29646,0
"emission_li7810_stem","2000-01-10 00:58:18.000",-102,587.5919,2057.382,29653.2,0
"emission_li7810_stem","2000-01-10 00:58:19.000",-101,582.3785,2060.31,29661.7,0
"emission_li7810_stem","2000-01-10 00:58:20.000",-100,582.5896,2061.342,29665.4,0
"emission_li7810_stem","2000-01-10 00:58:21.000",-99,583.9141,2061.852,29672.7,0
"emission_li7810_stem","2000-01-10 00:58:22.000",-98,585.596,2062.402,29678.5,0
"emission_li7810_stem","2000-01-10 00:58:23.000",-97,584.9529,2063.218,29683,0
"emission_li7810_stem","2000-01-10 00:58:24.000",-96,583.6018,2062.892,29689.8,0
"emission_li7810_stem","2000-01-10 00:58:25.000",-95,582.9251,2062.09,29697.8,0
"emission_li7810_stem","2000-01-10 00:58:26.000",-94,585.5455,2060.724,29702.7,0
"emission_li7810_stem","2000-01-10 00:58:27.000",-93,591.0338,2059.84,29710.6,0
"emission_li7810_stem","2000-01-10 00:58:28.000",-92,595.3224,2059.139,29717.9,0
"emission_li7810_stem","2000-01-10 00:58:29.000",-91,601.4276,2059.047,29724.8,0
"emission_li7810_stem","2000-01-10 00:58:30.000",-90,606.0029,2058.859,29730.7,0
"emission_li7810_stem","2000-01-10 00:58:31.000",-89,610.7516,2058.651,29737,0
"emission_li7810_stem","2000-01-10 00:58:32.000",-88,613.2928,2059.093,29739,0
"emission_li7810_stem","2000-01-10 00:58:33.000",-87,614.3384,2059.44,29741,0
"emission_li7810_stem","2000-01-10 00:58:34.000",-86,616.2059,2059.463,29740.6,0
"emission_li7810_stem","2000-01-10 00:58:35.000",-85,616.4274,2059.817,29740.5,0
"emission_li7810_stem","2000-01-10 00:58:36.000",-84,615.8303,2059.609,29738.8,0
"emission_li7810_stem","2000-01-10 00:58:37.000",-83,614.5654,2059.519,29735.3,0
"emission_li7810_stem","2000-01-10 00:58:38.000",-82,613.7504,2059.007,29730.4,0
"emission_li7810_stem","2000-01-10 00:58:39.000",-81,611.3308,2059.11,29726.2,0
"emission_li7810_stem","2000-01-10 00:58:40.000",-80,609.7543,2058.389,29723.4,0
"emission_li7810_stem","2000-01-10 00:58:41.000",-79,608.3964,2057.981,29718.8,0
"emission_li7810_stem","2000-01-10 00:58:42.000",-78,606.4642,2057.308,29714.3,0
"emission_li7810_stem","2000-01-10 00:58:43.000",-77,603.7597,2057.071,29713.3,0
"emission_li7810_stem","2000-01-10 00:58:44.000",-76,604.0375,2056.937,29707.5,0
"emission_li7810_stem","2000-01-10 00:58:45.000",-75,604.1804,2057.184,29707.1,0
"emission_li7810_stem","2000-01-10 00:58:46.000",-74,605.4165,2057.126,29705.3,0
"emission_li7810_stem","2000-01-10 00:58:47.000",-73,605.9174,2057.829,29705.6,0
"emission_li7810_stem","2000-01-10 00:58:48.000",-72,607.1336,2058.094,29703.5,0
"emission_li7810_stem","2000-01-10 00:58:49.000",-71,609.5315,2058.734,29705.4,0
"emission_li7810_stem","2000-01-10 00:58:50.000",-70,611.3165,2059.327,29704.2,0
"emission_li7810_stem","2000-01-10 00:58:51.000",-69,613.7521,2059.772,29702.7,0
"emission_li7810_stem","2000-01-10 00:58:52.000",-68,614.0382,2060.494,29704.2,0
"emission_li7810_stem","2000-01-10 00:58:53.000",-67,614.6044,2060.899,29702.2,0
"emission_li7810_stem","2000-01-10 00:58:54.000",-66,615.8611,2060.814,29702.4,0
"emission_li7810_stem","2000-01-10 00:58:55.000",-65,616.3644,2061.098,29702.2,0
"emission_li7810_stem","2000-01-10 00:58:56.000",-64,617.4625,2061.358,29700.1,0
"emission_li7810_stem","2000-01-10 00:58:57.000",-63,617.7112,2061.749,29700.3,0
"emission_li7810_stem","2000-01-10 00:58:58.000",-62,618.2269,2062.194,29698.4,0
"emission_li7810_stem","2000-01-10 00:58:59.000",-61,619.3785,2062.503,29697,0
"emission_li7810_stem","2000-01-10 00:59:00.000",-60,619.1898,2062.766,29696,0
"emission_li7810_stem","2000-01-10 00:59:01.000",-59,619.3227,2062.824,29694.7,0
"emission_li7810_stem","2000-01-10 00:59:02.000",-58,618.5689,2063.163,29694.7,0
"emission_li7810_stem","2000-01-10 00:59:03.000",-57,620.1569,2063.651,29693.5,0
"emission_li7810_stem","2000-01-10 00:59:04.000",-56,620.8084,2064.115,29692.9,0
"emission_li7810_stem","2000-01-10 00:59:05.000",-55,622.975,2064.759,29689,0
"emission_li7810_stem","2000-01-10 00:59:06.000",-54,623.7617,2064.905,29687.6,0
"emission_li7810_stem","2000-01-10 00:59:07.000",-53,624.5842,2065.965,29685.7,0
"emission_li7810_stem","2000-01-10 00:59:08.000",-52,625.6999,2066.092,29683.8,0
"emission_li7810_stem","2000-01-10 00:59:09.000",-51,626.713,2066.462,29679,0
"emission_li7810_stem","2000-01-10 00:59:10.000",-50,627.8803,2066.98,29676.6,0
"emission_li7810_stem","2000-01-10 00:59:11.000",-49,628.676,2067.523,29670.4,0
"emission_li7810_stem","2000-01-10 00:59:12.000",-48,629.5886,2067.948,29661.4,0
"emission_li7810_stem","2000-01-10 00:59:13.000",-47,629.778,2068.389,29656.2,0
"emission_li7810_stem","2000-01-10 00:59:14.000",-46,630.961,2068.757,29650.5,0
"emission_li7810_stem","2000-01-10 00:59:15.000",-45,630.7996,2069.083,29644.6,0
"emission_li7810_stem","2000-01-10 00:59:16.000",-44,631.3987,2069.268,29636,0
"emission_li7810_stem","2000-01-10 00:59:17.000",-43,633.671,2069.736,29627.1,0
"emission_li7810_stem","2000-01-10 00:59:18.000",-42,633.6269,2070.042,29619.7,0
"emission_li7810_stem","2000-01-10 00:59:19.000",-41,633.8533,2070.38,29610.9,0
"emission_li7810_stem","2000-01-10 00:59:20.000",-40,634.3642,2070.47,29603.5,0
"emission_li7810_stem","2000-01-10 00:59:21.000",-39,635.4108,2070.91,29597.2,0
"emission_li7810_stem","2000-01-10 00:59:22.000",-38,635.7377,2071.326,29587.4,0
"emission_li7810_stem","2000-01-10 00:59:23.000",-37,636.3372,2071.558,29580.2,0
"emission_li7810_stem","2000-01-10 00:59:24.000",-36,637.4453,2071.704,29576.9,0
"emission_li7810_stem","2000-01-10 00:59:25.000",-35,638.5071,2072.114,29573.5,0
"emission_li7810_stem","2000-01-10 00:59:26.000",-34,638.2769,2072.487,29573.2,0
"emission_li7810_stem","2000-01-10 00:59:27.000",-33,639.8252,2072.759,29571.1,0
"emission_li7810_stem","2000-01-10 00:59:28.000",-32,640.5864,2073.014,29570,0
"emission_li7810_stem","2000-01-10 00:59:29.000",-31,641.1733,2073.684,29571.9,0
"emission_li7810_stem","2000-01-10 00:59:30.000",-30,641.7607,2073.792,29567,0
"emission_li7810_stem","2000-01-10 00:59:31.000",-29,641.6158,2074.211,29565.4,0
"emission_li7810_stem","2000-01-10 00:59:32.000",-28,643.3975,2074.693,29561.7,0
"emission_li7810_stem","2000-01-10 00:59:33.000",-27,644.3101,2074.904,29559.6,0
"emission_li7810_stem","2000-01-10 00:59:34.000",-26,644.5341,2075.46,29559.1,0
"emission_li7810_stem","2000-01-10 00:59:35.000",-25,645.6312,2075.742,29559.1,0
"emission_li7810_stem","2000-01-10 00:59:36.000",-24,646.7057,2075.924,29557.7,0
"emission_li7810_stem","2000-01-10 00:59:37.000",-23,646.4282,2076.221,29560.3,0
"emission_li7810_stem","2000-01-10 00:59:38.000",-22,646.955,2076.657,29563.4,0
"emission_li7810_stem","2000-01-10 00:59:39.000",-21,647.9456,2077.048,29564.6,0
"emission_li7810_stem","2000-01-10 00:59:40.000",-20,648.3507,2077.267,29569.5,0
"emission_li7810_stem","2000-01-10 00:59:41.000",-19,649.2354,2077.792,29568.9,0
"emission_li7810_stem","2000-01-10 00:59:42.000",-18,650.0442,2077.72,29571.3,0
"emission_li7810_stem","2000-01-10 00:59:43.000",-17,650.398,2078.599,29573.2,0
"emission_li7810_stem","2000-01-10 00:59:44.000",-16,650.093,2078.729,29573.2,0
"emission_li7810_stem","2000-01-10 00:59:45.000",-15,651.4394,2079.054,29576.9,0
"emission_li7810_stem","2000-01-10 00:59:46.000",-14,651.908,2079.671,29580.5,0
"emission_li7810_stem","2000-01-10 00:59:47.000",-13,653.0288,2079.612,29581.2,0
"emission_li7810_stem","2000-01-10 00:59:48.000",-12,653.6765,2079.998,29584.5,0
"emission_li7810_stem","2000-01-10 00:59:49.000",-11,653.8586,2080.19,29588,0
"emission_li7810_stem","2000-01-10 00:59:50.000",-10,654.715,2080.79,29591.8,1
"emission_li7810_stem","2000-01-10 00:59:51.000",-9,655.3771,2081.102,29593.2,1
"emission_li7810_stem","2000-01-10 00:59:52.000",-8,657.2982,2081.531,29596.6,1
"emission_li7810_stem","2000-01-10 00:59:53.000",-7,657.1797,2081.71,29596.3,1
"emission_li7810_stem","2000-01-10 00:59:54.000",-6,657.624,2082.18,29595.9,1
"emission_li7810_stem","2000-01-10 00:59:55.000",-5,658.0053,2082.685,29596.8,1
"emission_li7810_stem","2000-01-10 00:59:56.000",-4,658.8294,2082.848,29596.5,1
"emission_li7810_stem","2000-01-10 00:59:57.000",-3,659.0781,2083.084,29596.2,1
"emission_li7810_stem","2000-01-10 00:59:58.000",-2,660.4199,2083.626,29595.4,1
"emission_li7810_stem","2000-01-10 00:59:59.000",-1,661.2861,2083.819,29598.1,1
"emission_li7810_stem","2000-01-10 01:00:00.000",0,661.5831,2084.193,29596.5,1
"emission_li7810_stem","2000-01-10 01:00:01.000",1,662.3182,2084.428,29598.3,1
"emission_li7810_stem","2000-01-10 01:00:02.000",2,663.6836,2084.99,29597.4,1
"emission_li7810_stem","2000-01-10 01:00:03.000",3,663.1933,2085.191,29599,1
"emission_li7810_stem","2000-01-10 01:00:04.000",4,664.1082,2085.582,29602.8,1
"emission_li7810_stem","2000-01-10 01:00:05.000",5,665.1938,2085.82,29604.5,1
"emission_li7810_stem","2000-01-10 01:00:06.000",6,665.7253,2086.324,29604.8,1
"emission_li7810_stem","2000-01-10 01:00:07.000",7,666.0783,2086.442,29604.7,1
"emission_li7810_stem","2000-01-10 01:00:08.000",8,666.9537,2087.064,29605.8,1
"emission_li7810_stem","2000-01-10 01:00:09.000",9,667.8168,2087.24,29603.3,1
"emission_li7810_stem","2000-01-10 01:00:10.000",10,668.7382,2087.834,29603.6,1
"emission_li7810_stem","2000-01-10 01:00:11.000",11,669.3534,2087.986,29602.9,1
"emission_li7810_stem","2000-01-10 01:00:12.000",12,670.1324,2088.416,29604.3,1
"emission_li7810_stem","2000-01-10 01:00:13.000",13,670.4916,2088.582,29605.2,1
"emission_li7810_stem","2000-01-10 01:00:14.000",14,671.1406,2089.073,29609.3,1
"emission_li7810_stem","2000-01-10 01:00:15.000",15,671.5118,2089.58,29612.6,1
"emission_li7810_stem","2000-01-10 01:00:16.000",16,672.3958,2089.753,29618,1
"emission_li7810_stem","2000-01-10 01:00:17.000",17,672.5596,2089.954,29619,1
"emission_li7810_stem","2000-01-10 01:00:18.000",18,673.8818,2090.205,29621.4,1
"emission_li7810_stem","2000-01-10 01:00:19.000",19,673.9414,2090.601,29622.6,1
"emission_li7810_stem","2000-01-10 01:00:20.000",20,675.0894,2091.056,29619.5,1
"emission_li7810_stem","2000-01-10 01:00:21.000",21,676.2044,2091.478,29619.1,1
"emission_li7810_stem","2000-01-10 01:00:22.000",22,676.8941,2091.707,29617.9,1
"emission_li7810_stem","2000-01-10 01:00:23.000",23,677.5514,2092.044,29616.1,1
"emission_li7810_stem","2000-01-10 01:00:24.000",24,678.4158,2092.615,29616.9,1
"emission_li7810_stem","2000-01-10 01:00:25.000",25,678.7614,2092.852,29615.8,1
"emission_li7810_stem","2000-01-10 01:00:26.000",26,678.5633,2092.882,29611.8,1
"emission_li7810_stem","2000-01-10 01:00:27.000",27,679.538,2093.24,29613.2,1
"emission_li7810_stem","2000-01-10 01:00:28.000",28,679.9481,2093.768,29611.6,1
"emission_li7810_stem","2000-01-10 01:00:29.000",29,681.9777,2094.134,29613.3,1
"emission_li7810_stem","2000-01-10 01:00:30.000",30,681.0889,2094.493,29616.9,1
"emission_li7810_stem","2000-01-10 01:00:31.000",31,682.7942,2094.934,29616.7,1
"emission_li7810_stem","2000-01-10 01:00:32.000",32,682.9573,2095.17,29617.4,1
"emission_li7810_stem","2000-01-10 01:00:33.000",33,683.9681,2095.505,29620.3,1
"emission_li7810_stem","2000-01-10 01:00:34.000",34,683.8856,2095.536,29621.6,1
"emission_li7810_stem","2000-01-10 01:00:35.000",35,684.3619,2096.072,29621.3,1
"emission_li7810_stem","2000-01-10 01:00:36.000",36,685.6653,2096.407,29624.1,1
"emission_li7810_stem","2000-01-10 01:00:37.000",37,686.173,2096.882,29624.9,1
"emission_li7810_stem","2000-01-10 01:00:38.000",38,686.8646,2096.998,29629.2,1
"emission_li7810_stem","2000-01-10 01:00:39.000",39,687.0063,2097.544,29631.7,1
"emission_li7810_stem","2000-01-10 01:00:40.000",40,687.5471,2097.71,29634.4,1
"emission_li7810_stem","2000-01-10 01:00:41.000",41,688.665,2098.137,29635.3,1
"emission_li7810_stem","2000-01-10 01:00:42.000",42,689.7234,2098.381,29637.9,1
"emission_li7810_stem","2000-01-10 01:00:43.000",43,689.7761,2098.672,29638.8,1
"emission_li7810_stem","2000-01-10 01:00:44.000",44,691.257,2099.096,29642.9,1
"emission_li7810_stem","2000-01-10 01:00:45.000",45,691.0715,2099.584,29643.9,1
"emission_li7810_stem","2000-01-10 01:00:46.000",46,691.685,2099.874,29646.6,1
"emission_li7810_stem","2000-01-10 01:00:47.000",47,691.8592,2100.055,29649.3,1
"emission_li7810_stem","2000-01-10 01:00:48.000",48,692.9204,2100.508,29651.4,1
"emission_li7810_stem","2000-01-10 01:00:49.000",49,692.7834,2100.755,29654.3,1
"emission_li7810_stem","2000-01-10 01:00:50.000",50,693.7229,2101.348,29655.7,1
"emission_li7810_stem","2000-01-10 01:00:51.000",51,694.794,2101.42,29656.9,1
"emission_li7810_stem","2000-01-10 01:00:52.000",52,696.6905,2101.742,29659.7,1
"emission_li7810_stem","2000-01-10 01:00:53.000",53,696.6606,2102.038,29661,1
"emission_li7810_stem","2000-01-10 01:00:54.000",54,696.8066,2102.591,29660.9,1
"emission_li7810_stem","2000-01-10 01:00:55.000",55,697.0547,2102.791,29661.9,1
"emission_li7810_stem","2000-01-10 01:00:56.000",56,698.21,2102.938,29657.7,1
"emission_li7810_stem","2000-01-10 01:00:57.000",57,698.603,2103.507,29657.6,1
"emission_li7810_stem","2000-01-10 01:00:58.000",58,699.6473,2103.842,29652.1,1
"emission_li7810_stem","2000-01-10 01:00:59.000",59,699.7876,2104.022,29649.1,1
"emission_li7810_stem","2000-01-10 01:01:00.000",60,701.3117,2104.416,29647.7,1
"emission_li7810_stem","2000-01-10 01:01:01.000",61,701.1127,2104.808,29642.3,1
"emission_li7810_stem","2000-01-10 01:01:02.000",62,702.2828,2105.012,29640.2,1
"emission_li7810_stem","2000-01-10 01:01:03.000",63,702.4083,2105.358,29638.5,1
"emission_li7810_stem","2000-01-10 01:01:04.000",64,702.666,2105.962,29636.1,1
"emission_li7810_stem","2000-01-10 01:01:05.000",65,704.4578,2106.019,29631.4,1
"emission_li7810_stem","2000-01-10 01:01:06.000",66,703.9018,2106.605,29630.4,1
"emission_li7810_stem","2000-01-10 01:01:07.000",67,706.0233,2106.853,29627.3,1
"emission_li7810_stem","2000-01-10 01:01:08.000",68,706.0035,2106.998,29627.2,1
"emission_li7810_stem","2000-01-10 01:01:09.000",69,705.8614,2107.642,29625.4,1
"emission_li7810_stem","2000-01-10 01:01:10.000",70,706.8737,2107.943,29620.9,1
"emission_li7810_stem","2000-01-10 01:01:11.000",71,708.2372,2107.966,29619.3,1
"emission_li7810_stem","2000-01-10 01:01:12.000",72,708.7414,2108.661,29615,1
"emission_li7810_stem","2000-01-10 01:01:13.000",73,708.983,2109.133,29610.1,1
"emission_li7810_stem","2000-01-10 01:01:14.000",74,709.7558,2109.491,29610.4,1
"emission_li7810_stem","2000-01-10 01:01:15.000",75,710.685,2109.785,29609.4,1
"emission_li7810_stem","2000-01-10 01:01:16.000",76,710.7735,2110.154,29607.3,1
"emission_li7810_stem","2000-01-10 01:01:17.000",77,711.575,2110.449,29606.6,1
"emission_li7810_stem","2000-01-10 01:01:18.000",78,712.7796,2110.682,29603.5,1
"emission_li7810_stem","2000-01-10 01:01:19.000",79,713.2376,2111.176,29601,1
"emission_li7810_stem","2000-01-10 01:01:20.000",80,713.1063,2111.853,29601.7,1
"emission_li7810_stem","2000-01-10 01:01:21.000",81,713.9075,2112.258,29598.2,1
"emission_li7810_stem","2000-01-10 01:01:22.000",82,714.2667,2112.256,29593.3,1
"emission_li7810_stem","2000-01-10 01:01:23.000",83,715.2399,2112.725,29590.9,1
"emission_li7810_stem","2000-01-10 01:01:24.000",84,715.6387,2113.211,29583.2,1
"emission_li7810_stem","2000-01-10 01:01:25.000",85,717.1686,2113.406,29578.7,1
"emission_li7810_stem","2000-01-10 01:01:26.000",86,717.3946,2113.585,29571.4,1
"emission_li7810_stem","2000-01-10 01:01:27.000",87,716.8414,2114.128,29565.1,1
"emission_li7810_stem","2000-01-10 01:01:28.000",88,718.7482,2114.461,29558.8,1
"emission_li7810_stem","2000-01-10 01:01:29.000",89,719.4293,2114.771,29551.5,1
"emission_li7810_stem","2000-01-10 01:01:30.000",90,720.4346,2114.897,29542.7,1
"emission_li7810_stem","2000-01-10 01:01:31.000",91,720.6271,2115.669,29537.1,1
"emission_li7810_stem","2000-01-10 01:01:32.000",92,721.6171,2116.022,29533,1
"emission_li7810_stem","2000-01-10 01:01:33.000",93,721.7046,2116.196,29527.3,1
"emission_li7810_stem","2000-01-10 01:01:34.000",94,722.9301,2116.283,29524.4,1
"emission_li7810_stem","2000-01-10 01:01:35.000",95,723.3023,2116.75,29519.8,1
"emission_li7810_stem","2000-01-10 01:01:36.000",96,724.2128,2117.098,29518.1,1
"emission_li7810_stem","2000-01-10 01:01:37.000",97,724.2313,2117.527,29514.8,1
"emission_li7810_stem","2000-01-10 01:01:38.000",98,724.7776,2117.955,29510.2,1
"emission_li7810_stem","2000-01-10 01:01:39.000",99,726.0317,2118.213,29508.9,1
"emission_li7810_stem","2000-01-10 01:01:40.000",100,726.4806,2118.691,29504.7,1
"emission_li7810_stem","2000-01-10 01:01:41.000",101,727.0574,2118.781,29500.2,1
"emission_li7810_stem","2000-01-10 01:01:42.000",102,727.5599,2119.233,29498.3,1
"emission_li7810_stem","2000-01-10 01:01:43.000",103,728.1497,2119.616,29493.8,1
"emission_li7810_stem","2000-01-10 01:01:44.000",104,729.0738,2119.813,29490.8,1
"emission_li7810_stem","2000-01-10 01:01:45.000",105,729.5691,2120.186,29489.7,1
"emission_li7810_stem","2000-01-10 01:01:46.000",106,730.2435,2120.725,29484.5,1
"emission_li7810_stem","2000-01-10 01:01:47.000",107,731.2879,2120.987,29485.9,1
"emission_li7810_stem","2000-01-10 01:01:48.000",108,731.2513,2121.336,29483.5,1
"emission_li7810_stem","2000-01-10 01:01:49.000",109,732.3166,2121.545,29483.4,1
"emission_li7810_stem","2000-01-10 01:01:50.000",110,733.396,2122.025,29484.3,1
"emission_li7810_stem","2000-01-10 01:01:51.000",111,733.6426,2122.589,29482.6,1
"emission_li7810_stem","2000-01-10 01:01:52.000",112,734.5834,2122.639,29480.7,1
"emission_li7810_stem","2000-01-10 01:01:53.000",113,735.1111,2123.055,29480,1
"emission_li7810_stem","2000-01-10 01:01:54.000",114,735.8054,2123.33,29478.9,1
"emission_li7810_stem","2000-01-10 01:01:55.000",115,735.9366,2123.922,29477.7,1
"emission_li7810_stem","2000-01-10 01:01:56.000",116,737.0697,2124.144,29476.7,1
"emission_li7810_stem","2000-01-10 01:01:57.000",117,737.452,2124.533,29479.5,1
"emission_li7810_stem","2000-01-10 01:01:58.000",118,738.327,2124.77,29474.4,1
"emission_li7810_stem","2000-01-10 01:01:59.000",119,738.7009,2125.219,29472.9,1
"emission_li7810_stem","2000-01-10 01:02:00.000",120,738.9474,2125.389,29471.4,1
"emission_li7810_stem","2000-01-10 01:02:01.000",121,740.5998,2125.861,29469.9,1
"emission_li7810_stem","2000-01-10 01:02:02.000",122,740.9926,2125.968,29469,1
"emission_li7810_stem","2000-01-10 01:02:03.000",123,741.1151,2126.77,29470.1,1
"emission_li7810_stem","2000-01-10 01:02:04.000",124,741.3976,2127.123,29471.4,1
"emission_li7810_stem","2000-01-10 01:02:05.000",125,742.3421,2127.168,29472,1
"emission_li7810_stem","2000-01-10 01:02:06.000",126,742.2809,2127.461,29470.3,1
"emission_li7810_stem","2000-01-10 01:02:07.000",127,743.7154,2127.947,29469.4,1
"emission_li7810_stem","2000-01-10 01:02:08.000",128,744.3729,2128.297,29469.4,1
"emission_li7810_stem","2000-01-10 01:02:09.000",129,745.0784,2128.467,29468.9,1
"emission_li7810_stem","2000-01-10 01:02:10.000",130,745.2868,2129.094,29469,1
"emission_li7810_stem","2000-01-10 01:02:11.000",131,745.754,2129.202,29468.3,1
"emission_li7810_stem","2000-01-10 01:02:12.000",132,745.7418,2129.703,29465.3,1
"emission_li7810_stem","2000-01-10 01:02:13.000",133,746.5208,2129.96,29463.6,1
"emission_li7810_stem","2000-01-10 01:02:14.000",134,745.885,2130.331,29463.6,1
"emission_li7810_stem","2000-01-10 01:02:15.000",135,747.7464,2130.396,29459,1
"emission_li7810_stem","2000-01-10 01:02:16.000",136,748.9222,2130.652,29454.8,1
"emission_li7810_stem","2000-01-10 01:02:17.000",137,749.7572,2131.09,29456.1,1
"emission_li7810_stem","2000-01-10 01:02:18.000",138,749.6929,2131.45,29461.1,1
"emission_li7810_stem","2000-01-10 01:02:19.000",139,750.1829,2131.906,29462,1
"emission_li7810_stem","2000-01-10 01:02:20.000",140,750.8685,2132.252,29463.6,1
"emission_li7810_stem","2000-01-10 01:02:21.000",141,751.7559,2132.19,29465.2,1
"emission_li7810_stem","2000-01-10 01:02:22.000",142,752.6912,2132.559,29460.6,1
"emission_li7810_stem","2000-01-10 01:02:23.000",143,752.4872,2133.036,29455.3,1
"emission_li7810_stem","2000-01-10 01:02:24.000",144,752.4042,2133.35,29450.7,1
"emission_li7810_stem","2000-01-10 01:02:25.000",145,753.7893,2133.652,29442.3,1
"emission_li7810_stem","2000-01-10 01:02:26.000",146,755.1877,2134.271,29434.5,1
"emission_li7810_stem","2000-01-10 01:02:27.000",147,754.7589,2134.352,29427.3,1
"emission_li7810_stem","2000-01-10 01:02:28.000",148,756.8151,2134.714,29421,1
"emission_li7810_stem","2000-01-10 01:02:29.000",149,756.6334,2135.255,29413.9,1
"emission_li7810_stem","2000-01-10 01:02:30.000",150,757.5482,2135.307,29412.7,1
"emission_li7810_stem","2000-01-10 01:02:31.000",151,756.4292,2135.908,29409.9,1
"emission_li7810_stem","2000-01-10 01:02:32.000",152,758.7131,2136.081,29411.4,1
"emission_li7810_stem","2000-01-10 01:02:33.000",153,758.9659,2136.512,29411.3,1
"emission_li7810_stem","2000-01-10 01:02:34.000",154,760.2113,2136.654,29415.6,1
"emission_li7810_stem","2000-01-10 01:02:35.000",155,760.4235,2136.823,29414.4,1
"emission_li7810_stem","2000-01-10 01:02:36.000",156,761.0644,2137.425,29414.9,1
"emission_li7810_stem","2000-01-10 01:02:37.000",157,761.4435,2137.715,29414.3,1
"emission_li7810_stem","2000-01-10 01:02:38.000",158,762.3832,2137.891,29413.9,1
"emission_li7810_stem","2000-01-10 01:02:39.000",159,762.9598,2137.995,29414,1
"emission_li7810_stem","2000-01-10 01:02:40.000",160,762.6551,2138.743,29413.1,1
"emission_li7810_stem","2000-01-10 01:02:41.000",161,764.0493,2139.082,29414.7,1
"emission_li7810_stem","2000-01-10 01:02:42.000",162,763.9765,2139.144,29417.8,1
"emission_li7810_stem","2000-01-10 01:02:43.000",163,765.7017,2139.648,29417.7,1
"emission_li7810_stem","2000-01-10 01:02:44.000",164,766.1918,2139.954,29420.4,1
"emission_li7810_stem","2000-01-10 01:02:45.000",165,766.2164,2140.207,29425.2,1
"emission_li7810_stem","2000-01-10 01:02:46.000",166,767.3931,2140.569,29427.3,1
"emission_li7810_stem","2000-01-10 01:02:47.000",167,767.1225,2140.99,29431.5,1
"emission_li7810_stem","2000-01-10 01:02:48.000",168,768.0399,2140.884,29435.7,1
"emission_li7810_stem","2000-01-10 01:02:49.000",169,768.5975,2141.714,29437,1
"emission_li7810_stem","2000-01-10 01:02:50.000",170,768.313,2141.875,29440,1
"emission_li7810_stem","2000-01-10 01:02:51.000",171,769.371,2141.974,29441.4,1
"emission_li7810_stem","2000-01-10 01:02:52.000",172,769.9997,2142.671,29443.4,1
"emission_li7810_stem","2000-01-10 01:02:53.000",173,770.8573,2142.751,29443.1,1
"emission_li7810_stem","2000-01-10 01:02:54.000",174,771.9964,2143.225,29444.2,1
"emission_li7810_stem","2000-01-10 01:02:55.000",175,772.2229,2143.484,29443.8,1
"emission_li7810_stem","2000-01-10 01:02:56.000",176,773.192,2143.777,29445.9,1
"emission_li7810_stem","2000-01-10 01:02:57.000",177,772.4099,2144.092,29446.6,1
"emission_li7810_stem","2000-01-10 01:02:58.000",178,773.4193,2144.705,29450,1
"emission_li7810_stem","2000-01-10 01:02:59.000",179,774.0666,2144.88,29453.1,1
"emission_li7810_stem","2000-01-10 01:03:00.000",180,774.7405,2145.107,29458.1,1
"emission_li7810_stem","2000-01-10 01:03:01.000",181,776.4175,2145.495,29459.6,1
"emission_li7810_stem","2000-01-10 01:03:02.000",182,777.0868,2145.796,29461.3,1
"emission_li7810_stem","2000-01-10 01:03:03.000",183,777.3641,2146.197,29465.4,1
"emission_li7810_stem","2000-01-10 01:03:04.000",184,778.4194,2146.262,29469,1
"emission_li7810_stem","2000-01-10 01:03:05.000",185,778.7308,2146.841,29471,1
"emission_li7810_stem","2000-01-10 01:03:06.000",186,778.9715,2147.279,29475.5,1
"emission_li7810_stem","2000-01-10 01:03:07.000",187,780.4512,2147.574,29480,1
"emission_li7810_stem","2000-01-10 01:03:08.000",188,780.9595,2147.912,29480.6,1
"emission_li7810_stem","2000-01-10 01:03:09.000",189,781.0875,2148.101,29483.8,1
"emission_li7810_stem","2000-01-10 01:03:10.000",190,782.5659,2148.531,29485.4,1
"emission_li7810_stem","2000-01-10 01:03:11.000",191,783.6088,2149.172,29485.4,1
"emission_li7810_stem","2000-01-10 01:03:12.000",192,782.8595,2149.282,29485.3,1
"emission_li7810_stem","2000-01-10 01:03:13.000",193,783.2985,2149.571,29484.2,1
"emission_li7810_stem","2000-01-10 01:03:14.000",194,784.7084,2149.876,29483,1
"emission_li7810_stem","2000-01-10 01:03:15.000",195,784.2982,2150.111,29482.4,1
"emission_li7810_stem","2000-01-10 01:03:16.000",196,785.1051,2150.457,29482.2,1
"emission_li7810_stem","2000-01-10 01:03:17.000",197,786.2516,2150.783,29476,1
"emission_li7810_stem","2000-01-10 01:03:18.000",198,786.4061,2151.155,29475.4,1
"emission_li7810_stem","2000-01-10 01:03:19.000",199,787.4577,2151.594,29473.1,1
"emission_li7810_stem","2000-01-10 01:03:20.000",200,788.7811,2152.064,29470,1
"emission_li7810_stem","2000-01-10 01:03:21.000",201,788.6528,2152.357,29471.1,1
"emission_li7810_stem","2000-01-10 01:03:22.000",202,788.7654,2152.569,29467.8,1
"emission_li7810_stem","2000-01-10 01:03:23.000",203,790.6648,2153.048,29470.6,1
"emission_li7810_stem","2000-01-10 01:03:24.000",204,790.9842,2153.27,29470.2,1
"emission_li7810_stem","2000-01-10 01:03:25.000",205,790.9994,2153.764,29472.7,1
"emission_li7810_stem","2000-01-10 01:03:26.000",206,791.22,2154.053,29472.1,1
"emission_li7810_stem","2000-01-10 01:03:27.000",207,791.963,2154.291,29477,1
"emission_li7810_stem","2000-01-10 01:03:28.000",208,791.9857,2154.56,29475.6,1
"emission_li7810_stem","2000-01-10 01:03:29.000",209,792.5682,2155.021,29475.1,1
"emission_li7810_stem","2000-01-10 01:03:30.000",210,794.863,2155.307,29473.7,1
"emission_li7810_stem","2000-01-10 01:03:31.000",211,795.0065,2155.229,29474.5,1
"emission_li7810_stem","2000-01-10 01:03:32.000",212,795.4016,2155.756,29472.7,1
"emission_li7810_stem","2000-01-10 01:03:33.000",213,796.0344,2156.396,29469.8,1
"emission_li7810_stem","2000-01-10 01:03:34.000",214,797.3108,2156.327,29469.6,1
"emission_li7810_stem","2000-01-10 01:03:35.000",215,797.2701,2156.823,29466.3,1
"emission_li7810_stem","2000-01-10 01:03:36.000",216,797.6627,2157.27,29465.8,1
"emission_li7810_stem","2000-01-10 01:03:37.000",217,798.1263,2157.436,29466.2,1
"emission_li7810_stem","2000-01-10 01:03:38.000",218,798.9093,2157.853,29461.7,1
"emission_li7810_stem","2000-01-10 01:03:39.000",219,799.0008,2158.03,29460.7,1
"emission_li7810_stem","2000-01-10 01:03:40.000",220,799.9355,2158.745,29460,1
"emission_li7810_stem","2000-01-10 01:03:41.000",221,799.6789,2158.459,29456.4,1
"emission_li7810_stem","2000-01-10 01:03:42.000",222,801.2487,2158.805,29454.7,1
"emission_li7810_stem","2000-01-10 01:03:43.000",223,802.3183,2159.23,29453.3,1
"emission_li7810_stem","2000-01-10 01:03:44.000",224,802.4634,2159.536,29450.3,1
"emission_li7810_stem","2000-01-10 01:03:45.000",225,803.103,2159.74,29449,1
"emission_li7810_stem","2000-01-10 01:03:46.000",226,803.1523,2160.312,29445.8,1
"emission_li7810_stem","2000-01-10 01:03:47.000",227,804.6022,2160.556,29443.1,1
"emission_li7810_stem","2000-01-10 01:03:48.000",228,804.296,2160.861,29441.4,1
"emission_li7810_stem","2000-01-10 01:03:49.000",229,805.2151,2160.813,29437.6,1
"emission_li7810_stem","2000-01-10 01:03:50.000",230,806.4365,2161.422,29435.3,1
"emission_li7810_stem","2000-01-10 01:03:51.000",231,805.4053,2161.664,29435.5,1
"emission_li7810_stem","2000-01-10 01:03:52.000",232,805.747,2161.868,29430.4,1
"emission_li7810_stem","2000-01-10 01:03:53.000",233,806.5906,2162.369,29428.6,1
"emission_li7810_stem","2000-01-10 01:03:54.000",234,808.111,2162.736,29430,1
"emission_li7810_stem","2000-01-10 01:03:55.000",235,808.1058,2163.052,29430.2,1
"emission_li7810_stem","2000-01-10 01:03:56.000",236,808.978,2163.378,29429.5,1
"emission_li7810_stem","2000-01-10 01:03:57.000",237,809.7253,2163.786,29428.2,1
"emission_li7810_stem","2000-01-10 01:03:58.000",238,810.2889,2164.199,29427.9,1
"emission_li7810_stem","2000-01-10 01:03:59.000",239,810.7987,2164.524,29425,1
"emission_li7810_stem","2000-01-10 01:04:00.000",240,812.2991,2164.596,29421.1,1
"emission_li7810_stem","2000-01-10 01:04:01.000",241,811.5866,2165.106,29418.5,1
"emission_li7810_stem","2000-01-10 01:04:02.000",242,812.206,2165.317,29415.6,1
"emission_li7810_stem","2000-01-10 01:04:03.000",243,813.7123,2165.635,29411.4,1
"emission_li7810_stem","2000-01-10 01:04:04.000",244,813.899,2166.264,29410.1,1
"emission_li7810_stem","2000-01-10 01:04:05.000",245,814.3549,2166.324,29412.9,1
"emission_li7810_stem","2000-01-10 01:04:06.000",246,815.3902,2166.838,29410,1
"emission_li7810_stem","2000-01-10 01:04:07.000",247,815.6505,2166.972,29412.4,1
"emission_li7810_stem","2000-01-10 01:04:08.000",248,817.0725,2167.333,29412.8,1
"emission_li7810_stem","2000-01-10 01:04:09.000",249,817.4061,2167.775,29417.9,1
"emission_li7810_stem","2000-01-10 01:04:10.000",250,817.5109,2168.176,29419.4,1
"emission_li7810_stem","2000-01-10 01:04:11.000",251,818.0244,2168.505,29421,1
"emission_li7810_stem","2000-01-10 01:04:12.000",252,818.8129,2168.688,29424.1,1
"emission_li7810_stem","2000-01-10 01:04:13.000",253,819.3137,2169.243,29426.5,1
"emission_li7810_stem","2000-01-10 01:04:14.000",254,820.0685,2169.237,29429.9,1
"emission_li7810_stem","2000-01-10 01:04:15.000",255,820.4479,2169.616,29433.5,1
"emission_li7810_stem","2000-01-10 01:04:16.000",256,820.8818,2170.259,29435,1
"emission_li7810_stem","2000-01-10 01:04:17.000",257,822.2552,2170.167,29434.6,1
"emission_li7810_stem","2000-01-10 01:04:18.000",258,822.2244,2170.864,29433.7,1
"emission_li7810_stem","2000-01-10 01:04:19.000",259,823.3088,2171.065,29432.8,1
"emission_li7810_stem","2000-01-10 01:04:20.000",260,823.743,2171.111,29428.9,1
"emission_li7810_stem","2000-01-10 01:04:21.000",261,824.6666,2171.787,29429.8,1
"emission_li7810_stem","2000-01-10 01:04:22.000",262,824.2725,2171.973,29431.1,1
"emission_li7810_stem","2000-01-10 01:04:23.000",263,825.2109,2172.109,29432.2,1
"emission_li7810_stem","2000-01-10 01:04:24.000",264,826.2238,2172.74,29433,1
"emission_li7810_stem","2000-01-10 01:04:25.000",265,825.76,2172.802,29435.7,1
"emission_li7810_stem","2000-01-10 01:04:26.000",266,826.9168,2173.235,29438.1,1
"emission_li7810_stem","2000-01-10 01:04:27.000",267,827.6252,2173.567,29437.8,1
"emission_li7810_stem","2000-01-10 01:04:28.000",268,827.549,2174.153,29443.5,1
"emission_li7810_stem","2000-01-10 01:04:29.000",269,828.1632,2174.132,29442.3,1
"emission_li7810_stem","2000-01-10 01:04:30.000",270,829.0773,2174.101,29443.1,1
"emission_li7810_stem","2000-01-10 01:04:31.000",271,829.5263,2174.756,29444.1,1
"emission_li7810_stem","2000-01-10 01:04:32.000",272,829.7483,2175.19,29445.6,1
"emission_li7810_stem","2000-01-10 01:04:33.000",273,830.7754,2175.49,29447.6,1
"emission_li7810_stem","2000-01-10 01:04:34.000",274,832.5823,2175.752,29450.3,1
"emission_li7810_stem","2000-01-10 01:04:35.000",275,831.6612,2176.224,29451,1
"emission_li7810_stem","2000-01-10 01:04:36.000",276,833.1386,2176.432,29454.4,1
"emission_li7810_stem","2000-01-10 01:04:37.000",277,833.496,2176.825,29453.2,1
"emission_li7810_stem","2000-01-10 01:04:38.000",278,834.1157,2177.213,29453.8,1
"emission_li7810_stem","2000-01-10 01:04:39.000",279,835.0128,2177.296,29451.2,1
"emission_li7810_stem","2000-01-10 01:04:40.000",280,836.0232,2177.954,29450.2,1
"emission_li7810_stem","2000-01-10 01:04:41.000",281,836.2864,2178.038,29448.9,1
"emission_li7810_stem","2000-01-10 01:04:42.000",282,835.6335,2178.15,29448.2,1
"emission_li7810_stem","2000-01-10 01:04:43.000",283,836.5859,2178.785,29450.5,1
"emission_li7810_stem","2000-01-10 01:04:44.000",284,837.5416,2179.157,29448.4,1
"emission_li7810_stem","2000-01-10 01:04:45.000",285,838.2071,2179.331,29446.6,1
"emission_li7810_stem","2000-01-10 01:04:46.000",286,839.0063,2179.815,29444.7,1
"emission_li7810_stem","2000-01-10 01:04:47.000",287,839.5066,2180.374,29440.3,1
"emission_li7810_stem","2000-01-10 01:04:48.000",288,840.0562,2180.366,29439.1,1
"emission_li7810_stem","2000-01-10 01:04:49.000",289,840.3575,2180.892,29440,1
"emission_li7810_stem","2000-01-10 01:04:50.000",290,841.798,2181,29434.3,1
"emission_li7810_stem","2000-01-10 01:04:51.000",291,842.4366,2181.58,29436.8,1
"emission_li7810_stem","2000-01-10 01:04:52.000",292,843.1125,2181.967,29437,1
"emission_li7810_stem","2000-01-10 01:04:53.000",293,843.3226,2182.067,29437.5,1
"emission_li7810_stem","2000-01-10 01:04:54.000",294,843.5266,2182.536,29440.2,1
"emission_li7810_stem","2000-01-10 01:04:55.000",295,843.9659,2183.064,29442.9,1
"emission_li7810_stem","2000-01-10 01:04:56.000",296,844.6331,2183.287,29447.4,1
"emission_li7810_stem","2000-01-10 01:04:57.000",297,845.5714,2183.533,29451.3,1
"emission_li7810_stem","2000-01-10 01:04:58.000",298,846.5326,2183.818,29454.1,1
"emission_li7810_stem","2000-01-10 01:04:59.000",299,847.4814,2184.317,29456,1
"emission_li7810_stem","2000-01-10 01:05:00.000",300,848.0967,2184.787,29458.3,1
"emission_li7810_stem","2000-01-10 01:05:01.000",301,847.7503,2185.203,29460.1,1
"emission_li7810_stem","2000-01-10 01:05:02.000",302,849.1484,2185.418,29460.4,1
"emission_li7810_stem","2000-01-10 01:05:03.000",303,848.9838,2185.658,29463.9,1
"emission_li7810_stem","2000-01-10 01:05:04.000",304,850.0574,2185.925,29467.7,1
"emission_li7810_stem","2000-01-10 01:05:05.000",305,850.2539,2186.357,29470.6,1
"emission_li7810_stem","2000-01-10 01:05:06.000",306,850.4545,2186.508,29472.3,1
"emission_li7810_stem","2000-01-10 01:05:07.000",307,850.9595,2186.797,29475.5,1
"emission_li7810_stem","2000-01-10 01:05:08.000",308,851.5133,2186.992,29479.7,1
"emission_li7810_stem","2000-01-10 01:05:09.000",309,851.8034,2187.176,29486.4,1
"emission_li7810_stem","2000-01-10 01:05:10.000",310,852.8154,2187.77,29489.2,1
"emission_li7810_stem","2000-01-10 01:05:11.000",311,853.5355,2188.235,29498.2,1
"emission_li7810_stem","2000-01-10 01:05:12.000",312,854.2679,2188.447,29507.8,1
"emission_li7810_stem","2000-01-10 01:05:13.000",313,854.9002,2188.753,29522.2,1
"emission_li7810_stem","2000-01-10 01:05:14.000",314,854.8461,2189.128,29537.4,1
"emission_li7810_stem","2000-01-10 01:05:15.000",315,855.0301,2189.66,29551.3,1
"emission_li7810_stem","2000-01-10 01:05:16.000",316,856.3902,2189.858,29561.9,1
"emission_li7810_stem","2000-01-10 01:05:17.000",317,856.6072,2190.152,29572.8,1
"emission_li7810_stem","2000-01-10 01:05:18.000",318,856.8464,2190.121,29577.6,1
"emission_li7810_stem","2000-01-10 01:05:19.000",319,858.5574,2190.906,29581.8,1
"emission_li7810_stem","2000-01-10 01:05:20.000",320,858.7189,2191.16,29580.4,1
"emission_li7810_stem","2000-01-10 01:05:21.000",321,859.2963,2191.207,29577.2,1
"emission_li7810_stem","2000-01-10 01:05:22.000",322,859.4384,2191.94,29573,1
"emission_li7810_stem","2000-01-10 01:05:23.000",323,860.674,2192.421,29568.6,1
"emission_li7810_stem","2000-01-10 01:05:24.000",324,861.6293,2192.351,29563.3,1
"emission_li7810_stem","2000-01-10 01:05:25.000",325,862.0476,2192.783,29557.6,1
"emission_li7810_stem","2000-01-10 01:05:26.000",326,862.347,2192.838,29553.6,1
"emission_li7810_stem","2000-01-10 01:05:27.000",327,862.7396,2193.405,29547.5,1
"emission_li7810_stem","2000-01-10 01:05:28.000",328,863.7954,2193.959,29544,1
"emission_li7810_stem","2000-01-10 01:05:29.000",329,863.2455,2194.257,29541.1,1
"emission_li7810_stem","2000-01-10 01:05:30.000",330,864.3095,2194.669,29535.6,1
"emission_li7810_stem","2000-01-10 01:05:31.000",331,864.3774,2194.565,29531,1
"emission_li7810_stem","2000-01-10 01:05:32.000",332,866.139,2195.186,29527.2,1
"emission_li7810_stem","2000-01-10 01:05:33.000",333,865.9168,2195.576,29520.2,1
"emission_li7810_stem","2000-01-10 01:05:34.000",334,866.9546,2195.673,29515.4,1
"emission_li7810_stem","2000-01-10 01:05:35.000",335,867.6663,2196.177,29508.2,1
"emission_li7810_stem","2000-01-10 01:05:36.000",336,868.6484,2196.525,29501.4,1
"emission_li7810_stem","2000-01-10 01:05:37.000",337,868.9525,2196.978,29489.9,1
"emission_li7810_stem","2000-01-10 01:05:38.000",338,869.4392,2197.134,29486.1,1
"emission_li7810_stem","2000-01-10 01:05:39.000",339,870.3427,2197.341,29476.8,1
"emission_li7810_stem","2000-01-10 01:05:40.000",340,871.1776,2197.964,29469.1,1
"emission_li7810_stem","2000-01-10 01:05:41.000",341,871.392,2198.207,29464,1
"emission_li7810_stem","2000-01-10 01:05:42.000",342,871.8287,2198.457,29458.8,1
"emission_li7810_stem","2000-01-10 01:05:43.000",343,872.6345,2198.994,29454.8,1
"emission_li7810_stem","2000-01-10 01:05:44.000",344,872.9174,2199.014,29449.9,1
"emission_li7810_stem","2000-01-10 01:05:45.000",345,873.3609,2199.726,29450.9,1
"emission_li7810_stem","2000-01-10 01:05:46.000",346,873.2001,2199.935,29446.3,1
"emission_li7810_stem","2000-01-10 01:05:47.000",347,874.8798,2200.445,29446.1,1
"emission_li7810_stem","2000-01-10 01:05:48.000",348,875.7414,2200.685,29444.4,1
"emission_li7810_stem","2000-01-10 01:05:49.000",349,876.1119,2201.299,29445.3,1
"emission_li7810_stem","2000-01-10 01:05:50.000",350,877.1114,2201.283,29446.2,1
"emission_li7810_stem","2000-01-10 01:05:51.000",351,876.8099,2201.582,29449.4,1
"emission_li7810_stem","2000-01-10 01:05:52.000",352,876.9075,2201.737,29451.5,1
"emission_li7810_stem","2000-01-10 01:05:53.000",353,878.3664,2202.145,29454.2,1
"emission_li7810_stem","2000-01-10 01:05:54.000",354,878.2263,2202.361,29457.8,1
"emission_li7810_stem","2000-01-10 01:05:55.000",355,878.4023,2203.049,29459.9,1
"emission_li7810_stem","2000-01-10 01:05:56.000",356,878.3263,2203.153,29463.1,1
"emission_li7810_stem","2000-01-10 01:05:57.000",357,878.8865,2203.597,29465.4,1
"emission_li7810_stem","2000-01-10 01:05:58.000",358,880.2436,2203.805,29467.3,1
"emission_li7810_stem","2000-01-10 01:05:59.000",359,880.773,2204.198,29470.7,1
"emission_li7810_stem","2000-01-10 01:06:00.000",360,882.0621,2204.442,29470.4,1
"emission_li7810_stem","2000-01-10 01:06:01.000",361,881.6077,2204.851,29470.3,1
"emission_li7810_stem","2000-01-10 01:06:02.000",362,883.0092,2205.031,29475.1,1
"emission_li7810_stem","2000-01-10 01:06:03.000",363,882.6094,2205.359,29473.6,1
"emission_li7810_stem","2000-01-10 01:06:04.000",364,882.6785,2205.831,29475.7,1
"emission_li7810_stem","2000-01-10 01:06:05.000",365,883.6751,2205.82,29476,1
"emission_li7810_stem","2000-01-10 01:06:06.000",366,885.186,2206.048,29476.1,1
"emission_li7810_stem","2000-01-10 01:06:07.000",367,884.4584,2206.608,29478.3,1
"emission_li7810_stem","2000-01-10 01:06:08.000",368,885.2316,2206.871,29479.4,1
"emission_li7810_stem","2000-01-10 01:06:09.000",369,885.0994,2206.97,29476.9,1
"emission_li7810_stem","2000-01-10 01:06:10.000",370,886.2878,2207.276,29478.1,1
"emission_li7810_stem","2000-01-10 01:06:11.000",371,887.0346,2207.924,29475.3,1
"emission_li7810_stem","2000-01-10 01:06:12.000",372,888.1471,2208.199,29473.8,1
"emission_li7810_stem","2000-01-10 01:06:13.000",373,888.7468,2208.626,29472.9,1
"emission_li7810_stem","2000-01-10 01:06:14.000",374,889.3455,2208.654,29470.1,1
"emission_li7810_stem","2000-01-10 01:06:15.000",375,890.1354,2209.094,29469.8,1
"emission_li7810_stem","2000-01-10 01:06:16.000",376,889.7984,2209.211,29470.5,1
"emission_li7810_stem","2000-01-10 01:06:17.000",377,891.2686,2209.828,29470.8,1
"emission_li7810_stem","2000-01-10 01:06:18.000",378,892.393,2210.01,29467.8,1
"emission_li7810_stem","2000-01-10 01:06:19.000",379,892.7728,2210.319,29471.4,1
"emission_li7810_stem","2000-01-10 01:06:20.000",380,893.1682,2210.836,29472.5,1
"emission_li7810_stem","2000-01-10 01:06:21.000",381,893.0886,2211.122,29474.4,1
"emission_li7810_stem","2000-01-10 01:06:22.000",382,894.3423,2211.16,29474.1,1
"emission_li7810_stem","2000-01-10 01:06:23.000",383,894.3823,2211.618,29477.7,1
"emission_li7810_stem","2000-01-10 01:06:24.000",384,894.1661,2212.138,29482,1
"emission_li7810_stem","2000-01-10 01:06:25.000",385,895.5466,2212.242,29483,1
"emission_li7810_stem","2000-01-10 01:06:26.000",386,896.119,2212.572,29488.3,1
"emission_li7810_stem","2000-01-10 01:06:27.000",387,897.5317,2212.914,29491.4,1
"emission_li7810_stem","2000-01-10 01:06:28.000",388,897.1672,2213.088,29493.1,1
"emission_li7810_stem","2000-01-10 01:06:29.000",389,897.8541,2213.726,29491.2,1
"emission_li7810_stem","2000-01-10 01:06:30.000",390,898.2662,2213.97,29491.1,1
"emission_li7810_stem","2000-01-10 01:06:31.000",391,898.7839,2214.036,29485.9,1
"emission_li7810_stem","2000-01-10 01:06:32.000",392,898.7988,2214.338,29484.4,1
"emission_li7810_stem","2000-01-10 01:06:33.000",393,899.8457,2214.726,29485.1,0
"emission_li7810_stem","2000-01-10 01:06:34.000",394,900.8106,2215.119,29488.5,0
"emission_li7810_stem","2000-01-10 01:06:35.000",395,901.6369,2215.306,29490.5,0
"emission_li7810_stem","2000-01-10 01:06:36.000",396,902.0584,2215.701,29496.6,0
"emission_li7810_stem","2000-01-10 01:06:37.000",397,901.7754,2216.06,29500.1,0
"emission_li7810_stem","2000-01-10 01:06:38.000",398,903.0577,2216.45,29505.9,0
"emission_li7810_stem","2000-01-10 01:06:39.000",399,903.6822,2217.054,29511.4,0
"emission_li7810_stem","2000-01-10 01:06:40.000",400,904.6204,2217.201,29515.4,0
"emission_li7810_stem","2000-01-10 01:06:41.000",401,905.32,2217.777,29521.8,0
"emission_li7810_stem","2000-01-10 01:06:42.000",402,905.7721,2217.571,29528.2,0
"emission_li7810_stem","2000-01-10 01:06:43.000",403,906.4827,2218.524,29534.1,0
"emission_li7810_stem","2000-01-10 01:06:44.000",404,905.9544,2218.518,29543.1,0
"emission_li7810_stem","2000-01-10 01:06:45.000",405,906.1755,2218.765,29549.4,0
"emission_li7810_stem","2000-01-10 01:06:46.000",406,907.4347,2219.029,29557,0
"emission_li7810_stem","2000-01-10 01:06:47.000",407,908.186,2219.181,29561.6,0
"emission_li7810_stem","2000-01-10 01:06:48.000",408,909.2792,2219.51,29565.7,0
"emission_li7810_stem","2000-01-10 01:06:49.000",409,909.331,2220.136,29572.6,0
"emission_li7810_stem","2000-01-10 01:06:50.000",410,909.3264,2220.504,29578.5,0
"emission_li7810_stem","2000-01-10 01:06:51.000",411,911.5399,2220.679,29584.6,0
"emission_li7810_stem","2000-01-10 01:06:52.000",412,911.2174,2221.224,29591.3,0
"emission_li7810_stem","2000-01-10 01:06:53.000",413,912.4584,2221.347,29597,0
"emission_li7810_stem","2000-01-10 01:06:54.000",414,911.8185,2221.454,29602.4,0
"emission_li7810_stem","2000-01-10 01:06:55.000",415,913.0372,2221.878,29606.6,0
"emission_li7810_stem","2000-01-10 01:06:56.000",416,913.4657,2222.115,29608.9,0
"emission_li7810_stem","2000-01-10 01:06:57.000",417,914.0734,2222.768,29614.1,0
"emission_li7810_stem","2000-01-10 01:06:58.000",418,915.3066,2222.897,29612.7,0
"emission_li7810_stem","2000-01-10 01:06:59.000",419,876.5442,2220.748,29691.3,0
"emission_li7810_stem","2000-01-10 01:07:00.000",420,548.3355,2130.701,30693.5,0
"emission_li7810_stem","2000-01-10 01:07:01.000",421,941.8422,2224.963,31099.2,0
"emission_li7810_stem","2000-01-10 01:07:02.000",422,935.4967,2224.09,30311.6,0
"emission_li7810_stem","2000-01-10 01:07:03.000",423,932.1202,2223.746,29850.9,0
"emission_li7810_stem","2000-01-10 01:07:04.000",424,929.4765,2224.526,29719,0
"emission_li7810_stem","2000-01-10 01:07:05.000",425,927.4358,2224.123,29665,0
"emission_li7810_stem","2000-01-10 01:07:06.000",426,925.7201,2224.503,29643.2,0
"emission_li7810_stem","2000-01-10 01:07:07.000",427,918.8381,2223.93,29628.2,0
"emission_li7810_stem","2000-01-10 01:07:08.000",428,926.6434,2223.012,29761.4,0
"emission_li7810_stem","2000-01-10 01:07:09.000",429,917.9927,2221.063,29713.4,0
"emission_li7810_stem","2000-01-10 01:07:10.000",430,914.0226,2219.758,29643.9,0
"emission_li7810_stem","2000-01-10 01:07:11.000",431,910.1976,2218.031,29610.5,0
"emission_li7810_stem","2000-01-10 01:07:12.000",432,906.4393,2216.888,29596.3,0
"emission_li7810_stem","2000-01-10 01:07:13.000",433,903.148,2215.534,29588.7,0
"emission_li7810_stem","2000-01-10 01:07:14.000",434,899.6106,2214.709,29584.9,0
"emission_li7810_stem","2000-01-10 01:07:15.000",435,898.1519,2213.999,29581.8,0
"emission_li7810_stem","2000-01-10 01:07:16.000",436,897.1287,2213.94,29578.4,0
"emission_li7810_stem","2000-01-10 01:07:17.000",437,896.33,2213.84,29575.4,0
"emission_li7810_stem","2000-01-10 01:07:18.000",438,895.5151,2214.064,29576.4,0
"emission_li7810_stem","2000-01-10 01:07:19.000",439,895.8784,2214.015,29573.6,0
"emission_li7810_stem","2000-01-10 01:07:20.000",440,895.5908,2214.166,29574.8,0
"emission_li7810_stem","2000-01-10 01:07:21.000",441,896.6301,2214.285,29572.6,0
"emission_li7810_stem","2000-01-10 01:07:22.000",442,896.5372,2214.409,29572.6,0
"emission_li7810_stem","2000-01-10 01:07:23.000",443,896.6458,2214.726,29573.4,0
"emission_li7810_stem","2000-01-10 01:07:24.000",444,897.4678,2214.851,29571.7,0
"emission_li7810_stem","2000-01-10 01:07:25.000",445,897.4835,2215.036,29569.7,0
"emission_li7810_stem","2000-01-10 01:07:26.000",446,897.5362,2215.405,29567.5,0
"emission_li7810_stem","2000-01-10 01:07:27.000",447,898.8404,2215.76,29565.4,0
"emission_li7810_stem","2000-01-10 01:07:28.000",448,899.8088,2216.37,29564,0
"emission_li7810_stem","2000-01-10 01:07:29.000",449,900.1556,2217.05,29559.7,0
"emission_li7810_stem","2000-01-10 01:07:30.000",450,901.098,2216.743,29557.8,0
"emission_li7810_stem","2000-01-10 01:07:31.000",451,902.1077,2216.934,29555.1,0
"emission_li7810_stem","2000-01-10 01:07:32.000",452,901.8445,2217.154,29552.9,0
"emission_li7810_stem","2000-01-10 01:07:33.000",453,902.6304,2217.589,29551.3,0
"emission_li7810_stem","2000-01-10 01:07:34.000",454,903.5327,2217.898,29551.3,0
"emission_li7810_stem","2000-01-10 01:07:35.000",455,903.9717,2218.168,29549.5,0
"emission_li7810_stem","2000-01-10 01:07:36.000",456,904.2913,2218.585,29550.2,0
"emission_li7810_stem","2000-01-10 01:07:37.000",457,905.6232,2218.715,29550.7,0
"emission_li7810_stem","2000-01-10 01:07:38.000",458,905.7166,2219.189,29550.1,0
"emission_li7810_stem","2000-01-10 01:07:39.000",459,906.4647,2219.608,29551.9,0
"emission_li7810_stem","2000-01-10 01:07:40.000",460,906.4097,2219.787,29550.3,0
"emission_li7810_stem","2000-01-10 01:07:41.000",461,907.301,2220.154,29551.1,0
"emission_li7810_stem","2000-01-10 01:07:42.000",462,908.7688,2220.664,29550.5,0
"emission_li7810_stem","2000-01-10 01:07:43.000",463,909.1451,2220.789,29551.8,0
"emission_li7810_stem","2000-01-10 01:07:44.000",464,910.0319,2221.223,29552.7,0
"emission_li7810_stem","2000-01-10 01:07:45.000",465,910.3689,2221.52,29552.8,0
"emission_li7810_stem","2000-01-10 01:07:46.000",466,910.5664,2221.733,29553.1,0
"emission_li7810_stem","2000-01-10 01:07:47.000",467,911.7809,2222.06,29554.7,0
"emission_li7810_stem","2000-01-10 01:07:48.000",468,912.0882,2222.501,29559.8,0
"emission_li7810_stem","2000-01-10 01:07:49.000",469,912.4779,2222.682,29557.9,0
"emission_li7810_stem","2000-01-10 01:07:50.000",470,913.64,2223.192,29558.6,0
"emission_li7810_stem","2000-01-10 01:07:51.000",471,913.4889,2223.532,29561.5,0
"emission_li7810_stem","2000-01-10 01:07:52.000",472,915.2866,2223.676,29560.5,0
"emission_li7810_stem","2000-01-10 01:07:53.000",473,915.4772,2223.955,29562.1,0
"emission_li7810_stem","2000-01-10 01:07:54.000",474,915.386,2224.445,29559.8,0
"emission_li7810_stem","2000-01-10 01:07:55.000",475,916.9589,2224.697,29562.6,0
"emission_li7810_stem","2000-01-10 01:07:56.000",476,917.8317,2225.342,29562.9,0
"emission_li7810_stem","2000-01-10 01:07:57.000",477,918.065,2225.563,29562.4,0
"emission_li7810_stem","2000-01-10 01:07:58.000",478,918.6241,2225.55,29563.4,0
"emission_li7810_stem","2000-01-10 01:07:59.000",479,918.0722,2226.114,29564.5,0
"emission_li7810_stem","2000-01-10 01:08:00.000",480,919.089,2226.707,29566.1,0
"emission_li7810_stem","2000-01-10 01:08:01.000",481,921.0245,2226.448,29568.3,0
"emission_li7810_stem","2000-01-10 01:08:02.000",482,920.4837,2226.958,29572.8,0
"emission_li7810_stem","2000-01-10 01:08:03.000",483,921.2648,2227.242,29575.6,0
"emission_li7810_stem","2000-01-10 01:08:04.000",484,922.068,2227.689,29576.8,0
"emission_li7810_stem","2000-01-10 01:08:05.000",485,923.8242,2228.01,29580.9,0
"emission_li7810_stem","2000-01-10 01:08:06.000",486,923.0774,2228.261,29581.4,0
"emission_li7810_stem","2000-01-10 01:08:07.000",487,923.2717,2228.746,29584.2,0
"emission_li7810_stem","2000-01-10 01:08:08.000",488,923.7247,2228.838,29583.7,0
"emission_li7810_stem","2000-01-10 01:08:09.000",489,924.3946,2229.215,29586.2,0
"emission_li7810_stem","2000-01-10 01:08:10.000",490,926.2668,2229.326,29583.4,0
"emission_li7810_stem","2000-01-10 01:08:11.000",491,926.2374,2229.947,29582,0
"emission_li7810_stem","2000-01-10 01:08:12.000",492,926.7737,2230.068,29578.5,0
"emission_li7810_stem","2000-01-10 01:08:13.000",493,927.9084,2230.453,29574.9,0
"emission_li7810_stem","2000-01-10 01:08:14.000",494,927.829,2230.741,29572.7,0
"emission_li7810_stem","2000-01-10 01:08:15.000",495,928.9673,2231.428,29571.4,0
"emission_li7810_stem","2000-01-10 01:08:16.000",496,929.0065,2231.275,29570.2,0
"emission_li7810_stem","2000-01-10 01:08:17.000",497,930.9568,2231.79,29569,0
"emission_li7810_stem","2000-01-10 01:08:18.000",498,930.8591,2231.788,29570.1,0
"emission_li7810_stem","2000-01-10 01:08:19.000",499,931.6943,2232.42,29566.8,0
"emission_li7810_stem","2000-01-10 01:08:20.000",500,932.1069,2232.653,29566.7,0
"emission_li7810_stem","2000-01-10 01:08:21.000",501,932.5948,2233.116,29567.8,0
"emission_li7810_stem","2000-01-10 01:08:22.000",502,933.9499,2233.415,29566.2,0
"emission_li7810_stem","2000-01-10 01:08:23.000",503,933.7333,2233.663,29566.1,0
"emission_li7810_stem","2000-01-10 01:08:24.000",504,934.5342,2233.793,29568.2,0
"emission_li7810_stem","2000-01-10 01:08:25.000",505,934.6387,2234.395,29569.9,0
"emission_li7810_stem","2000-01-10 01:08:26.000",506,935.1339,2234.554,29570.2,0
"emission_li7810_stem","2000-01-10 01:08:27.000",507,935.3879,2234.69,29569.1,0
"emission_li7810_stem","2000-01-10 01:08:28.000",508,935.7397,2235.074,29567.3,0
"emission_li7810_stem","2000-01-10 01:08:29.000",509,937.5938,2235.279,29571.1,0
"emission_li7810_stem","2000-01-10 01:08:30.000",510,938.096,2235.496,29570.7,0
"emission_li7810_stem","2000-01-10 01:08:31.000",511,938.4182,2236.062,29570.6,0
"emission_li7810_stem","2000-01-10 01:08:32.000",512,937.7442,2236.34,29572,0
"emission_li7810_stem","2000-01-10 01:08:33.000",513,938.4209,2236.591,29572,0
"emission_li7810_stem","2000-01-10 01:08:34.000",514,939.6987,2236.944,29570.6,0
"emission_li7810_stem","2000-01-10 01:08:35.000",515,939.8034,2237.27,29568.4,0
"emission_li7810_stem","2000-01-10 01:08:36.000",516,940.642,2237.609,29567.5,0
"emission_li7810_stem","2000-01-10 01:08:37.000",517,940.6583,2237.396,29567.3,0
"emission_li7810_stem","2000-01-10 01:08:38.000",518,940.1911,2237.843,29570.1,0
"emission_li7810_stem","2000-01-10 01:08:39.000",519,941.2567,2238.161,29569,0
"emission_li7810_stem","2000-01-10 01:08:40.000",520,941.7144,2238.65,29571.4,0
"emission_li7810_stem","2000-01-10 01:08:41.000",521,942.9721,2238.807,29573.5,0
"emission_li7810_stem","2000-01-10 01:08:42.000",522,943.6573,2239.122,29575.3,0
"emission_li7810_stem","2000-01-10 01:08:43.000",523,943.9307,2239.24,29576.7,0
"emission_li7810_stem","2000-01-10 01:08:44.000",524,944.4891,2239.738,29577.9,0
"emission_li7810_stem","2000-01-10 01:08:45.000",525,944.8347,2240.008,29579.9,0
"emission_li7810_stem","2000-01-10 01:08:46.000",526,945.161,2240.353,29585.6,0
"emission_li7810_stem","2000-01-10 01:08:47.000",527,945.86,2240.432,29586.3,0
"emission_li7810_stem","2000-01-10 01:08:48.000",528,946.5077,2240.995,29588.3,0
"emission_li7810_stem","2000-01-10 01:08:49.000",529,946.9768,2241.404,29589.3,0
"emission_li7810_stem","2000-01-10 01:08:50.000",530,948.0992,2241.365,29589.7,0
"emission_li7810_stem","2000-01-10 01:08:51.000",531,948.1178,2241.802,29593.3,0
"emission_li7810_stem","2000-01-10 01:08:52.000",532,948.9801,2241.912,29597.1,0
"emission_li7810_stem","2000-01-10 01:08:53.000",533,949.2138,2242.635,29600.8,0
"emission_li7810_stem","2000-01-10 01:08:54.000",534,950.5211,2242.823,29603.4,0
"emission_li7810_stem","2000-01-10 01:08:55.000",535,949.9048,2243.214,29609.3,0
"emission_li7810_stem","2000-01-10 01:08:56.000",536,951.2973,2243.308,29608,0
"emission_li7810_stem","2000-01-10 01:08:57.000",537,951.4698,2243.744,29608.5,0
"emission_li7810_stem","2000-01-10 01:08:58.000",538,952.2841,2243.83,29606.3,0
"emission_li7810_stem","2000-01-10 01:08:59.000",539,952.8286,2244.281,29607.7,0
"emission_li7810_stem","2000-01-10 01:09:00.000",540,953.1547,2244.438,29605.3,0
"emission_li7810_stem","2000-01-10 01:09:01.000",541,953.6211,2244.718,29603.6,0
"emission_li7810_stem","2000-01-10 01:09:02.000",542,954.1452,2245.175,29601.6,0
"emission_li7810_stem","2000-01-10 01:09:03.000",543,954.6703,2245.492,29602.1,0
"emission_li7810_stem","2000-01-10 01:09:04.000",544,955.3851,2245.964,29599.5,0
"emission_li7810_stem","2000-01-10 01:09:05.000",545,956.0367,2245.894,29597.2,0
"emission_li7810_stem","2000-01-10 01:09:06.000",546,956.6114,2246.178,29592.5,0
"emission_li7810_stem","2000-01-10 01:09:07.000",547,957.1786,2246.72,29589.8,0
"emission_li7810_stem","2000-01-10 01:09:08.000",548,957.5378,2247.093,29584.1,0
"emission_li7810_stem","2000-01-10 01:09:09.000",549,958.4098,2247.19,29579.2,0
"emission_li7810_stem","2000-01-10 01:09:10.000",550,958.8702,2247.543,29576.7,0
"emission_li7810_stem","2000-01-10 01:09:11.000",551,958.1765,2247.878,29575,0
"emission_li7810_stem","2000-01-10 01:09:12.000",552,960.7256,2248.227,29572.1,0
"emission_li7810_stem","2000-01-10 01:09:13.000",553,960.9258,2248.4,29565.9,0
"emission_li7810_stem","2000-01-10 01:09:14.000",554,960.932,2248.775,29566.3,0
"emission_li7810_stem","2000-01-10 01:09:15.000",555,961.5073,2248.984,29562.2,0
"emission_li7810_stem","2000-01-10 01:09:16.000",556,962.4452,2249.33,29561.6,0
"emission_li7810_stem","2000-01-10 01:09:17.000",557,962.3153,2249.425,29559.1,0
"emission_li7810_stem","2000-01-10 01:09:18.000",558,962.7562,2249.78,29560.8,0
"emission_li7810_stem","2000-01-10 01:09:19.000",559,963.9608,2249.761,29558.5,0
"emission_li7810_stem","2000-01-10 01:09:20.000",560,964.1774,2250.377,29558.3,0
"emission_li7810_stem","2000-01-10 01:09:21.000",561,964.3878,2250.503,29558.7,0
"emission_li7810_stem","2000-01-10 01:09:22.000",562,964.9955,2250.936,29560.3,0
"emission_li7810_stem","2000-01-10 01:09:23.000",563,965.4508,2250.758,29559.8,0
"emission_li7810_stem","2000-01-10 01:09:24.000",564,965.7044,2251.458,29561.9,0
"emission_li7810_stem","2000-01-10 01:09:25.000",565,965.7366,2251.694,29564.9,0
"emission_li7810_stem","2000-01-10 01:09:26.000",566,967.0871,2251.577,29566.7,0
"emission_li7810_stem","2000-01-10 01:09:27.000",567,967.5562,2252.324,29571,0
"emission_li7810_stem","2000-01-10 01:09:28.000",568,967.2756,2252.57,29573.6,0
"emission_li7810_stem","2000-01-10 01:09:29.000",569,968.7644,2252.709,29575.4,0
"emission_li7810_stem","2000-01-10 01:09:30.000",570,968.8538,2252.907,29578.3,0
"emission_li7810_stem","2000-01-10 01:09:31.000",571,968.0109,2253.44,29580.9,0
"emission_li7810_stem","2000-01-10 01:09:32.000",572,969.635,2253.45,29581.8,0
"emission_li7810_stem","2000-01-10 01:09:33.000",573,970.7296,2253.83,29583.7,0
"emission_li7810_stem","2000-01-10 01:09:34.000",574,970.3737,2254.115,29583.7,0
"emission_li7810_stem","2000-01-10 01:09:35.000",575,971.822,2254.42,29584.5,0
"emission_li7810_stem","2000-01-10 01:09:36.000",576,971.6036,2254.424,29586.1,0
"emission_li7810_stem","2000-01-10 01:09:37.000",577,972.2457,2254.985,29587.9,0
"emission_li7810_stem","2000-01-10 01:09:38.000",578,972.9367,2255.271,29588.1,0
"emission_li7810_stem","2000-01-10 01:09:39.000",579,973.3308,2255.198,29591.3,0
"emission_li7810_stem","2000-01-10 01:09:40.000",580,973.4733,2255.663,29594.5,0
"emission_li7810_stem","2000-01-10 01:09:41.000",581,974.1417,2255.937,29598.2,0
"emission_li7810_stem","2000-01-10 01:09:42.000",582,974.6564,2256.424,29600.8,0
"emission_li7810_stem","2000-01-10 01:09:43.000",583,975.7031,2256.449,29604.2,0
"emission_li7810_stem","2000-01-10 01:09:44.000",584,977.0032,2256.868,29604.5,0
"emission_li7810_stem","2000-01-10 01:09:45.000",585,977.071,2257.195,29609.4,0
"emission_li7810_stem","2000-01-10 01:09:46.000",586,977.1311,2257.421,29608.2,0
"emission_li7810_stem","2000-01-10 01:09:47.000",587,977.4071,2257.596,29607.6,0
"emission_li7810_stem","2000-01-10 01:09:48.000",588,977.7014,2258.112,29609.3,0
"emission_li7810_stem","2000-01-10 01:09:49.000",589,978.8207,2258.181,29609.6,0
"emission_li7810_stem","2000-01-10 01:09:50.000",590,978.6666,2258.457,29607.7,0
"emission_li7810_stem","2000-01-10 01:09:51.000",591,979.7318,2258.83,29608.6,0
"emission_li7810_stem","2000-01-10 01:09:52.000",592,980.0421,2259.125,29605.9,0
"emission_li7810_stem","2000-01-10 01:09:53.000",593,981.4368,2259.046,29601.3,0
"emission_li7810_stem","2000-01-10 01:09:54.000",594,981.7571,2259.816,29597.6,0
"emission_li7810_stem","2000-01-10 01:09:55.000",595,981.7642,2259.754,29592.4,0
"emission_li7810_stem","2000-01-10 01:09:56.000",596,982.1205,2260.237,29591.5,0
"emission_li7810_stem","2000-01-10 01:09:57.000",597,982.7205,2260.387,29585.2,0
"emission_li7810_stem","2000-01-10 01:09:58.000",598,983.2441,2260.816,29578.9,0
"emission_li7810_stem","2000-01-10 01:09:59.000",599,984.1885,2261.1,29575.8,0
"emission_li7810_stem","2000-01-10 01:10:00.000",600,984.1163,2261.364,29571.3,0
"emission_li7810_stem","2000-01-10 01:10:01.000",601,985.1721,2261.562,29570,0
"emission_li7810_stem","2000-01-10 01:10:02.000",602,985.6957,2261.78,29565.1,0
"emission_li7810_stem","2000-01-10 01:10:03.000",603,986.5204,2262.369,29565.5,0
"emission_li7810_stem","2000-01-10 01:10:04.000",604,987.3709,2262.294,29565.4,0
"emission_li7810_stem","2000-01-10 01:10:05.000",605,987.1838,2262.509,29566.7,0
"emission_li7810_stem","2000-01-10 01:10:06.000",606,987.2848,2263.092,29566.5,0
"emission_li7810_stem","2000-01-10 01:10:07.000",607,988.2224,2263.305,29568.5,0
"emission_li7810_stem","2000-01-10 01:10:08.000",608,989.0884,2263.533,29569.3,0
"emission_li7810_stem","2000-01-10 01:10:09.000",609,989.2134,2263.985,29570.8,0
"emission_li7810_stem","2000-01-10 01:10:10.000",610,989.1877,2264.135,29570,0
"emission_li7810_stem","2000-01-10 01:10:11.000",611,990.0821,2264.49,29570.4,0
"emission_li7810_stem","2000-01-10 01:10:12.000",612,990.869,2264.887,29567.4,0
"emission_li7810_stem","2000-01-10 01:10:13.000",613,992.014,2264.962,29568.5,0
"emission_li7810_stem","2000-01-10 01:10:14.000",614,991.8828,2265.349,29570.3,0
"emission_li7810_stem","2000-01-10 01:10:15.000",615,992.2692,2265.45,29572.2,0
"emission_li7810_stem","2000-01-10 01:10:16.000",616,992.765,2265.84,29574.3,0
"emission_li7810_stem","2000-01-10 01:10:17.000",617,994.6458,2266.146,29573.6,0
"emission_li7810_stem","2000-01-10 01:10:18.000",618,994.2048,2266.5,29577.6,0
"emission_li7810_stem","2000-01-10 01:10:19.000",619,994.9031,2266.738,29575.8,0
"emission_li7810_stem","2000-01-10 01:10:20.000",620,995.338,2266.978,29576.4,0
"emission_li7810_stem","2000-01-10 01:10:21.000",621,995.2422,2267.109,29576.5,0
"emission_li7810_stem","2000-01-10 01:10:22.000",622,996.3767,2267.578,29573.9,0
"emission_li7810_stem","2000-01-10 01:10:23.000",623,996.3609,2268.015,29573.9,0
"emission_li7810_stem","2000-01-10 01:10:24.000",624,996.96,2268.418,29572.1,0
"emission_li7810_stem","2000-01-10 01:10:25.000",625,997.9526,2268.504,29570.8,0
"emission_li7810_stem","2000-01-10 01:10:26.000",626,998.6702,2268.731,29569.6,0
"emission_li7810_stem","2000-01-10 01:10:27.000",627,999.1475,2268.986,29566.3,0
"emission_li7810_stem","2000-01-10 01:10:28.000",628,999.8331,2269.475,29562.7,0
"emission_li7810_stem","2000-01-10 01:10:29.000",629,1000.3447,2269.501,29562.2,0
"emission_li7810_stem","2000-01-10 01:10:30.000",630,1000.4188,2269.614,29559,0
"emission_li7810_stem","2000-01-10 01:10:31.000",631,1002.0109,2270.129,29557.5,0
"emission_li7810_stem","2000-01-10 01:10:32.000",632,1002.2974,2270.454,29552,0
"emission_li7810_stem","2000-01-10 01:10:33.000",633,1002.4582,2270.413,29550.2,0
"emission_li7810_stem","2000-01-10 01:10:34.000",634,1002.4787,2270.967,29547.1,0
"emission_li7810_stem","2000-01-10 01:10:35.000",635,1002.8163,2271.201,29547.3,0
"emission_li7810_stem","2000-01-10 01:10:36.000",636,1003.9755,2271.278,29542.4,0
"emission_li7810_stem","2000-01-10 01:10:37.000",637,1004.3458,2271.614,29541.5,0
"emission_li7810_stem","2000-01-10 01:10:38.000",638,1004.7882,2271.948,29541.7,0
"emission_li7810_stem","2000-01-10 01:10:39.000",639,1005.561,2272.252,29536,0
"emission_li7810_stem","2000-01-10 01:10:40.000",640,1006.1212,2272.598,29537.1,0
"emission_li7810_stem","2000-01-10 01:10:41.000",641,1005.9464,2272.704,29535.7,0
"emission_li7810_stem","2000-01-10 01:10:42.000",642,1006.1093,2272.726,29536.6,0
"emission_li7810_stem","2000-01-10 01:10:43.000",643,1006.8176,2273.432,29536.2,0
"emission_li7810_stem","2000-01-10 01:10:44.000",644,1007.2586,2273.842,29535.9,0
"emission_li7810_stem","2000-01-10 01:10:45.000",645,1008.084,2273.993,29536.1,0
"emission_li7810_stem","2000-01-10 01:10:46.000",646,1008.9824,2274.214,29536.6,0
"emission_li7810_stem","2000-01-10 01:10:47.000",647,1009.3167,2274.348,29536,0
"emission_li7810_stem","2000-01-10 01:10:48.000",648,1009.2838,2274.641,29536.7,0
"emission_li7810_stem","2000-01-10 01:10:49.000",649,1009.7289,2274.886,29536.4,0
"emission_li7810_stem","2000-01-10 01:10:50.000",650,1010.2851,2275.152,29537.2,0
"emission_li7810_stem","2000-01-10 01:10:51.000",651,1011.6533,2275.28,29539.5,0
"emission_li7810_stem","2000-01-10 01:10:52.000",652,1011.3192,2275.754,29541.9,0
"emission_li7810_stem","2000-01-10 01:10:53.000",653,1012.2953,2276.065,29539.6,0
"emission_li7810_stem","2000-01-10 01:10:54.000",654,1012.8296,2276.209,29538.8,0
"emission_li7810_stem","2000-01-10 01:10:55.000",655,1013.4489,2276.754,29538.3,0
"emission_li7810_stem","2000-01-10 01:10:56.000",656,1013.6194,2276.556,29535.3,0
"emission_li7810_stem","2000-01-10 01:10:57.000",657,1014.2668,2277.287,29533.5,0
"emission_li7810_stem","2000-01-10 01:10:58.000",658,1015.4314,2277.348,29529.2,0
"emission_li7810_stem","2000-01-10 01:10:59.000",659,1016.0389,2277.713,29527.5,0
"emission_li7810_stem","2000-01-10 01:11:00.000",660,1016.2959,2277.844,29524.5,0
"emission_li7810_stem","2000-01-10 01:11:01.000",661,1016.6971,2278.13,29522.2,0
"emission_li7810_stem","2000-01-10 01:11:02.000",662,1017.0909,2278.554,29520.1,0
"emission_li7810_stem","2000-01-10 01:11:03.000",663,1017.6319,2278.589,29516,0
"emission_li7810_stem","2000-01-10 01:11:04.000",664,1018.6595,2279.061,29516.5,0
"emission_li7810_stem","2000-01-10 01:11:05.000",665,1018.4207,2279.556,29513.2,0
"emission_li7810_stem","2000-01-10 01:11:06.000",666,1019.3306,2279.643,29511.2,0
"emission_li7810_stem","2000-01-10 01:11:07.000",667,1019.5946,2280.051,29510.9,0
"emission_li7810_stem","2000-01-10 01:11:08.000",668,1019.6981,2280.216,29508.4,0
"emission_li7810_stem","2000-01-10 01:11:09.000",669,1020.2897,2280.536,29505.4,0
"emission_li7810_stem","2000-01-10 01:11:10.000",670,1021.4543,2280.738,29502.4,0
"emission_li7810_stem","2000-01-10 01:11:11.000",671,1021.5104,2281.239,29498.2,0
"emission_li7810_stem","2000-01-10 01:11:12.000",672,1021.973,2281.503,29498,0
"emission_li7810_stem","2000-01-10 01:11:13.000",673,1022.2194,2281.762,29494.9,0
"emission_li7810_stem","2000-01-10 01:11:14.000",674,1022.9479,2282.111,29491.6,0
"emission_li7810_stem","2000-01-10 01:11:15.000",675,1023.9497,2282.499,29487.9,0
"emission_li7810_stem","2000-01-10 01:11:16.000",676,1023.9115,2282.539,29484.8,0
"emission_li7810_stem","2000-01-10 01:11:17.000",677,1024.925,2282.963,29484.9,0
"emission_li7810_stem","2000-01-10 01:11:18.000",678,1025.2426,2283.014,29483.7,0
"emission_li7810_stem","2000-01-10 01:11:19.000",679,1025.8566,2283.418,29479.8,0
"emission_li7810_stem","2000-01-10 01:11:20.000",680,1026.4814,2283.877,29482.5,0
"emission_li7810_stem","2000-01-10 01:11:21.000",681,1026.4803,2284.233,29484,0
"emission_li7810_stem","2000-01-10 01:11:22.000",682,1027.3129,2284.778,29483.1,0
"emission_li7810_stem","2000-01-10 01:11:23.000",683,1027.4639,2284.742,29481.5,0
"emission_li7810_stem","2000-01-10 01:11:24.000",684,1028.9684,2285.149,29483.6,0
"emission_li7810_stem","2000-01-10 01:11:25.000",685,1027.7762,2285.603,29484.1,0
"emission_li7810_stem","2000-01-10 01:11:26.000",686,1029.9828,2285.624,29483.8,0
"emission_li7810_stem","2000-01-10 01:11:27.000",687,1029.6838,2286.181,29485.2,0
"emission_li7810_stem","2000-01-10 01:11:28.000",688,1031.0763,2286.41,29488.8,0
"emission_li7810_stem","2000-01-10 01:11:29.000",689,1030.7185,2286.687,29489,0
"emission_li7810_stem","2000-01-10 01:11:30.000",690,1031.8654,2287.145,29491.6,0
"emission_li7810_stem","2000-01-10 01:11:31.000",691,1032.4966,2287.671,29490.4,0
"emission_li7810_stem","2000-01-10 01:11:32.000",692,1033.4937,2287.821,29490.3,0
"emission_li7810_stem","2000-01-10 01:11:33.000",693,1033.8058,2288.332,29491.3,0
"emission_li7810_stem","2000-01-10 01:11:34.000",694,1033.4581,2288.699,29491.6,0
"emission_li7810_stem","2000-01-10 01:11:35.000",695,1034.3333,2289.162,29491.8,0
"emission_li7810_stem","2000-01-10 01:11:36.000",696,1035.3857,2289.586,29490.8,0
"emission_li7810_stem","2000-01-10 01:11:37.000",697,1035.2695,2289.584,29486.8,0
"emission_li7810_stem","2000-01-10 01:11:38.000",698,1036.0439,2289.971,29482.7,0
"emission_li7810_stem","2000-01-10 01:11:39.000",699,1035.9814,2290.669,29480.7,0
"emission_li7810_stem","2000-01-10 01:11:40.000",700,1036.8373,2290.72,29479.4,0
"emission_li7810_stem","2000-01-10 01:11:41.000",701,1038.1815,2291.179,29478,0
"emission_li7810_stem","2000-01-10 01:11:42.000",702,1037.658,2291.294,29478.5,0
"emission_li7810_stem","2000-01-10 01:11:43.000",703,1038.8396,2291.695,29477.7,0
"emission_li7810_stem","2000-01-10 01:11:44.000",704,1039.1707,2292.405,29479.2,0
"emission_li7810_stem","2000-01-10 01:11:45.000",705,1039.8668,2292.53,29476.5,0
"emission_li7810_stem","2000-01-10 01:11:46.000",706,1040.2212,2292.645,29472.6,0
"emission_li7810_stem","2000-01-10 01:11:47.000",707,1041.2256,2293.275,29472.2,0
"emission_li7810_stem","2000-01-10 01:11:48.000",708,1041.6118,2293.501,29472.7,0
"emission_li7810_stem","2000-01-10 01:11:49.000",709,1041.8096,2293.671,29470.3,0
"emission_li7810_stem","2000-01-10 01:11:50.000",710,1042.7252,2293.866,29469.3,0
"emission_li7810_stem","2000-01-10 01:11:51.000",711,1043.2498,2294.407,29473.1,0
"emission_li7810_stem","2000-01-10 01:11:52.000",712,1044.0342,2294.755,29472.2,0
"emission_li7810_stem","2000-01-10 01:11:53.000",713,1044.3076,2295.138,29472.2,0
"emission_li7810_stem","2000-01-10 01:11:54.000",714,1043.9203,2295.588,29472.4,0
"emission_li7810_stem","2000-01-10 01:11:55.000",715,1044.5895,2295.842,29472.7,0
"emission_li7810_stem","2000-01-10 01:11:56.000",716,1044.9069,2296.096,29469.9,0
"emission_li7810_stem","2000-01-10 01:11:57.000",717,1046.1251,2296.613,29467.9,0
"emission_li7810_stem","2000-01-10 01:11:58.000",718,1045.9828,2296.649,29465.4,0
"emission_li7810_stem","2000-01-10 01:11:59.000",719,1046.598,2296.938,29464.2,0
"emission_li7810_stem","2000-01-10 01:12:00.000",720,1046.9937,2297.384,29461.9,0
